ngram,freq_no_desastre,freq_desastre,freq_total,prob_no_desastre,prob_desastre,log_odds,abs_log_odds
like,254,94,348,0.007112,0.003039,-0.8874,0.8874
just,234,89,323,0.006552,0.002878,-0.8598,0.8598
im,247,56,303,0.006916,0.001811,-1.3704,1.3704
not,205,94,299,0.00574,0.003039,-0.6741,0.6741
no,151,115,266,0.004228,0.003718,-0.1703,0.1703
new,171,56,227,0.004788,0.001811,-1.0045,1.0045
s,88,127,215,0.002464,0.004106,0.4633,0.4633
2,112,102,214,0.003136,0.003298,0.0073,0.0073
people,92,105,197,0.002576,0.003395,0.2308,0.2308
news,59,137,196,0.001652,0.00443,0.9329,0.9329
dont,142,51,193,0.003976,0.001649,-0.9117,0.9117
video,96,69,165,0.002688,0.002231,-0.2263,0.2263
emergency,81,77,158,0.002268,0.00249,0.0499,0.0499
disaster,37,121,158,0.001036,0.003912,1.2664,1.2664
police,34,109,143,0.000952,0.003524,1.2451,1.2451
3,84,52,136,0.002352,0.001681,-0.3724,0.3724
u,75,59,134,0.0021,0.001908,-0.1364,0.1364
body,115,14,129,0.00322,0.000453,-1.9456,1.9456
burning,57,64,121,0.001596,0.002069,0.2139,0.2139
storm,32,88,120,0.000896,0.002845,1.0921,1.0921
crash,34,85,119,0.000952,0.002748,0.9989,0.9989
suicide,7,112,119,0.000196,0.003621,2.7479,2.7479
day,86,32,118,0.002408,0.001035,-0.8695,0.8695
california,6,111,117,0.000168,0.003589,2.8725,2.8725
time,84,32,116,0.002352,0.001035,-0.8462,0.8462
man,65,51,116,0.00182,0.001649,-0.1385,0.1385
1,54,61,115,0.001512,0.001972,0.2197,0.2197
got,84,29,113,0.002352,0.000938,-0.9415,0.9415
know,86,27,113,0.002408,0.000873,-1.0338,1.0338
rt,62,49,111,0.001736,0.001584,-0.1312,0.1312
buildings,35,76,111,0.00098,0.002457,0.8602,0.8602
bomb,29,76,105,0.000812,0.002457,1.0426,1.0426
world,62,42,104,0.001736,0.001358,-0.282,0.282
going,76,28,104,0.002128,0.000905,-0.8766,0.8766
nuclear,31,73,104,0.000868,0.00236,0.9383,0.9383
love,91,11,102,0.002548,0.000356,-1.9369,1.9369
cant,81,21,102,0.002268,0.000679,-1.2157,1.2157
attack,30,71,101,0.00084,0.002296,0.9426,0.9426
fires,16,85,101,0.000448,0.002748,1.7211,1.7211
killed,4,95,99,0.000112,0.003072,3.0549,3.0549
year,40,58,98,0.00112,0.001875,0.4639,0.4639
dead,34,63,97,0.000952,0.002037,0.7035,0.7035
4,47,48,95,0.001316,0.001552,0.1206,0.1206
5,54,41,95,0.001512,0.001326,-0.1697,0.1697
car,34,60,94,0.000952,0.00194,0.6555,0.6555
train,14,79,93,0.000392,0.002554,1.7739,1.7739
hiroshima,1,91,92,2.8e-05,0.002942,3.9286,3.9286
life,61,31,92,0.001708,0.001002,-0.5614,0.5614
war,33,59,92,0.000924,0.001908,0.6679,0.6679
old,24,67,91,0.000672,0.002166,1.1006,1.1006
today,42,48,90,0.001176,0.001552,0.2306,0.2306
good,67,22,89,0.001876,0.000711,-0.9841,0.9841
accident,21,68,89,0.000588,0.002199,1.243,1.243
families,7,81,88,0.000196,0.002619,2.4272,2.4272
think,66,20,86,0.001848,0.000647,-1.0602,1.0602
say,49,37,86,0.001372,0.001196,-0.1745,0.1745
2015,34,51,85,0.000952,0.001649,0.4958,0.4958
watch,35,50,85,0.00098,0.001617,0.4483,0.4483
home,35,47,82,0.00098,0.00152,0.3876,0.3876
way,57,24,81,0.001596,0.000776,-0.7416,0.7416
did,59,22,81,0.001652,0.000711,-0.8589,0.8589
make,56,24,80,0.001568,0.000776,-0.7242,0.7242
want,67,13,80,0.001876,0.00042,-1.4805,1.4805
years,26,53,79,0.000728,0.001714,0.7931,0.7931
w,52,26,78,0.001456,0.000841,-0.5745,0.5745
collapse,24,52,76,0.000672,0.001681,0.8514,0.8514
death,38,36,74,0.001064,0.001164,0.0473,0.0473
work,54,20,74,0.001512,0.000647,-0.8629,0.8629
mass,24,50,74,0.000672,0.001617,0.8129,0.8129
best,54,20,74,0.001512,0.000647,-0.8629,0.8629
help,49,25,74,0.001372,0.000808,-0.554,0.554
look,44,29,73,0.001232,0.000938,-0.3055,0.3055
mh370,0,72,72,0.0,0.002328,4.3904,4.3904
need,55,17,72,0.00154,0.00055,-1.035,1.035
wildfire,2,69,71,5.6e-05,0.002231,3.2498,3.2498
really,55,16,71,0.00154,0.000517,-1.0922,1.0922
army,29,42,71,0.000812,0.001358,0.46,0.46
lol,62,9,71,0.001736,0.000291,-1.7406,1.7406
let,59,11,70,0.001652,0.000356,-1.5095,1.5095
bombing,3,67,70,8.4e-05,0.002166,2.9332,2.9332
black,48,20,68,0.001344,0.000647,-0.7473,0.7473
right,46,22,68,0.001288,0.000711,-0.6147,0.6147
youre,58,9,67,0.001624,0.000291,-1.675,1.675
fatal,12,55,67,0.000336,0.001778,1.5604,1.5604
water,17,49,66,0.000476,0.001584,1.1216,1.1216
school,36,30,66,0.001008,0.00097,-0.077,0.077
hot,45,21,66,0.00126,0.000679,-0.6377,0.6377
11,19,46,65,0.000532,0.001487,0.9544,0.9544
pm,6,59,65,0.000168,0.001908,2.2484,2.2484
8,19,46,65,0.000532,0.001487,0.9544,0.9544
forest,15,50,65,0.00042,0.001617,1.2592,1.2592
obama,8,56,64,0.000224,0.001811,1.9458,1.9458
read,48,16,64,0.001344,0.000517,-0.9587,0.9587
northern,0,64,64,0.0,0.002069,4.2743,4.2743
t,34,29,63,0.000952,0.000938,-0.0542,0.0542
never,45,18,63,0.00126,0.000582,-0.7843,0.7843
legionnaires,0,62,62,0.0,0.002005,4.2431,4.2431
9,31,31,62,0.000868,0.001002,0.0999,0.0999
live,32,30,62,0.000896,0.00097,0.0374,0.0374
city,19,43,62,0.000532,0.00139,0.8884,0.8884
great,47,15,62,0.001316,0.000485,-0.9987,0.9987
bomber,1,60,61,2.8e-05,0.00194,3.5177,3.5177
homes,3,58,61,8.4e-05,0.001875,2.7912,2.7912
wreck,46,14,60,0.001288,0.000453,-1.0421,1.0421
latest,12,48,60,0.000336,0.001552,1.4268,1.4268
m,28,31,59,0.000784,0.001002,0.1984,0.1984
6,27,32,59,0.000756,0.001035,0.2643,0.2643
typhoon,1,58,59,2.8e-05,0.001875,3.4843,3.4843
thats,35,23,58,0.00098,0.000744,-0.3055,0.3055
atomic,2,56,58,5.6e-05,0.001811,3.0444,3.0444
flood,19,39,58,0.000532,0.001261,0.7931,0.7931
content,48,9,57,0.001344,0.000291,-1.4893,1.4893
floods,15,42,57,0.00042,0.001358,1.0886,1.0886
said,31,26,57,0.000868,0.000841,-0.07,0.07
god,44,13,57,0.001232,0.00042,-1.0677,1.0677
flames,28,29,57,0.000784,0.000938,0.1339,0.1339
fear,44,13,57,0.001232,0.00042,-1.0677,1.0677
getting,38,18,56,0.001064,0.000582,-0.6192,0.6192
injured,11,45,56,0.000308,0.001455,1.4437,1.4437
shit,37,19,56,0.001036,0.000614,-0.5419,0.5419
near,7,49,56,0.000196,0.001584,1.9325,1.9325
damage,23,33,56,0.000644,0.001067,0.4483,0.4483
come,39,17,56,0.001092,0.00055,-0.6986,0.6986
japan,4,51,55,0.000112,0.001649,2.4418,2.4418
feel,46,9,55,0.001288,0.000291,-1.4476,1.4476
oil,9,44,53,0.000252,0.001423,1.604,1.604
cross,43,10,53,0.001204,0.000323,-1.2863,1.2863
hit,24,29,53,0.000672,0.000938,0.2823,0.2823
weather,12,40,52,0.000336,0.001293,1.2486,1.2486
15,11,41,52,0.000308,0.001326,1.3527,1.3527
state,16,36,52,0.000448,0.001164,0.8777,0.8777
hope,32,20,52,0.000896,0.000647,-0.352,0.352
military,34,18,52,0.000952,0.000582,-0.511,0.511
coming,35,16,51,0.00098,0.000517,-0.6504,0.6504
stop,33,18,51,0.000924,0.000582,-0.482,0.482
ass,42,9,51,0.001176,0.000291,-1.3587,1.3587
night,40,11,51,0.00112,0.000356,-1.1287,1.1287
10,20,31,51,0.00056,0.001002,0.5212,0.5212
little,32,18,50,0.000896,0.000582,-0.4521,0.4521
flooding,13,37,50,0.000364,0.001196,1.0985,1.0985
earthquake,5,45,50,0.00014,0.001455,2.1368,2.1368
evacuation,10,40,50,0.00028,0.001293,1.4156,1.4156
malaysia,1,49,50,2.8e-05,0.001584,3.3188,3.3188
truck,19,31,50,0.000532,0.001002,0.57,0.57
debris,0,50,50,0.0,0.001617,4.0318,4.0318
area,12,37,49,0.000336,0.001196,1.1726,1.1726
plan,26,23,49,0.000728,0.000744,-0.0178,0.0178
times,20,29,49,0.00056,0.000938,0.4566,0.4566
set,25,23,48,0.0007,0.000744,0.0199,0.0199
cause,26,22,48,0.000728,0.000711,-0.0604,0.0604
wild,14,34,48,0.000392,0.001099,0.9472,0.9472
smoke,36,12,48,0.001008,0.000388,-0.946,0.946
wounded,13,35,48,0.000364,0.001132,1.0444,1.0444
heat,16,32,48,0.000448,0.001035,0.7632,0.7632
face,36,12,48,0.001008,0.000388,-0.946,0.946
movie,29,19,48,0.000812,0.000614,-0.3055,0.3055
thunderstorm,8,40,48,0.000224,0.001293,1.6163,1.6163
08,10,38,48,0.00028,0.001229,1.3656,1.3656
food,20,27,47,0.00056,0.000873,0.3876,0.3876
high,28,19,47,0.000784,0.000614,-0.2716,0.2716
check,38,9,47,0.001064,0.000291,-1.261,1.261
severe,0,47,47,0.0,0.00152,3.9711,3.9711
confirmed,2,45,47,5.6e-05,0.001455,2.83,2.83
run,30,17,47,0.00084,0.00055,-0.4437,0.4437
rain,14,32,46,0.000392,0.001035,0.8884,0.8884
fucking,40,6,46,0.00112,0.000194,-1.6677,1.6677
bad,36,10,46,0.001008,0.000323,-1.1131,1.1131
explosion,19,27,46,0.000532,0.000873,0.4364,0.4364
looks,27,19,46,0.000756,0.000614,-0.2365,0.2365
sinking,35,11,46,0.00098,0.000356,-0.9987,0.9987
lightning,20,26,46,0.00056,0.000841,0.3513,0.3513
hes,39,6,45,0.001092,0.000194,-1.643,1.643
devastated,12,33,45,0.000336,0.001067,1.0614,1.0614
warning,2,43,45,5.6e-05,0.00139,2.7855,2.7855
reddit,38,7,45,0.001064,0.000226,-1.4842,1.4842
says,15,30,45,0.00042,0.00097,0.7613,0.7613
theres,28,17,45,0.000784,0.00055,-0.377,0.377
natural,18,27,45,0.000504,0.000873,0.4877,0.4877
70,3,42,45,8.4e-05,0.001358,2.4749,2.4749
bloody,38,7,45,0.001064,0.000226,-1.4842,1.4842
services,28,17,45,0.000784,0.00055,-0.377,0.377
thunder,25,20,45,0.0007,0.000647,-0.1136,0.1136
weapons,24,21,45,0.000672,0.000679,-0.0279,0.0279
free,32,12,44,0.000896,0.000388,-0.8316,0.8316
fall,32,12,44,0.000896,0.000388,-0.8316,0.8316
red,25,19,44,0.0007,0.000614,-0.1624,0.1624
bags,43,1,44,0.001204,3.2e-05,-2.9911,2.9911
weapon,24,20,44,0.000672,0.000647,-0.0744,0.0744
spill,1,43,44,2.8e-05,0.00139,3.191,3.191
injuries,27,17,44,0.000756,0.00055,-0.3419,0.3419
blood,33,11,44,0.000924,0.000356,-0.9415,0.9415
loud,33,11,44,0.000924,0.000356,-0.9415,0.9415
family,20,24,44,0.00056,0.000776,0.2743,0.2743
house,22,22,44,0.000616,0.000711,0.0999,0.0999
7,29,15,44,0.000812,0.000485,-0.5287,0.5287
liked,37,7,44,0.001036,0.000226,-1.4582,1.4582
ive,36,7,43,0.001008,0.000226,-1.4315,1.4315
gonna,32,11,43,0.000896,0.000356,-0.9117,0.9117
evacuate,15,28,43,0.00042,0.000905,0.6947,0.6947
boy,10,33,43,0.00028,0.001067,1.2284,1.2284
injury,28,15,43,0.000784,0.000485,-0.4948,0.4948
end,25,18,43,0.0007,0.000582,-0.2137,0.2137
p,25,18,43,0.0007,0.000582,-0.2137,0.2137
head,34,9,43,0.000952,0.000291,-1.1528,1.1528
screaming,37,6,43,0.001036,0.000194,-1.5917,1.5917
missing,6,37,43,0.000168,0.001196,1.7916,1.7916
hail,17,26,43,0.000476,0.000841,0.5054,0.5054
terrorism,11,31,42,0.000308,0.001002,1.0808,1.0808
deaths,11,31,42,0.000308,0.001002,1.0808,1.0808
fatalities,16,26,42,0.000448,0.000841,0.5626,0.5626
photo,24,18,42,0.000672,0.000582,-0.1745,0.1745
collided,17,25,42,0.000476,0.000808,0.4677,0.4677
wind,17,25,42,0.000476,0.000808,0.4677,0.4677
sinkhole,15,27,42,0.00042,0.000873,0.6596,0.6596
air,10,32,42,0.00028,0.001035,1.1986,1.1986
murder,9,33,42,0.000252,0.001067,1.3237,1.3237
trapped,27,15,42,0.000756,0.000485,-0.4597,0.4597
failure,15,27,42,0.00042,0.000873,0.6596,0.6596
rescue,20,22,42,0.00056,0.000711,0.1909,0.1909
summer,27,15,42,0.000756,0.000485,-0.4597,0.4597
big,29,13,42,0.000812,0.00042,-0.6622,0.6622
wreckage,1,40,41,2.8e-05,0.001293,3.1204,3.1204
hazard,30,11,41,0.00084,0.000356,-0.8491,0.8491
saudi,1,40,41,2.8e-05,0.001293,3.1204,3.1204
destroy,30,11,41,0.00084,0.000356,-0.8491,0.8491
save,26,15,41,0.000728,0.000485,-0.4233,0.4233
explode,37,4,41,0.001036,0.000129,-1.9282,1.9282
released,13,28,41,0.000364,0.000905,0.8282,0.8282
migrants,0,41,41,0.0,0.001326,3.8376,3.8376
outbreak,1,40,41,2.8e-05,0.001293,3.1204,3.1204
collision,10,31,41,0.00028,0.001002,1.1678,1.1678
hurricane,13,28,41,0.000364,0.000905,0.8282,0.8282
bag,40,1,41,0.00112,3.2e-05,-2.9205,2.9205
derailment,0,41,41,0.0,0.001326,3.8376,3.8376
attacked,15,26,41,0.00042,0.000841,0.6232,0.6232
survive,29,12,41,0.000812,0.000388,-0.7363,0.7363
refugees,12,29,41,0.000336,0.000938,0.9362,0.9362
destroyed,28,12,40,0.000784,0.000388,-0.7024,0.7024
does,24,16,40,0.000672,0.000517,-0.2857,0.2857
panic,36,4,40,0.001008,0.000129,-1.9015,1.9015
ambulance,18,22,40,0.000504,0.000711,0.291,0.291
40,4,36,40,0.000112,0.001164,2.1014,2.1014
tonight,23,17,40,0.000644,0.00055,-0.1877,0.1877
harm,37,3,40,0.001036,9.7e-05,-2.1513,2.1513
rescued,19,21,40,0.000532,0.000679,0.1953,0.1953
30,16,24,40,0.000448,0.000776,0.4856,0.4856
destruction,29,11,40,0.000812,0.000356,-0.8163,0.8163
girl,30,10,40,0.00084,0.000323,-0.9361,0.9361
breaking,17,23,40,0.000476,0.000744,0.3876,0.3876
windstorm,24,16,40,0.000672,0.000517,-0.2857,0.2857
05,8,32,40,0.000224,0.001035,1.3992,1.3992
bridge,4,36,40,0.000112,0.001164,2.1014,2.1014
post,17,23,40,0.000476,0.000744,0.3876,0.3876
island,4,35,39,0.000112,0.001132,2.074,2.074
wrecked,36,3,39,0.001008,9.7e-05,-2.1247,2.1247
burned,29,10,39,0.000812,0.000323,-0.9034,0.9034
week,26,13,39,0.000728,0.00042,-0.5568,0.5568
report,6,33,39,0.000168,0.001067,1.6804,1.6804
road,14,25,39,0.000392,0.000808,0.65,0.65
long,33,6,39,0.000924,0.000194,-1.4805,1.4805
landslide,18,21,39,0.000504,0.000679,0.2466,0.2466
fuck,32,7,39,0.000896,0.000226,-1.3171,1.3171
trauma,20,19,39,0.00056,0.000614,0.0512,0.0512
charged,5,34,39,0.00014,0.001099,1.8635,1.8635
ill,30,9,39,0.00084,0.000291,-1.0315,1.0315
update,11,28,39,0.000308,0.000905,0.9823,0.9823
bombed,20,19,39,0.00056,0.000614,0.0512,0.0512
rescuers,4,35,39,0.000112,0.001132,2.074,2.074
lives,7,32,39,0.000196,0.001035,1.517,1.517
d,21,18,39,0.000588,0.000582,-0.0467,0.0467
story,19,20,39,0.000532,0.000647,0.1487,0.1487
terrorist,8,31,39,0.000224,0.001002,1.3685,1.3685
real,29,10,39,0.000812,0.000323,-0.9034,0.9034
game,30,9,39,0.00084,0.000291,-1.0315,1.0315
drought,6,33,39,0.000168,0.001067,1.6804,1.6804
n,14,25,39,0.000392,0.000808,0.65,0.65
twister,33,6,39,0.000924,0.000194,-1.4805,1.4805
survived,25,14,39,0.0007,0.000453,-0.4501,0.4501
survivors,10,29,39,0.00028,0.000938,1.1033,1.1033
ok,18,20,38,0.000504,0.000647,0.2,0.2
away,26,12,38,0.000728,0.000388,-0.6309,0.6309
dust,13,25,38,0.000364,0.000808,0.719,0.719
deluge,32,6,38,0.000896,0.000194,-1.4506,1.4506
ruin,37,1,38,0.001036,3.2e-05,-2.8445,2.8445
battle,30,8,38,0.00084,0.000259,-1.1368,1.1368
displaced,10,28,38,0.00028,0.000905,1.0693,1.0693
sunk,30,8,38,0.00084,0.000259,-1.1368,1.1368
crush,34,4,38,0.000952,0.000129,-1.846,1.846
hostages,10,28,38,0.00028,0.000905,1.0693,1.0693
service,13,25,38,0.000364,0.000808,0.719,0.719
county,7,31,38,0.000196,0.001002,1.4862,1.4862
catastrophe,28,10,38,0.000784,0.000323,-0.8695,0.8695
white,25,13,38,0.0007,0.00042,-0.5191,0.5191
boat,9,29,38,0.000252,0.000938,1.1986,1.1986
self,34,4,38,0.000952,0.000129,-1.846,1.846
massacre,7,30,37,0.000196,0.00097,1.4545,1.4545
danger,27,10,37,0.000756,0.000323,-0.8344,0.8344
sandstorm,9,28,37,0.000252,0.000905,1.1647,1.1647
curfew,32,5,37,0.000896,0.000162,-1.6048,1.6048
hazardous,15,22,37,0.00042,0.000711,0.4629,0.4629
o,25,12,37,0.0007,0.000388,-0.5932,0.5932
things,29,8,37,0.000812,0.000259,-1.104,1.104
whirlwind,23,14,37,0.000644,0.000453,-0.3701,0.3701
0,17,20,37,0.000476,0.000647,0.2541,0.2541
airplane,5,32,37,0.00014,0.001035,1.8047,1.8047
mudslide,25,12,37,0.0007,0.000388,-0.5932,0.5932
quarantine,29,8,37,0.000812,0.000259,-1.104,1.104
devastation,9,28,37,0.000252,0.000905,1.1647,1.1647
famine,13,24,37,0.000364,0.000776,0.6798,0.6798
crashed,14,23,37,0.000392,0.000744,0.57,0.57
half,18,19,37,0.000504,0.000614,0.1512,0.1512
twitter,28,9,37,0.000784,0.000291,-0.9648,0.9648
phone,28,9,37,0.000784,0.000291,-0.9648,0.9648
structural,12,25,37,0.000336,0.000808,0.7931,0.7931
violent,9,28,37,0.000252,0.000905,1.1647,1.1647
bus,10,27,37,0.00028,0.000873,1.0343,1.0343
investigators,0,37,37,0.0,0.001196,3.7375,3.7375
august,12,25,37,0.000336,0.000808,0.7931,0.7931
apocalypse,27,9,36,0.000756,0.000291,-0.9297,0.9297
saw,15,21,36,0.00042,0.000679,0.4184,0.4184
rioting,12,24,36,0.000336,0.000776,0.7539,0.7539
suspect,1,35,36,2.8e-05,0.001132,2.9903,2.9903
mosque,0,36,36,0.0,0.001164,3.7109,3.7109
bang,29,7,36,0.000812,0.000226,-1.2218,1.2218
came,21,15,36,0.000588,0.000485,-0.2185,0.2185
woman,25,11,36,0.0007,0.000356,-0.6732,0.6732
kills,1,35,36,2.8e-05,0.001132,2.9903,2.9903
b,15,21,36,0.00042,0.000679,0.4184,0.4184
thing,25,11,36,0.0007,0.000356,-0.6732,0.6732
better,33,3,36,0.000924,9.7e-05,-2.0401,2.0401
engulfed,17,19,36,0.000476,0.000614,0.2053,0.2053
derailed,9,27,36,0.000252,0.000873,1.1296,1.1296
armageddon,32,4,36,0.000896,0.000129,-1.7871,1.7871
traumatised,33,3,36,0.000924,9.7e-05,-2.0401,2.0401
riot,26,10,36,0.000728,0.000323,-0.798,0.798
tragedy,13,23,36,0.000364,0.000744,0.6389,0.6389
quarantined,23,13,36,0.000644,0.00042,-0.439,0.439
wave,12,24,36,0.000336,0.000776,0.7539,0.7539
screamed,32,4,36,0.000896,0.000129,-1.7871,1.7871
drowning,25,11,36,0.0007,0.000356,-0.6732,0.6732
collapsed,22,14,36,0.000616,0.000453,-0.3275,0.3275
wanna,30,6,36,0.00084,0.000194,-1.3881,1.3881
r,20,16,36,0.00056,0.000517,-0.1114,0.1114
hostage,15,21,36,0.00042,0.000679,0.4184,0.4184
iran,9,26,35,0.000252,0.000841,1.0932,1.0932
past,14,21,35,0.000392,0.000679,0.4829,0.4829
cliff,25,10,35,0.0007,0.000323,-0.7603,0.7603
bleeding,30,5,35,0.00084,0.000162,-1.5423,1.5423
oh,26,9,35,0.000728,0.000291,-0.8933,0.8933
desolation,29,6,35,0.000812,0.000194,-1.3553,1.3553
chemical,18,17,35,0.000504,0.00055,0.0459,0.0459
hijacker,16,19,35,0.000448,0.000614,0.2625,0.2625
inundated,29,6,35,0.000812,0.000194,-1.3553,1.3553
light,25,10,35,0.0007,0.000323,-0.7603,0.7603
heard,24,11,35,0.000672,0.000356,-0.634,0.634
power,15,20,35,0.00042,0.000647,0.3719,0.3719
hundreds,1,34,35,2.8e-05,0.001099,2.9621,2.9621
change,26,9,35,0.000728,0.000291,-0.8933,0.8933
exploded,24,11,35,0.000672,0.000356,-0.634,0.634
blown,29,6,35,0.000812,0.000194,-1.3553,1.3553
heart,24,11,35,0.000672,0.000356,-0.634,0.634
screams,29,6,35,0.000812,0.000194,-1.3553,1.3553
detonate,25,10,35,0.0007,0.000323,-0.7603,0.7603
national,16,19,35,0.000448,0.000614,0.2625,0.2625
derail,18,17,35,0.000504,0.00055,0.0459,0.0459
stock,28,7,35,0.000784,0.000226,-1.1879,1.1879
horrible,20,15,35,0.00056,0.000485,-0.172,0.172
casualties,7,28,35,0.000196,0.000905,1.3878,1.3878
women,19,16,35,0.000532,0.000517,-0.0626,0.0626
anniversary,2,33,35,5.6e-05,0.001067,2.5277,2.5277
group,10,24,34,0.00028,0.000776,0.9209,0.9209
wounds,23,11,34,0.000644,0.000356,-0.5932,0.5932
use,17,17,34,0.000476,0.00055,0.0999,0.0999
trouble,29,5,34,0.000812,0.000162,-1.5095,1.5095
went,21,13,34,0.000588,0.00042,-0.352,0.352
flattened,29,5,34,0.000812,0.000162,-1.5095,1.5095
pandemonium,26,8,34,0.000728,0.000259,-0.9987,0.9987
lava,29,5,34,0.000812,0.000162,-1.5095,1.5095
electrocuted,20,14,34,0.00056,0.000453,-0.2365,0.2365
meltdown,28,6,34,0.000784,0.000194,-1.3214,1.3214
left,23,11,34,0.000644,0.000356,-0.5932,0.5932
plane,3,31,34,8.4e-05,0.001002,2.1794,2.1794
catastrophic,10,24,34,0.00028,0.000776,0.9209,0.9209
blew,32,2,34,0.000896,6.5e-05,-2.2979,2.2979
drown,29,5,34,0.000812,0.000162,-1.5095,1.5095
collide,29,4,33,0.000812,0.000129,-1.6918,1.6918
affected,1,32,33,2.8e-05,0.001035,2.9033,2.9033
id,23,10,33,0.000644,0.000323,-0.6802,0.6802
razed,3,30,33,8.4e-05,0.00097,2.1476,2.1476
reunion,1,32,33,2.8e-05,0.001035,2.9033,2.9033
caused,4,29,33,0.000112,0.000938,1.8917,1.8917
lot,27,6,33,0.000756,0.000194,-1.2863,1.2863
zone,23,10,33,0.000644,0.000323,-0.6802,0.6802
land,11,22,33,0.000308,0.000711,0.7505,0.7505
panicking,31,2,33,0.000868,6.5e-05,-2.2672,2.2672
bagging,28,5,33,0.000784,0.000162,-1.4756,1.4756
isis,10,23,33,0.00028,0.000744,0.8801,0.8801
00,8,25,33,0.000224,0.000808,1.1608,1.1608
evacuated,4,29,33,0.000112,0.000938,1.8917,1.8917
soon,28,5,33,0.000784,0.000162,-1.4756,1.4756
bioterror,12,21,33,0.000336,0.000679,0.626,0.626
fedex,12,21,33,0.000336,0.000679,0.626,0.626
tornado,9,24,33,0.000252,0.000776,1.0162,1.0162
thank,27,6,33,0.000756,0.000194,-1.2863,1.2863
demolish,28,5,33,0.000784,0.000162,-1.4756,1.4756
send,21,11,32,0.000588,0.000356,-0.5062,0.5062
lets,28,4,32,0.000784,0.000129,-1.6579,1.6579
south,6,26,32,0.000168,0.000841,1.4499,1.4499
minute,6,26,32,0.000168,0.000841,1.4499,1.4499
calgary,4,28,32,0.000112,0.000905,1.8578,1.8578
possible,8,24,32,0.000224,0.000776,1.1216,1.1216
cool,22,10,32,0.000616,0.000323,-0.6377,0.6377
river,16,16,32,0.000448,0.000517,0.0999,0.0999
tomorrow,22,10,32,0.000616,0.000323,-0.6377,0.6377
india,5,27,32,0.00014,0.000873,1.6404,1.6404
hijacking,17,15,32,0.000476,0.000485,-0.0178,0.0178
song,30,2,32,0.00084,6.5e-05,-2.2354,2.2354
demolition,23,9,32,0.000644,0.000291,-0.7755,0.7755
baby,23,9,32,0.000644,0.000291,-0.7755,0.7755
volcano,9,23,32,0.000252,0.000744,0.9754,0.9754
fatality,23,9,32,0.000644,0.000291,-0.7755,0.7755
doing,25,7,32,0.0007,0.000226,-1.0787,1.0787
e,14,18,32,0.000392,0.000582,0.3363,0.3363
kill,12,20,32,0.000336,0.000647,0.5795,0.5795
market,23,9,32,0.000644,0.000291,-0.7755,0.7755
sure,26,6,32,0.000728,0.000194,-1.25,1.25
detonated,0,31,31,0.0,0.001002,3.5657,3.5657
traffic,9,22,31,0.000252,0.000711,0.9329,0.9329
blazing,29,2,31,0.000812,6.5e-05,-2.2026,2.2026
care,21,10,31,0.000588,0.000323,-0.5932,0.5932
longer,17,14,31,0.000476,0.000453,-0.0824,0.0824
sirens,23,8,31,0.000644,0.000259,-0.8809,0.8809
government,13,18,31,0.000364,0.000582,0.4053,0.4053
annihilated,23,8,31,0.000644,0.000259,-0.8809,0.8809
thought,23,8,31,0.000644,0.000259,-0.8809,0.8809
responders,18,13,31,0.000504,0.00042,-0.2054,0.2054
crushed,27,4,31,0.000756,0.000129,-1.6228,1.6228
casualty,15,16,31,0.00042,0.000517,0.1606,0.1606
cyclone,11,20,31,0.000308,0.000647,0.6596,0.6596
detonation,22,9,31,0.000616,0.000291,-0.733,0.733
goes,24,7,31,0.000672,0.000226,-1.0395,1.0395
pkk,0,31,31,0.0,0.001002,3.5657,3.5657
arson,10,21,31,0.00028,0.000679,0.7931,0.7931
obliterated,27,4,31,0.000756,0.000129,-1.6228,1.6228
murderer,12,19,31,0.000336,0.000614,0.5307,0.5307
drowned,18,13,31,0.000504,0.00042,-0.2054,0.2054
kids,23,8,31,0.000644,0.000259,-0.8809,0.8809
officials,1,30,31,2.8e-05,0.00097,2.8408,2.8408
security,10,21,31,0.00028,0.000679,0.7931,0.7931
c,8,22,30,0.000224,0.000711,1.0382,1.0382
fight,12,18,30,0.000336,0.000582,0.4794,0.4794
ur,22,8,30,0.000616,0.000259,-0.8383,0.8383
obliterate,26,4,30,0.000728,0.000129,-1.5865,1.5865
sound,23,7,30,0.000644,0.000226,-0.9987,0.9987
demolished,21,9,30,0.000588,0.000291,-0.6885,0.6885
eyewitness,18,12,30,0.000504,0.000388,-0.2795,0.2795
prebreak,17,13,30,0.000476,0.00042,-0.1514,0.1514
blast,16,14,30,0.000448,0.000453,-0.0252,0.0252
st,11,19,30,0.000308,0.000614,0.6108,0.6108
stay,20,10,30,0.00056,0.000323,-0.5467,0.5467
nothing,22,8,30,0.000616,0.000259,-0.8383,0.8383
didnt,20,10,30,0.00056,0.000323,-0.5467,0.5467
issues,6,24,30,0.000168,0.000776,1.3729,1.3729
shoulder,28,2,30,0.000784,6.5e-05,-2.1687,2.1687
airport,1,29,30,2.8e-05,0.000938,2.808,2.808
obliteration,26,4,30,0.000728,0.000129,-1.5865,1.5865
beautiful,23,7,30,0.000644,0.000226,-0.9987,0.9987
tsunami,17,13,30,0.000476,0.00042,-0.1514,0.1514
officer,2,28,30,5.6e-05,0.000905,2.3686,2.3686
building,11,19,30,0.000308,0.000614,0.6108,0.6108
used,20,10,30,0.00056,0.000323,-0.5467,0.5467
fan,25,5,30,0.0007,0.000162,-1.3664,1.3664
thanks,22,8,30,0.000616,0.000259,-0.8383,0.8383
rainstorm,11,19,30,0.000308,0.000614,0.6108,0.6108
ebay,29,1,30,0.000812,3.2e-05,-2.6081,2.6081
men,15,14,29,0.00042,0.000453,0.0354,0.0354
upheaval,24,5,29,0.000672,0.000162,-1.3272,1.3272
making,22,7,29,0.000616,0.000226,-0.9561,0.9561
16,9,20,29,0.000252,0.000647,0.8419,0.8419
hellfire,23,6,29,0.000644,0.000194,-1.1322,1.1322
music,26,3,29,0.000728,9.7e-05,-1.8096,1.8096
electrocute,28,1,29,0.000784,3.2e-05,-2.5742,2.5742
bush,11,18,29,0.000308,0.000582,0.5595,0.5595
media,11,18,29,0.000308,0.000582,0.5595,0.5595
50,11,18,29,0.000308,0.000582,0.5595,0.5595
whats,22,7,29,0.000616,0.000226,-0.9561,0.9561
believe,18,11,29,0.000504,0.000356,-0.3596,0.3596
offensive,25,4,29,0.0007,0.000129,-1.5487,1.5487
fun,25,4,29,0.0007,0.000129,-1.5487,1.5487
remember,18,11,29,0.000504,0.000356,-0.3596,0.3596
start,23,6,29,0.000644,0.000194,-1.1322,1.1322
days,16,13,29,0.000448,0.00042,-0.0942,0.0942
shooting,6,23,29,0.000168,0.000744,1.3321,1.3321
hours,20,9,29,0.00056,0.000291,-0.642,0.642
died,7,21,28,0.000196,0.000679,1.1115,1.1115
ablaze,15,13,28,0.00042,0.00042,-0.0336,0.0336
leave,15,13,28,0.00042,0.00042,-0.0336,0.0336
peace,14,14,28,0.000392,0.000453,0.0999,0.0999
hijack,12,16,28,0.000336,0.000517,0.3682,0.3682
turkey,0,28,28,0.0,0.000905,3.4672,3.4672
far,12,16,28,0.000336,0.000517,0.3682,0.3682
person,18,10,28,0.000504,0.000323,-0.4466,0.4466
having,21,7,28,0.000588,0.000226,-0.9117,0.9117
guys,22,6,28,0.000616,0.000194,-1.0896,1.0896
bioterrorism,9,19,28,0.000252,0.000614,0.7931,0.7931
seismic,14,14,28,0.000392,0.000453,0.0999,0.0999
wake,12,16,28,0.000336,0.000517,0.3682,0.3682
israeli,0,28,28,0.0,0.000905,3.4672,3.4672
sue,1,27,28,2.8e-05,0.000873,2.739,2.739
16yr,0,28,28,0.0,0.000905,3.4672,3.4672
second,15,13,28,0.00042,0.00042,-0.0336,0.0336
actually,18,10,28,0.000504,0.000323,-0.4466,0.4466
inside,12,16,28,0.000336,0.000517,0.3682,0.3682
snowstorm,15,13,28,0.00042,0.00042,-0.0336,0.0336
words,23,5,28,0.000644,0.000162,-1.2863,1.2863
policy,23,5,28,0.000644,0.000162,-1.2863,1.2863
hell,20,8,28,0.00056,0.000259,-0.7473,0.7473
avalanche,22,5,27,0.000616,0.000162,-1.2438,1.2438
nearby,14,13,27,0.000392,0.00042,0.031,0.031
yes,21,6,27,0.000588,0.000194,-1.0452,1.0452
stand,23,4,27,0.000644,0.000129,-1.4687,1.4687
declares,1,26,27,2.8e-05,0.000841,2.7026,2.7026
play,25,2,27,0.0007,6.5e-05,-2.0595,2.0595
north,5,22,27,0.00014,0.000711,1.4437,1.4437
deluged,20,7,27,0.00056,0.000226,-0.8651,0.8651
line,10,17,27,0.00028,0.00055,0.5924,0.5924
25,7,20,27,0.000196,0.000647,1.065,1.065
06,6,21,27,0.000168,0.000679,1.2451,1.2451
doesnt,17,10,27,0.000476,0.000323,-0.3925,0.3925
blight,25,2,27,0.0007,6.5e-05,-2.0595,2.0595
die,18,9,27,0.000504,0.000291,-0.5419,0.5419
pic,8,19,27,0.000224,0.000614,0.8985,0.8985
trying,21,6,27,0.000588,0.000194,-1.0452,1.0452
site,7,20,27,0.000196,0.000647,1.065,1.065
order,14,13,27,0.000392,0.00042,0.031,0.031
lab,9,18,27,0.000252,0.000582,0.7418,0.7418
health,14,13,27,0.000392,0.00042,0.031,0.031
mp,1,26,27,2.8e-05,0.000841,2.7026,2.7026
support,12,15,27,0.000336,0.000485,0.3076,0.3076
ago,11,16,27,0.000308,0.000517,0.4483,0.4483
plans,15,12,27,0.00042,0.000388,-0.1077,0.1077
shot,7,20,27,0.000196,0.000647,1.065,1.065
china,13,14,27,0.000364,0.000453,0.1689,0.1689
reactor,13,14,27,0.000364,0.000453,0.1689,0.1689
yeah,18,8,26,0.000504,0.000259,-0.6473,0.6473
wait,21,5,26,0.000588,0.000162,-1.1993,1.1993
deal,15,11,26,0.00042,0.000356,-0.1877,0.1877
memories,4,22,26,0.000112,0.000711,1.626,1.626
low,19,7,26,0.000532,0.000226,-0.8163,0.8163
place,12,14,26,0.000336,0.000453,0.243,0.243
gets,22,4,26,0.000616,0.000129,-1.4261,1.4261
rubble,16,10,26,0.000448,0.000323,-0.3354,0.3354
islam,15,11,26,0.00042,0.000356,-0.1877,0.1877
wont,20,6,26,0.00056,0.000194,-0.9987,0.9987
01,0,26,26,0.0,0.000841,3.3958,3.3958
horror,4,22,26,0.000112,0.000711,1.626,1.626
nowplaying,24,2,26,0.000672,6.5e-05,-2.0203,2.0203
brown,19,7,26,0.000532,0.000226,-0.8163,0.8163
children,10,16,26,0.00028,0.000517,0.5353,0.5353
swallowed,1,25,26,2.8e-05,0.000808,2.6649,2.6649
job,21,4,25,0.000588,0.000129,-1.3817,1.3817
west,4,21,25,0.000112,0.000679,1.5816,1.5816
hat,20,5,25,0.00056,0.000162,-1.1528,1.1528
lost,10,15,25,0.00028,0.000485,0.4746,0.4746
hey,22,3,25,0.000616,9.7e-05,-1.6493,1.6493
desolate,19,6,25,0.000532,0.000194,-0.9499,0.9499
helicopter,0,25,25,0.0,0.000808,3.358,3.358
aircraft,1,24,25,2.8e-05,0.000776,2.6257,2.6257
bc,18,7,25,0.000504,0.000226,-0.765,0.765
maybe,19,6,25,0.000532,0.000194,-0.9499,0.9499
america,10,15,25,0.00028,0.000485,0.4746,0.4746
rise,15,10,25,0.00042,0.000323,-0.2747,0.2747
data,19,6,25,0.000532,0.000194,-0.9499,0.9499
photos,14,11,25,0.000392,0.000356,-0.1232,0.1232
watching,15,10,25,0.00042,0.000323,-0.2747,0.2747
american,6,19,25,0.000168,0.000614,1.1498,1.1498
saipan,0,25,25,0.0,0.000808,3.358,3.358
tell,15,10,25,0.00042,0.000323,-0.2747,0.2747
outside,13,12,25,0.000364,0.000388,0.0258,0.0258
conclusively,0,25,25,0.0,0.000808,3.358,3.358
bigger,2,23,25,5.6e-05,0.000744,2.1794,2.1794
waves,17,7,24,0.000476,0.000226,-0.711,0.711
control,11,13,24,0.000308,0.00042,0.2541,0.2541
street,4,20,24,0.000112,0.000647,1.535,1.535
searching,1,23,24,2.8e-05,0.000744,2.5849,2.5849
makes,21,3,24,0.000588,9.7e-05,-1.6048,1.6048
bestnaijamade,0,24,24,0.0,0.000776,3.3188,3.3188
crews,1,23,24,2.8e-05,0.000744,2.5849,2.5849
tv,18,6,24,0.000504,0.000194,-0.8986,0.8986
team,17,7,24,0.000476,0.000226,-0.711,0.711
siren,18,6,24,0.000504,0.000194,-0.8986,0.8986
transport,9,15,24,0.000252,0.000485,0.57,0.57
bodies,3,21,24,8.4e-05,0.000679,1.8047,1.8047
pick,20,4,24,0.00056,0.000129,-1.3351,1.3351
bar,20,4,24,0.00056,0.000129,-1.3351,1.3351
book,22,2,24,0.000616,6.5e-05,-1.9369,1.9369
center,9,15,24,0.000252,0.000485,0.57,0.57
hear,15,9,24,0.00042,0.000291,-0.3701,0.3701
history,11,13,24,0.000308,0.00042,0.2541,0.2541
abc,0,24,24,0.0,0.000776,3.3188,3.3188
projected,0,24,24,0.0,0.000776,3.3188,3.3188
literally,16,8,24,0.000448,0.000259,-0.536,0.536
money,17,7,24,0.000476,0.000226,-0.711,0.711
happy,22,2,24,0.000616,6.5e-05,-1.9369,1.9369
probably,20,3,23,0.00056,9.7e-05,-1.5583,1.5583
online,18,5,23,0.000504,0.000162,-1.0527,1.0527
soudelor,1,22,23,2.8e-05,0.000711,2.5423,2.5423
pretty,18,5,23,0.000504,0.000162,-1.0527,1.0527
property,11,12,23,0.000308,0.000388,0.18,0.18
saved,4,19,23,0.000112,0.000614,1.4862,1.4862
amid,2,21,23,5.6e-05,0.000679,2.0924,2.0924
theyre,15,8,23,0.00042,0.000259,-0.4754,0.4754
12,16,7,23,0.000448,0.000226,-0.6538,0.6538
effect,17,6,23,0.000476,0.000194,-0.8445,0.8445
damn,15,8,23,0.00042,0.000259,-0.4754,0.4754
stretcher,21,2,23,0.000588,6.5e-05,-1.8925,1.8925
eyes,18,5,23,0.000504,0.000162,-1.0527,1.0527
listen,19,4,23,0.000532,0.000129,-1.2863,1.2863
aug,5,18,23,0.00014,0.000582,1.2526,1.2526
hailstorm,4,19,23,0.000112,0.000614,1.4862,1.4862
20,8,15,23,0.000224,0.000485,0.6753,0.6753
finally,21,2,23,0.000588,6.5e-05,-1.8925,1.8925
signs,0,23,23,0.0,0.000744,3.278,3.278
feeling,19,4,23,0.000532,0.000129,-1.2863,1.2863
trench,0,23,23,0.0,0.000744,3.278,3.278
rd,3,20,23,8.4e-05,0.000647,1.7582,1.7582
manslaughter,0,23,23,0.0,0.000744,3.278,3.278
hollywood,17,6,23,0.000476,0.000194,-0.8445,0.8445
annihilation,13,9,22,0.000364,0.000291,-0.2365,0.2365
blaze,16,6,22,0.000448,0.000194,-0.7874,0.7874
nearly,8,14,22,0.000224,0.000453,0.6108,0.6108
major,6,16,22,0.000168,0.000517,0.9873,0.9873
shes,20,2,22,0.00056,6.5e-05,-1.846,1.846
costlier,0,22,22,0.0,0.000711,3.2354,3.2354
miners,16,6,22,0.000448,0.000194,-0.7874,0.7874
spot,18,4,22,0.000504,0.000129,-1.2351,1.2351
refugio,0,22,22,0.0,0.000711,3.2354,3.2354
pakistan,4,18,22,0.000112,0.000582,1.4349,1.4349
la,2,20,22,5.6e-05,0.000647,2.0459,2.0459
child,13,9,22,0.000364,0.000291,-0.2365,0.2365
okay,18,4,22,0.000504,0.000129,-1.2351,1.2351
fast,15,7,22,0.00042,0.000226,-0.5932,0.5932
sensor,17,5,22,0.000476,0.000162,-0.9987,0.9987
feared,0,22,22,0.0,0.000711,3.2354,3.2354
17,8,14,22,0.000224,0.000453,0.6108,0.6108
space,19,3,22,0.000532,9.7e-05,-1.5095,1.5095
country,10,12,22,0.00028,0.000388,0.267,0.267
case,6,16,22,0.000168,0.000517,0.9873,0.9873
hate,15,7,22,0.00042,0.000226,-0.5932,0.5932
crisis,1,21,22,2.8e-05,0.000679,2.4978,2.4978
caught,6,16,22,0.000168,0.000517,0.9873,0.9873
trains,1,21,22,2.8e-05,0.000679,2.4978,2.4978
morning,10,12,22,0.00028,0.000388,0.267,0.267
leather,21,1,22,0.000588,3.2e-05,-2.2979,2.2979
town,9,13,22,0.000252,0.00042,0.4364,0.4364
mom,18,4,22,0.000504,0.000129,-1.2351,1.2351
image,13,9,22,0.000364,0.000291,-0.2365,0.2365
youth,4,18,22,0.000112,0.000582,1.4349,1.4349
wrong,19,3,22,0.000532,9.7e-05,-1.5095,1.5095
seen,17,5,22,0.000476,0.000162,-0.9987,0.9987
business,15,7,22,0.00042,0.000226,-0.5932,0.5932
vehicle,7,14,21,0.000196,0.000453,0.7286,0.7286
crazy,11,10,21,0.000308,0.000323,0.0129,0.0129
womens,18,3,21,0.000504,9.7e-05,-1.4582,1.4582
banned,18,3,21,0.000504,9.7e-05,-1.4582,1.4582
jobs,19,2,21,0.000532,6.5e-05,-1.7972,1.7972
huge,8,13,21,0.000224,0.00042,0.5418,0.5418
class,16,5,21,0.000448,0.000162,-0.9415,0.9415
cars,6,15,21,0.000168,0.000485,0.9266,0.9266
wow,14,7,21,0.000392,0.000226,-0.5287,0.5287
isnt,9,12,21,0.000252,0.000388,0.3623,0.3623
ship,14,7,21,0.000392,0.000226,-0.5287,0.5287
13,9,12,21,0.000252,0.000388,0.3623,0.3623
worst,10,11,21,0.00028,0.000356,0.187,0.187
fukushima,1,20,21,2.8e-05,0.000647,2.4513,2.4513
east,2,19,21,5.6e-05,0.000614,1.9971,1.9971
needs,15,6,21,0.00042,0.000194,-0.7267,0.7267
picking,2,19,21,5.6e-05,0.000614,1.9971,1.9971
called,5,16,21,0.00014,0.000517,1.1414,1.1414
giant,5,16,21,0.00014,0.000517,1.1414,1.1414
flash,4,17,21,0.000112,0.00055,1.3809,1.3809
texas,9,12,21,0.000252,0.000388,0.3623,0.3623
course,15,6,21,0.00042,0.000194,-0.7267,0.7267
daily,11,10,21,0.000308,0.000323,0.0129,0.0129
omg,11,10,21,0.000308,0.000323,0.0129,0.0129
flag,3,18,21,8.4e-05,0.000582,1.6581,1.6581
x,17,4,21,0.000476,0.000129,-1.181,1.181
60,6,15,21,0.000168,0.000485,0.9266,0.9266
ball,20,1,21,0.00056,3.2e-05,-2.2514,2.2514
knock,16,5,21,0.000448,0.000162,-0.9415,0.9415
heavy,2,19,21,5.6e-05,0.000614,1.9971,1.9971
russian,7,14,21,0.000196,0.000453,0.7286,0.7286
sorry,18,3,21,0.000504,9.7e-05,-1.4582,1.4582
ca,7,14,21,0.000196,0.000453,0.7286,0.7286
united,11,9,20,0.000308,0.000291,-0.0824,0.0824
star,16,4,20,0.000448,0.000129,-1.1238,1.1238
haha,16,4,20,0.000448,0.000129,-1.1238,1.1238
anthrax,5,15,20,0.00014,0.000485,1.0808,1.0808
toddler,6,14,20,0.000168,0.000453,0.8621,0.8621
running,13,7,20,0.000364,0.000226,-0.4597,0.4597
entire,14,6,20,0.000392,0.000194,-0.6622,0.6622
ignition,15,5,20,0.00042,0.000162,-0.8809,0.8809
computers,14,6,20,0.000392,0.000194,-0.6622,0.6622
reason,13,7,20,0.000364,0.000226,-0.4597,0.4597
poor,8,12,20,0.000224,0.000388,0.4677,0.4677
reuters,0,20,20,0.0,0.000647,3.1445,3.1445
closed,3,17,20,8.4e-05,0.00055,1.604,1.604
houses,4,16,20,0.000112,0.000517,1.3237,1.3237
blue,15,5,20,0.00042,0.000162,-0.8809,0.8809
level,15,5,20,0.00042,0.000162,-0.8809,0.8809
pay,16,4,20,0.000448,0.000129,-1.1238,1.1238
win,15,5,20,0.00042,0.000162,-0.8809,0.8809
link,15,5,20,0.00042,0.000162,-0.8809,0.8809
gbbo,16,4,20,0.000448,0.000129,-1.1238,1.1238
official,13,7,20,0.000364,0.000226,-0.4597,0.4597
talk,14,6,20,0.000392,0.000194,-0.6622,0.6622
chance,14,6,20,0.000392,0.000194,-0.6622,0.6622
mayhem,19,1,20,0.000532,3.2e-05,-2.2026,2.2026
follow,14,6,20,0.000392,0.000194,-0.6622,0.6622
friends,16,4,20,0.000448,0.000129,-1.1238,1.1238
gun,7,13,20,0.000196,0.00042,0.6596,0.6596
looking,16,4,20,0.000448,0.000129,-1.1238,1.1238
usa,9,11,20,0.000252,0.000356,0.2823,0.2823
sign,13,7,20,0.000364,0.000226,-0.4597,0.4597
meek,17,3,20,0.000476,9.7e-05,-1.4041,1.4041
hard,13,7,20,0.000364,0.000226,-0.4597,0.4597
angry,13,7,20,0.000364,0.000226,-0.4597,0.4597
action,7,13,20,0.000196,0.00042,0.6596,0.6596
uk,9,11,20,0.000252,0.000356,0.2823,0.2823
lord,17,3,20,0.000476,9.7e-05,-1.4041,1.4041
view,12,7,19,0.000336,0.000226,-0.3856,0.3856
issued,0,19,19,0.0,0.000614,3.0957,3.0957
drive,10,9,19,0.00028,0.000291,0.0046,0.0046
learn,13,6,19,0.000364,0.000194,-0.5932,0.5932
thousands,9,10,19,0.000252,0.000323,0.1953,0.1953
beach,13,6,19,0.000364,0.000194,-0.5932,0.5932
declaration,0,19,19,0.0,0.000614,3.0957,3.0957
temple,1,18,19,2.8e-05,0.000582,2.3512,2.3512
pain,13,6,19,0.000364,0.000194,-0.5932,0.5932
climate,8,11,19,0.000224,0.000356,0.3876,0.3876
disea,0,19,19,0.0,0.000614,3.0957,3.0957
18,6,13,19,0.000168,0.00042,0.7931,0.7931
couple,11,8,19,0.000308,0.000259,-0.1877,0.1877
cake,18,1,19,0.000504,3.2e-05,-2.1513,2.1513
playing,14,5,19,0.000392,0.000162,-0.8163,0.8163
reports,3,16,19,8.4e-05,0.000517,1.5469,1.5469
guy,15,4,19,0.00042,0.000129,-1.0632,1.0632
truth,10,9,19,0.00028,0.000291,0.0046,0.0046
muslims,1,18,19,2.8e-05,0.000582,2.3512,2.3512
dog,13,6,19,0.000364,0.000194,-0.5932,0.5932
alarm,4,15,19,0.000112,0.000485,1.2631,1.2631
chicago,10,9,19,0.00028,0.000291,0.0046,0.0046
radio,15,4,19,0.00042,0.000129,-1.0632,1.0632
wanted,14,5,19,0.000392,0.000162,-0.8163,0.8163
totally,12,7,19,0.000336,0.000226,-0.3856,0.3856
takes,8,11,19,0.000224,0.000356,0.3876,0.3876
public,11,8,19,0.000308,0.000259,-0.1877,0.1877
eye,15,4,19,0.00042,0.000129,-1.0632,1.0632
centre,11,8,19,0.000308,0.000259,-0.1877,0.1877
large,8,11,19,0.000224,0.000356,0.3876,0.3876
taken,9,10,19,0.000252,0.000323,0.1953,0.1953
mishaps,5,14,19,0.00014,0.000453,1.0162,1.0162
christian,1,18,19,2.8e-05,0.000582,2.3512,2.3512
try,15,4,19,0.00042,0.000129,-1.0632,1.0632
village,0,19,19,0.0,0.000614,3.0957,3.0957
100,14,5,19,0.000392,0.000162,-0.8163,0.8163
russia,5,14,19,0.00014,0.000453,1.0162,1.0162
aftershock,19,0,19,0.000532,0.0,-2.8958,2.8958
mad,12,7,19,0.000336,0.000226,-0.3856,0.3856
happened,9,10,19,0.000252,0.000323,0.1953,0.1953
ladies,17,2,19,0.000476,6.5e-05,-1.6918,1.6918
24,9,10,19,0.000252,0.000323,0.1953,0.1953
blizzard,16,3,19,0.000448,9.7e-05,-1.347,1.347
bbc,3,16,19,8.4e-05,0.000517,1.5469,1.5469
appears,16,3,19,0.000448,9.7e-05,-1.347,1.347
coaches,0,18,18,0.0,0.000582,3.0444,3.0444
chile,14,4,18,0.000392,0.000129,-0.9987,0.9987
aint,14,4,18,0.000392,0.000129,-0.9987,0.9987
insurance,11,7,18,0.000308,0.000226,-0.3055,0.3055
driving,12,6,18,0.000336,0.000194,-0.5191,0.5191
nagasaki,0,18,18,0.0,0.000582,3.0444,3.0444
quiz,16,2,18,0.000448,6.5e-05,-1.6347,1.6347
info,11,7,18,0.000308,0.000226,-0.3055,0.3055
favorite,16,2,18,0.000448,6.5e-05,-1.6347,1.6347
myanmar,0,18,18,0.0,0.000582,3.0444,3.0444
flight,1,17,18,2.8e-05,0.00055,2.2972,2.2972
film,12,6,18,0.000336,0.000194,-0.5191,0.5191
vs,15,3,18,0.00042,9.7e-05,-1.2863,1.2863
downtown,7,11,18,0.000196,0.000356,0.5054,0.5054
green,9,9,18,0.000252,0.000291,0.0999,0.0999
mount,0,18,18,0.0,0.000582,3.0444,3.0444
middle,10,8,18,0.00028,0.000259,-0.1007,0.1007
israel,4,14,18,0.000112,0.000453,1.1986,1.1986
virgin,0,18,18,0.0,0.000582,3.0444,3.0444
trust,15,3,18,0.00042,9.7e-05,-1.2863,1.2863
germs,6,12,18,0.000168,0.000388,0.719,0.719
british,7,11,18,0.000196,0.000356,0.5054,0.5054
mph,1,17,18,2.8e-05,0.00055,2.2972,2.2972
till,10,8,18,0.00028,0.000259,-0.1007,0.1007
marks,0,18,18,0.0,0.000582,3.0444,3.0444
experts,1,17,18,2.8e-05,0.00055,2.2972,2.2972
ready,10,8,18,0.00028,0.000259,-0.1007,0.1007
instead,11,7,18,0.000308,0.000226,-0.3055,0.3055
friend,14,4,18,0.000392,0.000129,-0.9987,0.9987
don,14,4,18,0.000392,0.000129,-0.9987,0.9987
arsonist,11,7,18,0.000308,0.000226,-0.3055,0.3055
global,4,14,18,0.000112,0.000453,1.1986,1.1986
thursday,5,13,18,0.00014,0.00042,0.9472,0.9472
reddits,16,2,18,0.000448,6.5e-05,-1.6347,1.6347
date,12,5,17,0.000336,0.000162,-0.6732,0.6732
gave,12,5,17,0.000336,0.000162,-0.6732,0.6732
human,6,11,17,0.000168,0.000356,0.6389,0.6389
reported,2,15,17,5.6e-05,0.000485,1.7739,1.7739
outrage,0,17,17,0.0,0.00055,2.9903,2.9903
cnn,4,13,17,0.000112,0.00042,1.1296,1.1296
funtenna,12,5,17,0.000336,0.000162,-0.6732,0.6732
added,14,3,17,0.000392,9.7e-05,-1.2218,1.2218
taking,9,8,17,0.000252,0.000259,-0.0054,0.0054
theater,0,17,17,0.0,0.00055,2.9903,2.9903
turned,11,6,17,0.000308,0.000194,-0.439,0.439
scared,12,5,17,0.000336,0.000162,-0.6732,0.6732
sounds,11,6,17,0.000308,0.000194,-0.439,0.439
turn,12,5,17,0.000336,0.000162,-0.6732,0.6732
sad,8,9,17,0.000224,0.000291,0.2053,0.2053
v,13,4,17,0.000364,0.000129,-0.9297,0.9297
pradesh,0,17,17,0.0,0.00055,2.9903,2.9903
driver,5,12,17,0.00014,0.000388,0.8731,0.8731
landing,1,16,17,2.8e-05,0.000517,2.24,2.24
hiring,16,1,17,0.000448,3.2e-05,-2.0401,2.0401
bayelsa,7,10,17,0.000196,0.000323,0.4184,0.4184
early,5,12,17,0.00014,0.000388,0.8731,0.8731
gems,11,6,17,0.000308,0.000194,-0.439,0.439
ancient,16,1,17,0.000448,3.2e-05,-2.0401,2.0401
following,5,12,17,0.00014,0.000388,0.8731,0.8731
moment,9,8,17,0.000252,0.000259,-0.0054,0.0054
france,4,13,17,0.000112,0.00042,1.1296,1.1296
ppl,9,8,17,0.000252,0.000259,-0.0054,0.0054
led,15,2,17,0.00042,6.5e-05,-1.574,1.574
point,5,12,17,0.00014,0.000388,0.8731,0.8731
park,10,7,17,0.00028,0.000226,-0.2185,0.2185
escape,4,13,17,0.000112,0.00042,1.1296,1.1296
madhya,0,17,17,0.0,0.00055,2.9903,2.9903
wonder,13,4,17,0.000364,0.000129,-0.9297,0.9297
true,8,9,17,0.000224,0.000291,0.2053,0.2053
patience,7,10,17,0.000196,0.000323,0.4184,0.4184
dies,5,12,17,0.00014,0.000388,0.8731,0.8731
comes,13,4,17,0.000364,0.000129,-0.9297,0.9297
govt,7,10,17,0.000196,0.000323,0.4184,0.4184
york,4,13,17,0.000112,0.00042,1.1296,1.1296
download,13,4,17,0.000364,0.000129,-0.9297,0.9297
sea,7,10,17,0.000196,0.000323,0.4184,0.4184
bring,12,5,17,0.000336,0.000162,-0.6732,0.6732
subreddits,15,2,17,0.00042,6.5e-05,-1.574,1.574
libya,0,17,17,0.0,0.00055,2.9903,2.9903
disease,3,14,17,8.4e-05,0.000453,1.4217,1.4217
sex,13,4,17,0.000364,0.000129,-0.9297,0.9297
australia,10,7,17,0.00028,0.000226,-0.2185,0.2185
camp,8,9,17,0.000224,0.000291,0.2053,0.2053
drake,14,3,17,0.000392,9.7e-05,-1.2218,1.2218
militants,0,16,16,0.0,0.000517,2.9332,2.9332
rock,10,6,16,0.00028,0.000194,-0.352,0.352
colorado,6,10,16,0.000168,0.000323,0.5519,0.5519
buy,15,1,16,0.00042,3.2e-05,-1.9795,1.9795
sky,9,7,16,0.000252,0.000226,-0.1232,0.1232
70th,0,16,16,0.0,0.000517,2.9332,2.9332
series,12,4,16,0.000336,0.000129,-0.8556,0.8556
galactic,0,16,16,0.0,0.000517,2.9332,2.9332
shots,4,12,16,0.000112,0.000388,1.0555,1.0555
young,7,9,16,0.000196,0.000291,0.3231,0.3231
gas,4,12,16,0.000112,0.000388,1.0555,1.0555
fashion,15,1,16,0.00042,3.2e-05,-1.9795,1.9795
room,10,6,16,0.00028,0.000194,-0.352,0.352
pamela,1,15,16,2.8e-05,0.000485,2.1794,2.1794
share,10,6,16,0.00028,0.000194,-0.352,0.352
mode,15,1,16,0.00042,3.2e-05,-1.9795,1.9795
sick,7,9,16,0.000196,0.000291,0.3231,0.3231
parole,4,12,16,0.000112,0.000388,1.0555,1.0555
thinking,13,3,16,0.000364,9.7e-05,-1.1528,1.1528
soul,14,2,16,0.000392,6.5e-05,-1.5095,1.5095
bed,13,3,16,0.000364,9.7e-05,-1.1528,1.1528
ebola,1,15,16,2.8e-05,0.000485,2.1794,2.1794
pray,9,7,16,0.000252,0.000226,-0.1232,0.1232
miss,14,2,16,0.000392,6.5e-05,-1.5095,1.5095
nigerian,2,14,16,5.6e-05,0.000453,1.7094,1.7094
chinas,10,6,16,0.00028,0.000194,-0.352,0.352
ave,5,11,16,0.00014,0.000356,0.7931,0.7931
biggest,13,3,16,0.000364,9.7e-05,-1.1528,1.1528
bombs,0,16,16,0.0,0.000517,2.9332,2.9332
businesses,12,4,16,0.000336,0.000129,-0.8556,0.8556
awesome,15,1,16,0.00042,3.2e-05,-1.9795,1.9795
working,10,6,16,0.00028,0.000194,-0.352,0.352
silver,11,5,16,0.000308,0.000162,-0.5932,0.5932
scene,3,13,16,8.4e-05,0.00042,1.3527,1.3527
neighbours,13,3,16,0.000364,9.7e-05,-1.1528,1.1528
holding,5,11,16,0.00014,0.000356,0.7931,0.7931
tweet,13,3,16,0.000364,9.7e-05,-1.1528,1.1528
dad,12,4,16,0.000336,0.000129,-0.8556,0.8556
niggas,13,3,16,0.000364,9.7e-05,-1.1528,1.1528
lamp,13,3,16,0.000364,9.7e-05,-1.1528,1.1528
risk,7,9,16,0.000196,0.000291,0.3231,0.3231
told,8,8,16,0.000224,0.000259,0.0999,0.0999
lmao,16,0,16,0.000448,0.0,-2.7333,2.7333
unconfirmed,13,3,16,0.000364,9.7e-05,-1.1528,1.1528
rly,1,15,16,2.8e-05,0.000485,2.1794,2.1794
claims,3,13,16,8.4e-05,0.00042,1.3527,1.3527
rules,11,5,16,0.000308,0.000162,-0.5932,0.5932
falling,9,7,16,0.000252,0.000226,-0.1232,0.1232
tree,6,10,16,0.000168,0.000323,0.5519,0.5519
pakistani,0,16,16,0.0,0.000517,2.9332,2.9332
likely,14,2,16,0.000392,6.5e-05,-1.5095,1.5095
london,9,7,16,0.000252,0.000226,-0.1232,0.1232
shows,6,10,16,0.000168,0.000323,0.5519,0.5519
nws,0,16,16,0.0,0.000517,2.9332,2.9332
seeing,14,2,16,0.000392,6.5e-05,-1.5095,1.5095
hand,9,7,16,0.000252,0.000226,-0.1232,0.1232
earth,14,2,16,0.000392,6.5e-05,-1.5095,1.5095
break,10,6,16,0.00028,0.000194,-0.352,0.352
party,12,4,16,0.000336,0.000129,-0.8556,0.8556
wasnt,9,6,15,0.000252,0.000194,-0.2567,0.2567
guess,11,4,15,0.000308,0.000129,-0.7755,0.7755
shift,7,8,15,0.000196,0.000259,0.2177,0.2177
firefighters,1,14,15,2.8e-05,0.000453,2.1149,2.1149
arrested,3,12,15,8.4e-05,0.000388,1.2786,1.2786
terror,1,14,15,2.8e-05,0.000453,2.1149,2.1149
secret,12,3,15,0.000336,9.7e-05,-1.0787,1.0787
wants,14,1,15,0.000392,3.2e-05,-1.915,1.915
petition,11,4,15,0.000308,0.000129,-0.7755,0.7755
coast,1,14,15,2.8e-05,0.000453,2.1149,2.1149
means,12,3,15,0.000336,9.7e-05,-1.0787,1.0787
japanese,4,11,15,0.000112,0.000356,0.9754,0.9754
research,6,9,15,0.000168,0.000291,0.4566,0.4566
tote,14,1,15,0.000392,3.2e-05,-1.915,1.915
record,4,11,15,0.000112,0.000356,0.9754,0.9754
richmond,1,14,15,2.8e-05,0.000453,2.1149,2.1149
waving,0,15,15,0.0,0.000485,2.8725,2.8725
handbag,14,1,15,0.000392,3.2e-05,-1.915,1.915
problem,8,7,15,0.000224,0.000226,-0.0178,0.0178
cree,12,3,15,0.000336,9.7e-05,-1.0787,1.0787
safety,6,9,15,0.000168,0.000291,0.4566,0.4566
youtube,11,4,15,0.000308,0.000129,-0.7755,0.7755
expected,4,11,15,0.000112,0.000356,0.9754,0.9754
deep,11,4,15,0.000308,0.000129,-0.7755,0.7755
started,10,5,15,0.00028,0.000162,-0.5062,0.5062
art,14,1,15,0.000392,3.2e-05,-1.915,1.915
geller,0,15,15,0.0,0.000485,2.8725,2.8725
fans,9,6,15,0.000252,0.000194,-0.2567,0.2567
hour,8,7,15,0.000224,0.000226,-0.0178,0.0178
cut,5,10,15,0.00014,0.000323,0.7061,0.7061
investigating,3,12,15,8.4e-05,0.000388,1.2786,1.2786
wednesday,3,12,15,8.4e-05,0.000388,1.2786,1.2786
ahead,10,5,15,0.00028,0.000162,-0.5062,0.5062
department,10,5,15,0.00028,0.000162,-0.5062,0.5062
walk,9,6,15,0.000252,0.000194,-0.2567,0.2567
washington,3,12,15,8.4e-05,0.000388,1.2786,1.2786
interesting,10,5,15,0.00028,0.000162,-0.5062,0.5062
cdt,0,15,15,0.0,0.000485,2.8725,2.8725
passengers,0,15,15,0.0,0.000485,2.8725,2.8725
loving,11,4,15,0.000308,0.000129,-0.7755,0.7755
super,13,2,15,0.000364,6.5e-05,-1.4405,1.4405
12000,1,14,15,2.8e-05,0.000453,2.1149,2.1149
members,4,11,15,0.000112,0.000356,0.9754,0.9754
victims,2,13,15,5.6e-05,0.00042,1.6404,1.6404
f,10,5,15,0.00028,0.000162,-0.5062,0.5062
playlist,13,2,15,0.000364,6.5e-05,-1.4405,1.4405
king,15,0,15,0.00042,0.0,-2.6726,2.6726
tried,12,3,15,0.000336,9.7e-05,-1.0787,1.0787
apollo,11,4,15,0.000308,0.000129,-0.7755,0.7755
worse,9,6,15,0.000252,0.000194,-0.2567,0.2567
dude,10,5,15,0.00028,0.000162,-0.5062,0.5062
crematoria,0,15,15,0.0,0.000485,2.8725,2.8725
pilot,0,14,14,0.0,0.000453,2.808,2.808
planned,9,5,14,0.000252,0.000162,-0.4109,0.4109
prepare,6,8,14,0.000168,0.000259,0.3513,0.3513
idea,9,5,14,0.000252,0.000162,-0.4109,0.4109
different,9,5,14,0.000252,0.000162,-0.4109,0.4109
cold,9,5,14,0.000252,0.000162,-0.4109,0.4109
delivers,9,5,14,0.000252,0.000162,-0.4109,0.4109
central,0,14,14,0.0,0.000453,2.808,2.808
dr,7,7,14,0.000196,0.000226,0.0999,0.0999
wall,7,7,14,0.000196,0.000226,0.0999,0.0999
season,8,6,14,0.000224,0.000194,-0.1514,0.1514
winds,2,12,14,5.6e-05,0.000388,1.5663,1.5663
hair,13,1,14,0.000364,3.2e-05,-1.846,1.846
alabama,1,13,14,2.8e-05,0.00042,2.0459,2.0459
glad,9,5,14,0.000252,0.000162,-0.4109,0.4109
direction,11,3,14,0.000308,9.7e-05,-0.9987,0.9987
recount,0,14,14,0.0,0.000453,2.808,2.808
giving,10,4,14,0.00028,0.000129,-0.6885,0.6885
lake,6,8,14,0.000168,0.000259,0.3513,0.3513
small,7,7,14,0.000196,0.000226,0.0999,0.0999
number,8,6,14,0.000224,0.000194,-0.1514,0.1514
governor,3,11,14,8.4e-05,0.000356,1.1986,1.1986
information,7,7,14,0.000196,0.000226,0.0999,0.0999
aba,9,5,14,0.000252,0.000162,-0.4109,0.4109
dance,13,1,14,0.000364,3.2e-05,-1.846,1.846
oklahoma,2,12,14,5.6e-05,0.000388,1.5663,1.5663
jonathan,4,10,14,0.000112,0.000323,0.8884,0.8884
mountain,6,8,14,0.000168,0.000259,0.3513,0.3513
mean,9,5,14,0.000252,0.000162,-0.4109,0.4109
ve,11,3,14,0.000308,9.7e-05,-0.9987,0.9987
04,0,14,14,0.0,0.000453,2.808,2.808
strong,4,10,14,0.000112,0.000323,0.8884,0.8884
provoke,0,14,14,0.0,0.000453,2.808,2.808
girls,12,2,14,0.000336,6.5e-05,-1.3664,1.3664
indian,3,11,14,8.4e-05,0.000356,1.1986,1.1986
600,2,12,14,5.6e-05,0.000388,1.5663,1.5663
islamic,2,12,14,5.6e-05,0.000388,1.5663,1.5663
strike,5,9,14,0.00014,0.000291,0.6108,0.6108
internet,10,4,14,0.00028,0.000129,-0.6885,0.6885
utc2015,2,12,14,5.6e-05,0.000388,1.5663,1.5663
album,13,1,14,0.000364,3.2e-05,-1.846,1.846
taiwan,0,14,14,0.0,0.000453,2.808,2.808
internally,5,9,14,0.00014,0.000291,0.6108,0.6108
lies,7,7,14,0.000196,0.000226,0.0999,0.0999
parents,7,7,14,0.000196,0.000226,0.0999,0.0999
piece,5,9,14,0.00014,0.000291,0.6108,0.6108
arent,13,1,14,0.000364,3.2e-05,-1.846,1.846
career,14,0,14,0.000392,0.0,-2.6081,2.6081
act,7,7,14,0.000196,0.000226,0.0999,0.0999
travel,8,6,14,0.000224,0.000194,-0.1514,0.1514
open,11,3,14,0.000308,9.7e-05,-0.9987,0.9987
western,3,11,14,8.4e-05,0.000356,1.1986,1.1986
sitting,8,6,14,0.000224,0.000194,-0.1514,0.1514
lady,11,3,14,0.000308,9.7e-05,-0.9987,0.9987
marians,0,14,14,0.0,0.000453,2.808,2.808
time2015,2,12,14,5.6e-05,0.000388,1.5663,1.5663
expect,3,11,14,8.4e-05,0.000356,1.1986,1.1986
occurred,9,5,14,0.000252,0.000162,-0.4109,0.4109
general,9,5,14,0.000252,0.000162,-0.4109,0.4109
non,5,8,13,0.00014,0.000259,0.5054,0.5054
gop,10,3,13,0.00028,9.7e-05,-0.9117,0.9117
took,8,5,13,0.000224,0.000162,-0.3055,0.3055
worlds,10,3,13,0.00028,9.7e-05,-0.9117,0.9117
using,5,8,13,0.00014,0.000259,0.5054,0.5054
incident,1,12,13,2.8e-05,0.000388,1.9718,1.9718
teen,9,4,13,0.000252,0.000129,-0.5932,0.5932
cameroon,1,12,13,2.8e-05,0.000388,1.9718,1.9718
nigga,11,2,13,0.000308,6.5e-05,-1.2863,1.2863
gunman,1,12,13,2.8e-05,0.000388,1.9718,1.9718
students,6,7,13,0.000168,0.000226,0.2335,0.2335
offroad,11,2,13,0.000308,6.5e-05,-1.2863,1.2863
turkish,4,9,13,0.000112,0.000291,0.7931,0.7931
salt,8,5,13,0.000224,0.000162,-0.3055,0.3055
spring,4,9,13,0.000112,0.000291,0.7931,0.7931
press,10,3,13,0.00028,9.7e-05,-0.9117,0.9117
threat,7,6,13,0.000196,0.000194,-0.0336,0.0336
helping,5,8,13,0.00014,0.000259,0.5054,0.5054
udhampur,0,13,13,0.0,0.00042,2.739,2.739
account,7,6,13,0.000196,0.000194,-0.0336,0.0336
denver,2,11,13,5.6e-05,0.000356,1.4862,1.4862
brooklyn,5,8,13,0.00014,0.000259,0.5054,0.5054
answer,11,2,13,0.000308,6.5e-05,-1.2863,1.2863
month,5,8,13,0.00014,0.000259,0.5054,0.5054
hasnt,10,3,13,0.00028,9.7e-05,-0.9117,0.9117
living,4,9,13,0.000112,0.000291,0.7931,0.7931
comment,9,4,13,0.000252,0.000129,-0.5932,0.5932
states,6,7,13,0.000168,0.000226,0.2335,0.2335
president,4,9,13,0.000112,0.000291,0.7931,0.7931
response,4,9,13,0.000112,0.000291,0.7931,0.7931
apc,4,9,13,0.000112,0.000291,0.7931,0.7931
loved,11,2,13,0.000308,6.5e-05,-1.2863,1.2863
havent,11,2,13,0.000308,6.5e-05,-1.2863,1.2863
philippines,1,12,13,2.8e-05,0.000388,1.9718,1.9718
ground,7,6,13,0.000196,0.000194,-0.0336,0.0336
force,6,7,13,0.000168,0.000226,0.2335,0.2335
horse,8,5,13,0.000224,0.000162,-0.3055,0.3055
causes,4,9,13,0.000112,0.000291,0.7931,0.7931
happen,6,7,13,0.000168,0.000226,0.2335,0.2335
international,9,4,13,0.000252,0.000129,-0.5932,0.5932
broke,12,1,13,0.000336,3.2e-05,-1.7719,1.7719
07,4,9,13,0.000112,0.000291,0.7931,0.7931
evening,7,6,13,0.000196,0.000194,-0.0336,0.0336
san,6,7,13,0.000168,0.000226,0.2335,0.2335
sense,9,4,13,0.000252,0.000129,-0.5932,0.5932
suspected,1,12,13,2.8e-05,0.000388,1.9718,1.9718
enugu,7,6,13,0.000196,0.000194,-0.0336,0.0336
worry,7,6,13,0.000196,0.000194,-0.0336,0.0336
beat,9,4,13,0.000252,0.000129,-0.5932,0.5932
involving,8,5,13,0.000224,0.000162,-0.3055,0.3055
standard,8,5,13,0.000224,0.000162,-0.3055,0.3055
saying,12,1,13,0.000336,3.2e-05,-1.7719,1.7719
funny,11,2,13,0.000308,6.5e-05,-1.2863,1.2863
gone,8,5,13,0.000224,0.000162,-0.3055,0.3055
29,3,10,13,8.4e-05,0.000323,1.1115,1.1115
join,12,1,13,0.000336,3.2e-05,-1.7719,1.7719
wedding,12,1,13,0.000336,3.2e-05,-1.7719,1.7719
2013,5,8,13,0.00014,0.000259,0.5054,0.5054
gold,8,5,13,0.000224,0.000162,-0.3055,0.3055
agree,8,5,13,0.000224,0.000162,-0.3055,0.3055
sun,10,3,13,0.00028,9.7e-05,-0.9117,0.9117
bit,6,7,13,0.000168,0.000226,0.2335,0.2335
wife,8,5,13,0.000224,0.000162,-0.3055,0.3055
shape,10,3,13,0.00028,9.7e-05,-0.9117,0.9117
sent,9,4,13,0.000252,0.000129,-0.5932,0.5932
l,5,8,13,0.00014,0.000259,0.5054,0.5054
faux,12,1,13,0.000336,3.2e-05,-1.7719,1.7719
airlines,0,13,13,0.0,0.00042,2.739,2.739
weekend,10,3,13,0.00028,9.7e-05,-0.9117,0.9117
walking,9,4,13,0.000252,0.000129,-0.5932,0.5932
played,9,4,13,0.000252,0.000129,-0.5932,0.5932
2014,8,5,13,0.000224,0.000162,-0.3055,0.3055
months,9,4,13,0.000252,0.000129,-0.5932,0.5932
med,2,11,13,5.6e-05,0.000356,1.4862,1.4862
wrought,0,13,13,0.0,0.00042,2.739,2.739
fact,9,4,13,0.000252,0.000129,-0.5932,0.5932
double,9,4,13,0.000252,0.000129,-0.5932,0.5932
office,4,9,13,0.000112,0.000291,0.7931,0.7931
felt,6,7,13,0.000168,0.000226,0.2335,0.2335
map,5,8,13,0.00014,0.000259,0.5054,0.5054
cat,12,1,13,0.000336,3.2e-05,-1.7719,1.7719
absolutely,11,2,13,0.000308,6.5e-05,-1.2863,1.2863
close,4,9,13,0.000112,0.000291,0.7931,0.7931
financial,9,4,13,0.000252,0.000129,-0.5932,0.5932
hi,8,5,13,0.000224,0.000162,-0.3055,0.3055
nice,12,1,13,0.000336,3.2e-05,-1.7719,1.7719
mod,9,4,13,0.000252,0.000129,-0.5932,0.5932
cover,9,4,13,0.000252,0.000129,-0.5932,0.5932
metal,8,5,13,0.000224,0.000162,-0.3055,0.3055
games,11,2,13,0.000308,6.5e-05,-1.2863,1.2863
wish,10,2,12,0.00028,6.5e-05,-1.1993,1.1993
search,4,8,12,0.000112,0.000259,0.6877,0.6877
related,2,10,12,5.6e-05,0.000323,1.3992,1.3992
burn,6,6,12,0.000168,0.000194,0.0999,0.0999
22,8,4,12,0.000224,0.000129,-0.4878,0.4878
africa,4,8,12,0.000112,0.000259,0.6877,0.6877
millions,1,11,12,2.8e-05,0.000356,1.8917,1.8917
forever,8,4,12,0.000224,0.000129,-0.4878,0.4878
board,6,6,12,0.000168,0.000194,0.0999,0.0999
local,3,9,12,8.4e-05,0.000291,1.0162,1.0162
plunging,0,12,12,0.0,0.000388,2.6649,2.6649
specially,2,10,12,5.6e-05,0.000323,1.3992,1.3992
single,8,4,12,0.000224,0.000129,-0.4878,0.4878
ban,4,8,12,0.000112,0.000259,0.6877,0.6877
ashes,4,8,12,0.000112,0.000259,0.6877,0.6877
1980,2,10,12,5.6e-05,0.000323,1.3992,1.3992
effects,4,8,12,0.000112,0.000259,0.6877,0.6877
worldnews,1,11,12,2.8e-05,0.000356,1.8917,1.8917
later,5,7,12,0.00014,0.000226,0.3876,0.3876
vote,8,4,12,0.000224,0.000129,-0.4878,0.4878
smaug,11,1,12,0.000308,3.2e-05,-1.6918,1.6918
1st,8,4,12,0.000224,0.000129,-0.4878,0.4878
tablet,10,2,12,0.00028,6.5e-05,-1.1993,1.1993
tho,8,4,12,0.000224,0.000129,-0.4878,0.4878
todays,5,7,12,0.00014,0.000226,0.3876,0.3876
changes,8,4,12,0.000224,0.000129,-0.4878,0.4878
fully,6,6,12,0.000168,0.000194,0.0999,0.0999
wtf,7,5,12,0.000196,0.000162,-0.1877,0.1877
union,2,10,12,5.6e-05,0.000323,1.3992,1.3992
episode,9,3,12,0.000252,9.7e-05,-0.8163,0.8163
match,9,3,12,0.000252,9.7e-05,-0.8163,0.8163
industry,6,6,12,0.000168,0.000194,0.0999,0.0999
cranes,0,12,12,0.0,0.000388,2.6649,2.6649
animal,8,4,12,0.000224,0.000129,-0.4878,0.4878
door,10,2,12,0.00028,6.5e-05,-1.1993,1.1993
fat,9,3,12,0.000252,9.7e-05,-0.8163,0.8163
causing,7,5,12,0.000196,0.000162,-0.1877,0.1877
happening,5,7,12,0.00014,0.000226,0.3876,0.3876
palestinian,0,12,12,0.0,0.000388,2.6649,2.6649
stage,11,1,12,0.000308,3.2e-05,-1.6918,1.6918
allows,3,9,12,8.4e-05,0.000291,1.0162,1.0162
population,5,7,12,0.00014,0.000226,0.3876,0.3876
sunday,6,6,12,0.000168,0.000194,0.0999,0.0999
future,10,2,12,0.00028,6.5e-05,-1.1993,1.1993
text,11,1,12,0.000308,3.2e-05,-1.6918,1.6918
brother,7,5,12,0.000196,0.000162,-0.1877,0.1877
total,7,5,12,0.000196,0.000162,-0.1877,0.1877
based,8,4,12,0.000224,0.000129,-0.4878,0.4878
event,2,10,12,5.6e-05,0.000323,1.3992,1.3992
killing,2,10,12,5.6e-05,0.000323,1.3992,1.3992
drink,11,1,12,0.000308,3.2e-05,-1.6918,1.6918
cable,11,1,12,0.000308,3.2e-05,-1.6918,1.6918
guide,11,1,12,0.000308,3.2e-05,-1.6918,1.6918
youll,10,2,12,0.00028,6.5e-05,-1.1993,1.1993
runs,5,7,12,0.00014,0.000226,0.3876,0.3876
dogs,7,5,12,0.000196,0.000162,-0.1877,0.1877
louis,12,0,12,0.000336,0.0,-2.465,2.465
purse,11,1,12,0.000308,3.2e-05,-1.6918,1.6918
short,7,5,12,0.000196,0.000162,-0.1877,0.1877
fighting,5,7,12,0.00014,0.000226,0.3876,0.3876
senso,8,4,12,0.000224,0.000129,-0.4878,0.4878
test,9,3,12,0.000252,9.7e-05,-0.8163,0.8163
roosevelt,0,12,12,0.0,0.000388,2.6649,2.6649
stories,7,5,12,0.000196,0.000162,-0.1877,0.1877
court,9,3,12,0.000252,9.7e-05,-0.8163,0.8163
friday,7,5,12,0.000196,0.000162,-0.1877,0.1877
ones,8,4,12,0.000224,0.000129,-0.4878,0.4878
million,4,8,12,0.000112,0.000259,0.6877,0.6877
nyc,4,8,12,0.000112,0.000259,0.6877,0.6877
victim,1,11,12,2.8e-05,0.000356,1.8917,1.8917
stadium,2,10,12,5.6e-05,0.000323,1.3992,1.3992
linked,2,10,12,5.6e-05,0.000323,1.3992,1.3992
begin,4,8,12,0.000112,0.000259,0.6877,0.6877
training,4,8,12,0.000112,0.000259,0.6877,0.6877
feet,11,1,12,0.000308,3.2e-05,-1.6918,1.6918
h,8,4,12,0.000224,0.000129,-0.4878,0.4878
trump,9,3,12,0.000252,9.7e-05,-0.8163,0.8163
struggles,0,12,12,0.0,0.000388,2.6649,2.6649
pass,7,5,12,0.000196,0.000162,-0.1877,0.1877
metro,2,10,12,5.6e-05,0.000323,1.3992,1.3992
kinda,9,3,12,0.000252,9.7e-05,-0.8163,0.8163
company,6,6,12,0.000168,0.000194,0.0999,0.0999
michael,10,2,12,0.00028,6.5e-05,-1.1993,1.1993
anymore,8,4,12,0.000224,0.000129,-0.4878,0.4878
phoenix,6,6,12,0.000168,0.000194,0.0999,0.0999
feat,10,2,12,0.00028,6.5e-05,-1.1993,1.1993
rate,8,3,11,0.000224,9.7e-05,-0.711,0.711
14,9,2,11,0.000252,6.5e-05,-1.104,1.104
reasons,10,1,11,0.00028,3.2e-05,-1.6048,1.6048
birthday,10,1,11,0.00028,3.2e-05,-1.6048,1.6048
drunk,6,5,11,0.000168,0.000162,-0.0542,0.0542
lucky,11,0,11,0.000308,0.0,-2.385,2.385
gotta,8,3,11,0.000224,9.7e-05,-0.711,0.711
queen,8,3,11,0.000224,9.7e-05,-0.711,0.711
insurer,6,5,11,0.000168,0.000162,-0.0542,0.0542
pile,10,1,11,0.00028,3.2e-05,-1.6048,1.6048
modified,1,10,11,2.8e-05,0.000323,1.8047,1.8047
tears,8,3,11,0.000224,9.7e-05,-0.711,0.711
bitch,10,1,11,0.00028,3.2e-05,-1.6048,1.6048
trent,3,8,11,8.4e-05,0.000259,0.9109,0.9109
brought,9,2,11,0.000252,6.5e-05,-1.104,1.104
edm,11,0,11,0.000308,0.0,-2.385,2.385
lead,9,2,11,0.000252,6.5e-05,-1.104,1.104
matter,7,4,11,0.000196,0.000129,-0.3701,0.3701
hello,8,3,11,0.000224,9.7e-05,-0.711,0.711
yall,9,2,11,0.000252,6.5e-05,-1.104,1.104
special,7,4,11,0.000196,0.000129,-0.3701,0.3701
130,1,10,11,2.8e-05,0.000323,1.8047,1.8047
radiation,5,6,11,0.00014,0.000194,0.2541,0.2541
owner,7,4,11,0.000196,0.000129,-0.3701,0.3701
captures,1,10,11,2.8e-05,0.000323,1.8047,1.8047
box,6,5,11,0.000168,0.000162,-0.0542,0.0542
repatriated,1,10,11,2.8e-05,0.000323,1.8047,1.8047
hero,8,3,11,0.000224,9.7e-05,-0.711,0.711
program,6,5,11,0.000168,0.000162,-0.0542,0.0542
alive,7,4,11,0.000196,0.000129,-0.3701,0.3701
cannot,6,5,11,0.000168,0.000162,-0.0542,0.0542
glass,10,1,11,0.00028,3.2e-05,-1.6048,1.6048
pdp,3,8,11,8.4e-05,0.000259,0.9109,0.9109
kit,7,4,11,0.000196,0.000129,-0.3701,0.3701
desires,9,2,11,0.000252,6.5e-05,-1.104,1.104
mix,7,4,11,0.000196,0.000129,-0.3701,0.3701
dangerous,7,4,11,0.000196,0.000129,-0.3701,0.3701
leaving,6,5,11,0.000168,0.000162,-0.0542,0.0542
social,8,3,11,0.000224,9.7e-05,-0.711,0.711
2nd,2,9,11,5.6e-05,0.000291,1.3039,1.3039
straight,10,1,11,0.00028,3.2e-05,-1.6048,1.6048
reading,9,2,11,0.000252,6.5e-05,-1.104,1.104
emmerdale,9,2,11,0.000252,6.5e-05,-1.104,1.104
kid,9,2,11,0.000252,6.5e-05,-1.104,1.104
worth,7,4,11,0.000196,0.000129,-0.3701,0.3701
crime,2,9,11,5.6e-05,0.000291,1.3039,1.3039
exchanging,0,11,11,0.0,0.000356,2.5849,2.5849
blocked,6,5,11,0.000168,0.000162,-0.0542,0.0542
dan,7,4,11,0.000196,0.000129,-0.3701,0.3701
setting,4,7,11,0.000112,0.000226,0.57,0.57
technology,10,1,11,0.00028,3.2e-05,-1.6048,1.6048
express,0,11,11,0.0,0.000356,2.5849,2.5849
bay,3,8,11,8.4e-05,0.000259,0.9109,0.9109
fears,1,10,11,2.8e-05,0.000323,1.8047,1.8047
usgs,1,10,11,2.8e-05,0.000323,1.8047,1.8047
minutes,7,4,11,0.000196,0.000129,-0.3701,0.3701
version,10,1,11,0.00028,3.2e-05,-1.6048,1.6048
gay,9,2,11,0.000252,6.5e-05,-1.104,1.104
feels,9,2,11,0.000252,6.5e-05,-1.104,1.104
complete,11,0,11,0.000308,0.0,-2.385,2.385
carrying,0,11,11,0.0,0.000356,2.5849,2.5849
canada,3,8,11,8.4e-05,0.000259,0.9109,0.9109
ships,8,3,11,0.000224,9.7e-05,-0.711,0.711
freak,2,9,11,5.6e-05,0.000291,1.3039,1.3039
happens,7,4,11,0.000196,0.000129,-0.3701,0.3701
orders,2,9,11,5.6e-05,0.000291,1.3039,1.3039
el,4,7,11,0.000112,0.000226,0.57,0.57
syrian,7,4,11,0.000196,0.000129,-0.3701,0.3701
wildfires,0,11,11,0.0,0.000356,2.5849,2.5849
destroys,0,11,11,0.0,0.000356,2.5849,2.5849
90,5,6,11,0.00014,0.000194,0.2541,0.2541
calls,5,6,11,0.00014,0.000194,0.2541,0.2541
seek,7,4,11,0.000196,0.000129,-0.3701,0.3701
buses,1,10,11,2.8e-05,0.000323,1.8047,1.8047
emotional,10,1,11,0.00028,3.2e-05,-1.6048,1.6048
false,5,6,11,0.00014,0.000194,0.2541,0.2541
updates,5,6,11,0.00014,0.000194,0.2541,0.2541
ross,9,2,11,0.000252,6.5e-05,-1.104,1.104
killer,8,3,11,0.000224,9.7e-05,-0.711,0.711
cops,4,7,11,0.000112,0.000226,0.57,0.57
prevent,8,3,11,0.000224,9.7e-05,-0.711,0.711
tension,3,8,11,8.4e-05,0.000259,0.9109,0.9109
hospital,5,6,11,0.00014,0.000194,0.2541,0.2541
moving,1,10,11,2.8e-05,0.000323,1.8047,1.8047
stuff,8,3,11,0.000224,9.7e-05,-0.711,0.711
rocky,1,10,11,2.8e-05,0.000323,1.8047,1.8047
ice,10,1,11,0.00028,3.2e-05,-1.6048,1.6048
navy,7,4,11,0.000196,0.000129,-0.3701,0.3701
earlier,7,4,11,0.000196,0.000129,-0.3701,0.3701
tracks,5,6,11,0.00014,0.000194,0.2541,0.2541
potential,3,7,10,8.4e-05,0.000226,0.7931,0.7931
5km,0,10,10,0.0,0.000323,2.4978,2.4978
usually,6,4,10,0.000168,0.000129,-0.2365,0.2365
cancer,4,6,10,0.000112,0.000194,0.4364,0.4364
sleeping,9,1,10,0.000252,3.2e-05,-1.5095,1.5095
21,6,4,10,0.000168,0.000129,-0.2365,0.2365
yyc,0,10,10,0.0,0.000323,2.4978,2.4978
late,5,5,10,0.00014,0.000162,0.0999,0.0999
ii,6,4,10,0.000168,0.000129,-0.2365,0.2365
saving,6,4,10,0.000168,0.000129,-0.2365,0.2365
hwy,0,10,10,0.0,0.000323,2.4978,2.4978
seeks,7,3,10,0.000196,9.7e-05,-0.5932,0.5932
welcome,10,0,10,0.00028,0.0,-2.2979,2.2979
dark,7,3,10,0.000196,9.7e-05,-0.5932,0.5932
football,8,2,10,0.000224,6.5e-05,-0.9987,0.9987
imagine,6,4,10,0.000168,0.000129,-0.2365,0.2365
main,1,9,10,2.8e-05,0.000291,1.7094,1.7094
hawaii,0,10,10,0.0,0.000323,2.4978,2.4978
politics,3,7,10,8.4e-05,0.000226,0.7931,0.7931
mediterranean,0,10,10,0.0,0.000323,2.4978,2.4978
fine,5,5,10,0.00014,0.000162,0.0999,0.0999
sit,9,1,10,0.000252,3.2e-05,-1.5095,1.5095
meet,7,3,10,0.000196,9.7e-05,-0.5932,0.5932
shall,10,0,10,0.00028,0.0,-2.2979,2.2979
waiting,6,4,10,0.000168,0.000129,-0.2365,0.2365
pics,5,5,10,0.00014,0.000162,0.0999,0.0999
list,8,2,10,0.000224,6.5e-05,-0.9987,0.9987
ocean,2,8,10,5.6e-05,0.000259,1.1986,1.1986
cruz,6,4,10,0.000168,0.000129,-0.2365,0.2365
grows,0,10,10,0.0,0.000323,2.4978,2.4978
sismo,1,9,10,2.8e-05,0.000291,1.7094,1.7094
picture,5,5,10,0.00014,0.000162,0.0999,0.0999
tent,5,5,10,0.00014,0.000162,0.0999,0.0999
snow,4,6,10,0.000112,0.000194,0.4364,0.4364
avoid,4,6,10,0.000112,0.000194,0.4364,0.4364
paul,9,1,10,0.000252,3.2e-05,-1.5095,1.5095
examining,0,10,10,0.0,0.000323,2.4978,2.4978
loose,7,3,10,0.000196,9.7e-05,-0.5932,0.5932
issue,7,3,10,0.000196,9.7e-05,-0.5932,0.5932
abandoned,2,8,10,5.6e-05,0.000259,1.1986,1.1986
em,7,3,10,0.000196,9.7e-05,-0.5932,0.5932
message,4,6,10,0.000112,0.000194,0.4364,0.4364
currently,4,6,10,0.000112,0.000194,0.4364,0.4364
handbags,10,0,10,0.00028,0.0,-2.2979,2.2979
hobo,9,1,10,0.000252,3.2e-05,-1.5095,1.5095
block,9,1,10,0.000252,3.2e-05,-1.5095,1.5095
damaged,2,8,10,5.6e-05,0.000259,1.1986,1.1986
ft,5,5,10,0.00014,0.000162,0.0999,0.0999
squad,3,7,10,8.4e-05,0.000226,0.7931,0.7931
books,8,2,10,0.000224,6.5e-05,-0.9987,0.9987
hold,8,2,10,0.000224,6.5e-05,-0.9987,0.9987
areas,0,10,10,0.0,0.000323,2.4978,2.4978
build,8,2,10,0.000224,6.5e-05,-0.9987,0.9987
question,7,3,10,0.000196,9.7e-05,-0.5932,0.5932
trees,3,7,10,8.4e-05,0.000226,0.7931,0.7931
upset,4,6,10,0.000112,0.000194,0.4364,0.4364
soldiers,1,9,10,2.8e-05,0.000291,1.7094,1.7094
municipal,0,10,10,0.0,0.000323,2.4978,2.4978
remove,7,3,10,0.000196,9.7e-05,-0.5932,0.5932
french,1,9,10,2.8e-05,0.000291,1.7094,1.7094
route,5,5,10,0.00014,0.000162,0.0999,0.0999
extremely,7,3,10,0.000196,9.7e-05,-0.5932,0.5932
pool,7,3,10,0.000196,9.7e-05,-0.5932,0.5932
utc,0,10,10,0.0,0.000323,2.4978,2.4978
woke,8,2,10,0.000224,6.5e-05,-0.9987,0.9987
26,3,7,10,8.4e-05,0.000226,0.7931,0.7931
wwii,3,7,10,8.4e-05,0.000226,0.7931,0.7931
nc,1,9,10,2.8e-05,0.000291,1.7094,1.7094
combo,9,1,10,0.000252,3.2e-05,-1.5095,1.5095
broken,6,4,10,0.000168,0.000129,-0.2365,0.2365
region,0,10,10,0.0,0.000323,2.4978,2.4978
understand,7,3,10,0.000196,9.7e-05,-0.5932,0.5932
common,8,2,10,0.000224,6.5e-05,-0.9987,0.9987
ask,8,2,10,0.000224,6.5e-05,-0.9987,0.9987
bin,1,9,10,2.8e-05,0.000291,1.7094,1.7094
able,7,3,10,0.000196,9.7e-05,-0.5932,0.5932
lose,8,2,10,0.000224,6.5e-05,-0.9987,0.9987
extreme,6,4,10,0.000168,0.000129,-0.2365,0.2365
weird,7,3,10,0.000196,9.7e-05,-0.5932,0.5932
signed,7,3,10,0.000196,9.7e-05,-0.5932,0.5932
babies,5,5,10,0.00014,0.000162,0.0999,0.0999
sh,0,10,10,0.0,0.000323,2.4978,2.4978
according,6,4,10,0.000168,0.000129,-0.2365,0.2365
return,2,8,10,5.6e-05,0.000259,1.1986,1.1986
mr,5,5,10,0.00014,0.000162,0.0999,0.0999
dying,6,4,10,0.000168,0.000129,-0.2365,0.2365
civilian,0,10,10,0.0,0.000323,2.4978,2.4978
son,8,2,10,0.000224,6.5e-05,-0.9987,0.9987
amazon,8,2,10,0.000224,6.5e-05,-0.9987,0.9987
boys,8,2,10,0.000224,6.5e-05,-0.9987,0.9987
afghanistan,2,8,10,5.6e-05,0.000259,1.1986,1.1986
genocide,1,9,10,2.8e-05,0.000291,1.7094,1.7094
spaceship,0,10,10,0.0,0.000323,2.4978,2.4978
terrorists,1,9,10,2.8e-05,0.000291,1.7094,1.7094
jeb,10,0,10,0.00028,0.0,-2.2979,2.2979
perfect,8,2,10,0.000224,6.5e-05,-0.9987,0.9987
quite,7,3,10,0.000196,9.7e-05,-0.5932,0.5932
apply,9,1,10,0.000252,3.2e-05,-1.5095,1.5095
talking,6,4,10,0.000168,0.000129,-0.2365,0.2365
wed,4,6,10,0.000112,0.000194,0.4364,0.4364
round,9,1,10,0.000252,3.2e-05,-1.5095,1.5095
yo,8,2,10,0.000224,6.5e-05,-0.9987,0.9987
colour,9,1,10,0.000252,3.2e-05,-1.5095,1.5095
lots,7,3,10,0.000196,9.7e-05,-0.5932,0.5932
word,8,2,10,0.000224,6.5e-05,-0.9987,0.9987
starts,7,3,10,0.000196,9.7e-05,-0.5932,0.5932
keeps,5,5,10,0.00014,0.000162,0.0999,0.0999
tired,9,1,10,0.000252,3.2e-05,-1.5095,1.5095
antioch,1,9,10,2.8e-05,0.000291,1.7094,1.7094
release,5,5,10,0.00014,0.000162,0.0999,0.0999
pathogens,5,5,10,0.00014,0.000162,0.0999,0.0999
laden,1,8,9,2.8e-05,0.000259,1.604,1.604
stopped,5,4,9,0.00014,0.000129,-0.0824,0.0824
confirms,0,9,9,0.0,0.000291,2.4025,2.4025
app,3,6,9,8.4e-05,0.000194,0.6596,0.6596
deadly,2,7,9,5.6e-05,0.000226,1.0808,1.0808
allah,3,6,9,8.4e-05,0.000194,0.6596,0.6596
create,5,4,9,0.00014,0.000129,-0.0824,0.0824
gm,7,2,9,0.000196,6.5e-05,-0.8809,0.8809
review,6,3,9,0.000168,9.7e-05,-0.4597,0.4597
limited,9,0,9,0.000252,0.0,-2.2026,2.2026
cook,8,1,9,0.000224,3.2e-05,-1.4041,1.4041
ah,7,2,9,0.000196,6.5e-05,-0.8809,0.8809
videos,6,3,9,0.000168,9.7e-05,-0.4597,0.4597
sir,4,5,9,0.000112,0.000162,0.2823,0.2823
crying,8,1,9,0.000224,3.2e-05,-1.4041,1.4041
enjoy,7,2,9,0.000196,6.5e-05,-0.8809,0.8809
motorcyclist,0,9,9,0.0,0.000291,2.4025,2.4025
situation,1,8,9,2.8e-05,0.000259,1.604,1.604
totaling,8,1,9,0.000224,3.2e-05,-1.4041,1.4041
calm,5,4,9,0.00014,0.000129,-0.0824,0.0824
manchester,0,9,9,0.0,0.000291,2.4025,2.4025
meat,7,2,9,0.000196,6.5e-05,-0.8809,0.8809
percent,5,4,9,0.00014,0.000129,-0.0824,0.0824
quickly,3,6,9,8.4e-05,0.000194,0.6596,0.6596
completely,7,2,9,0.000196,6.5e-05,-0.8809,0.8809
nah,6,3,9,0.000168,9.7e-05,-0.4597,0.4597
david,7,2,9,0.000196,6.5e-05,-0.8809,0.8809
cinema,3,6,9,8.4e-05,0.000194,0.6596,0.6596
canyon,0,9,9,0.0,0.000291,2.4025,2.4025
rn,7,2,9,0.000196,6.5e-05,-0.8809,0.8809
community,7,2,9,0.000196,6.5e-05,-0.8809,0.8809
gov,4,5,9,0.000112,0.000162,0.2823,0.2823
style,8,1,9,0.000224,3.2e-05,-1.4041,1.4041
fleets,8,1,9,0.000224,3.2e-05,-1.4041,1.4041
original,8,1,9,0.000224,3.2e-05,-1.4041,1.4041
equipment,5,4,9,0.00014,0.000129,-0.0824,0.0824
units,2,7,9,5.6e-05,0.000226,1.0808,1.0808
kick,7,2,9,0.000196,6.5e-05,-0.8809,0.8809
mini,7,2,9,0.000196,6.5e-05,-0.8809,0.8809
began,4,5,9,0.000112,0.000162,0.2823,0.2823
lil,8,1,9,0.000224,3.2e-05,-1.4041,1.4041
anti,8,1,9,0.000224,3.2e-05,-1.4041,1.4041
asked,8,1,9,0.000224,3.2e-05,-1.4041,1.4041
disney,9,0,9,0.000252,0.0,-2.2026,2.2026
battlefield,6,3,9,0.000168,9.7e-05,-0.4597,0.4597
forecast,1,8,9,2.8e-05,0.000259,1.604,1.604
2011,6,3,9,0.000168,9.7e-05,-0.4597,0.4597
hobbit,9,0,9,0.000252,0.0,-2.2026,2.2026
falls,3,6,9,8.4e-05,0.000194,0.6596,0.6596
user,8,1,9,0.000224,3.2e-05,-1.4041,1.4041
trfc,2,7,9,5.6e-05,0.000226,1.0808,1.0808
directioners,8,1,9,0.000224,3.2e-05,-1.4041,1.4041
shut,3,6,9,8.4e-05,0.000194,0.6596,0.6596
inundation,8,1,9,0.000224,3.2e-05,-1.4041,1.4041
tech,6,3,9,0.000168,9.7e-05,-0.4597,0.4597
character,9,0,9,0.000252,0.0,-2.2026,2.2026
forget,2,7,9,5.6e-05,0.000226,1.0808,1.0808
opens,1,8,9,2.8e-05,0.000259,1.604,1.604
economic,5,4,9,0.00014,0.000129,-0.0824,0.0824
j,6,3,9,0.000168,9.7e-05,-0.4597,0.4597
outlook,2,7,9,5.6e-05,0.000226,1.0808,1.0808
honestly,6,3,9,0.000168,9.7e-05,-0.4597,0.4597
iraq,1,8,9,2.8e-05,0.000259,1.604,1.604
4000,5,4,9,0.00014,0.000129,-0.0824,0.0824
sports,7,2,9,0.000196,6.5e-05,-0.8809,0.8809
meeting,4,5,9,0.000112,0.000162,0.2823,0.2823
leading,4,5,9,0.000112,0.000162,0.2823,0.2823
stream,7,2,9,0.000196,6.5e-05,-0.8809,0.8809
23,5,4,9,0.00014,0.000129,-0.0824,0.0824
articles,5,4,9,0.00014,0.000129,-0.0824,0.0824
hearing,4,5,9,0.000112,0.000162,0.2823,0.2823
tribal,6,3,9,0.000168,9.7e-05,-0.4597,0.4597
continue,2,7,9,5.6e-05,0.000226,1.0808,1.0808
secrets,9,0,9,0.000252,0.0,-2.2026,2.2026
arrived,7,2,9,0.000196,6.5e-05,-0.8809,0.8809
kindle,9,0,9,0.000252,0.0,-2.2026,2.2026
300,5,4,9,0.00014,0.000129,-0.0824,0.0824
seattle,5,4,9,0.00014,0.000129,-0.0824,0.0824
practice,8,1,9,0.000224,3.2e-05,-1.4041,1.4041
irandeal,5,4,9,0.00014,0.000129,-0.0824,0.0824
ar,0,9,9,0.0,0.000291,2.4025,2.4025
seriously,7,2,9,0.000196,6.5e-05,-0.8809,0.8809
lie,7,2,9,0.000196,6.5e-05,-0.8809,0.8809
rule,5,4,9,0.00014,0.000129,-0.0824,0.0824
legacy,1,8,9,2.8e-05,0.000259,1.604,1.604
won,7,2,9,0.000196,6.5e-05,-0.8809,0.8809
31,1,8,9,2.8e-05,0.000259,1.604,1.604
thunderstorms,1,8,9,2.8e-05,0.000259,1.604,1.604
epicentre,9,0,9,0.000252,0.0,-2.2026,2.2026
cases,0,9,9,0.0,0.000291,2.4025,2.4025
wars,6,3,9,0.000168,9.7e-05,-0.4597,0.4597
opening,9,0,9,0.000252,0.0,-2.2026,2.2026
fantasy,9,0,9,0.000252,0.0,-2.2026,2.2026
relief,2,7,9,5.6e-05,0.000226,1.0808,1.0808
g,4,5,9,0.000112,0.000162,0.2823,0.2823
mind,8,1,9,0.000224,3.2e-05,-1.4041,1.4041
humanity,3,6,9,8.4e-05,0.000194,0.6596,0.6596
browser,7,2,9,0.000196,6.5e-05,-0.8809,0.8809
preparedness,4,5,9,0.000112,0.000162,0.2823,0.2823
careful,6,3,9,0.000168,9.7e-05,-0.4597,0.4597
abstorm,0,9,9,0.0,0.000291,2.4025,2.4025
da,8,1,9,0.000224,3.2e-05,-1.4041,1.4041
pressure,6,3,9,0.000168,9.7e-05,-0.4597,0.4597
cop,2,7,9,5.6e-05,0.000226,1.0808,1.0808
tram,0,9,9,0.0,0.000291,2.4025,2.4025
accidents,3,6,9,8.4e-05,0.000194,0.6596,0.6596
shouldnt,8,1,9,0.000224,3.2e-05,-1.4041,1.4041
coffee,5,4,9,0.00014,0.000129,-0.0824,0.0824
spos,0,9,9,0.0,0.000291,2.4025,2.4025
dream,8,1,9,0.000224,3.2e-05,-1.4041,1.4041
georgia,1,8,9,2.8e-05,0.000259,1.604,1.604
mention,6,3,9,0.000168,9.7e-05,-0.4597,0.4597
attacks,2,7,9,5.6e-05,0.000226,1.0808,1.0808
hunt,4,5,9,0.000112,0.000162,0.2823,0.2823
brain,8,1,9,0.000224,3.2e-05,-1.4041,1.4041
ceo,8,1,9,0.000224,3.2e-05,-1.4041,1.4041
supposed,6,3,9,0.000168,9.7e-05,-0.4597,0.4597
exit,3,6,9,8.4e-05,0.000194,0.6596,0.6596
science,1,8,9,2.8e-05,0.000259,1.604,1.604
joe,8,1,9,0.000224,3.2e-05,-1.4041,1.4041
mary,9,0,9,0.000252,0.0,-2.2026,2.2026
screen,9,0,9,0.000252,0.0,-2.2026,2.2026
budget,2,7,9,5.6e-05,0.000226,1.0808,1.0808
rip,6,3,9,0.000168,9.7e-05,-0.4597,0.4597
highway,1,8,9,2.8e-05,0.000259,1.604,1.604
cost,5,4,9,0.00014,0.000129,-0.0824,0.0824
easy,8,0,8,0.000224,0.0,-2.0973,2.0973
lane,2,6,8,5.6e-05,0.000194,0.9472,0.9472
3g,5,3,8,0.00014,9.7e-05,-0.3055,0.3055
greatest,5,3,8,0.00014,9.7e-05,-0.3055,0.3055
civilians,1,7,8,2.8e-05,0.000226,1.4862,1.4862
sister,4,4,8,0.000112,0.000129,0.0999,0.0999
35,2,6,8,5.6e-05,0.000194,0.9472,0.9472
hatchet,1,7,8,2.8e-05,0.000226,1.4862,1.4862
pre,7,1,8,0.000196,3.2e-05,-1.2863,1.2863
fog,7,1,8,0.000196,3.2e-05,-1.2863,1.2863
tonto,5,3,8,0.00014,9.7e-05,-0.3055,0.3055
italian,2,6,8,5.6e-05,0.000194,0.9472,0.9472
sale,8,0,8,0.000224,0.0,-2.0973,2.0973
invoices,7,1,8,0.000196,3.2e-05,-1.2863,1.2863
followers,6,2,8,0.000168,6.5e-05,-0.7473,0.7473
dropped,2,6,8,5.6e-05,0.000194,0.9472,0.9472
facebook,8,0,8,0.000224,0.0,-2.0973,2.0973
proof,7,1,8,0.000196,3.2e-05,-1.2863,1.2863
workers,4,4,8,0.000112,0.000129,0.0999,0.0999
spent,6,2,8,0.000168,6.5e-05,-0.7473,0.7473
md,1,7,8,2.8e-05,0.000226,1.4862,1.4862
drill,4,4,8,0.000112,0.000129,0.0999,0.0999
heres,4,4,8,0.000112,0.000129,0.0999,0.0999
including,2,6,8,5.6e-05,0.000194,0.9472,0.9472
player,6,2,8,0.000168,6.5e-05,-0.7473,0.7473
knew,6,2,8,0.000168,6.5e-05,-0.7473,0.7473
hilarious,8,0,8,0.000224,0.0,-2.0973,2.0973
replace,6,2,8,0.000168,6.5e-05,-0.7473,0.7473
bout,5,3,8,0.00014,9.7e-05,-0.3055,0.3055
learning,0,8,8,0.0,0.000259,2.2972,2.2972
experience,8,0,8,0.000224,0.0,-2.0973,2.0973
bringing,5,3,8,0.00014,9.7e-05,-0.3055,0.3055
bro,6,2,8,0.000168,6.5e-05,-0.7473,0.7473
charity,6,2,8,0.000168,6.5e-05,-0.7473,0.7473
hwo,1,7,8,2.8e-05,0.000226,1.4862,1.4862
simple,5,3,8,0.00014,9.7e-05,-0.3055,0.3055
mayan,7,1,8,0.000196,3.2e-05,-1.2863,1.2863
satellite,1,7,8,2.8e-05,0.000226,1.4862,1.4862
veterans,6,2,8,0.000168,6.5e-05,-0.7473,0.7473
rains,2,6,8,5.6e-05,0.000194,0.9472,0.9472
voice,7,1,8,0.000196,3.2e-05,-1.2863,1.2863
trip,6,2,8,0.000168,6.5e-05,-0.7473,0.7473
hands,8,0,8,0.000224,0.0,-2.0973,2.0973
bought,5,3,8,0.00014,9.7e-05,-0.3055,0.3055
grow,6,2,8,0.000168,6.5e-05,-0.7473,0.7473
chief,5,3,8,0.00014,9.7e-05,-0.3055,0.3055
window,5,3,8,0.00014,9.7e-05,-0.3055,0.3055
roads,5,3,8,0.00014,9.7e-05,-0.3055,0.3055
09,3,5,8,8.4e-05,0.000162,0.5054,0.5054
floor,7,1,8,0.000196,3.2e-05,-1.2863,1.2863
hits,4,4,8,0.000112,0.000129,0.0999,0.0999
storms,1,7,8,2.8e-05,0.000226,1.4862,1.4862
watched,7,1,8,0.000196,3.2e-05,-1.2863,1.2863
apparently,5,3,8,0.00014,9.7e-05,-0.3055,0.3055
bruh,7,1,8,0.000196,3.2e-05,-1.2863,1.2863
lights,6,2,8,0.000168,6.5e-05,-0.7473,0.7473
concert,5,3,8,0.00014,9.7e-05,-0.3055,0.3055
conference,6,2,8,0.000168,6.5e-05,-0.7473,0.7473
dnb,8,0,8,0.000224,0.0,-2.0973,2.0973
lovely,7,1,8,0.000196,3.2e-05,-1.2863,1.2863
angel,7,1,8,0.000196,3.2e-05,-1.2863,1.2863
debate,7,1,8,0.000196,3.2e-05,-1.2863,1.2863
heavenly,7,1,8,0.000196,3.2e-05,-1.2863,1.2863
points,4,4,8,0.000112,0.000129,0.0999,0.0999
edt,0,8,8,0.0,0.000259,2.2972,2.2972
bathroom,5,3,8,0.00014,9.7e-05,-0.3055,0.3055
bombings,0,8,8,0.0,0.000259,2.2972,2.2972
amazing,7,1,8,0.000196,3.2e-05,-1.2863,1.2863
4x4,7,1,8,0.000196,3.2e-05,-1.2863,1.2863
stealing,3,5,8,8.4e-05,0.000162,0.5054,0.5054
beyonce,8,0,8,0.000224,0.0,-2.0973,2.0973
justice,2,6,8,5.6e-05,0.000194,0.9472,0.9472
forced,2,6,8,5.6e-05,0.000194,0.9472,0.9472
shop,5,3,8,0.00014,9.7e-05,-0.3055,0.3055
shame,5,3,8,0.00014,9.7e-05,-0.3055,0.3055
lifted,1,7,8,2.8e-05,0.000226,1.4862,1.4862
england,5,3,8,0.00014,9.7e-05,-0.3055,0.3055
forces,1,7,8,2.8e-05,0.000226,1.4862,1.4862
exploration,3,5,8,8.4e-05,0.000162,0.5054,0.5054
ap,1,7,8,2.8e-05,0.000226,1.4862,1.4862
mumbai,0,8,8,0.0,0.000259,2.2972,2.2972
500,5,3,8,0.00014,9.7e-05,-0.3055,0.3055
stupid,4,4,8,0.000112,0.000129,0.0999,0.0999
impact,5,3,8,0.00014,9.7e-05,-0.3055,0.3055
twice,6,2,8,0.000168,6.5e-05,-0.7473,0.7473
nursing,6,2,8,0.000168,6.5e-05,-0.7473,0.7473
officers,4,4,8,0.000112,0.000129,0.0999,0.0999
blog,5,3,8,0.00014,9.7e-05,-0.3055,0.3055
yesterday,5,3,8,0.00014,9.7e-05,-0.3055,0.3055
access,8,0,8,0.000224,0.0,-2.0973,2.0973
rail,0,8,8,0.0,0.000259,2.2972,2.2972
epic,5,3,8,0.00014,9.7e-05,-0.3055,0.3055
held,4,4,8,0.000112,0.000129,0.0999,0.0999
tongue,8,0,8,0.000224,0.0,-2.0973,2.0973
rea,7,1,8,0.000196,3.2e-05,-1.2863,1.2863
concerned,4,4,8,0.000112,0.000129,0.0999,0.0999
disco,8,0,8,0.000224,0.0,-2.0973,2.0973
kombat,8,0,8,0.000224,0.0,-2.0973,2.0973
tips,6,2,8,0.000168,6.5e-05,-0.7473,0.7473
actions,3,5,8,8.4e-05,0.000162,0.5054,0.5054
streets,4,4,8,0.000112,0.000129,0.0999,0.0999
companies,7,1,8,0.000196,3.2e-05,-1.2863,1.2863
strategy,3,5,8,8.4e-05,0.000162,0.5054,0.5054
advisory,0,8,8,0.0,0.000259,2.2972,2.2972
costs,3,5,8,8.4e-05,0.000162,0.5054,0.5054
ridge,0,8,8,0.0,0.000259,2.2972,2.2972
dubstep,7,1,8,0.000196,3.2e-05,-1.2863,1.2863
ben,5,3,8,0.00014,9.7e-05,-0.3055,0.3055
tcot,4,4,8,0.000112,0.000129,0.0999,0.0999
burns,2,6,8,5.6e-05,0.000194,0.9472,0.9472
beyhive,8,0,8,0.000224,0.0,-2.0973,2.0973
ny,5,3,8,0.00014,9.7e-05,-0.3055,0.3055
crap,7,1,8,0.000196,3.2e-05,-1.2863,1.2863
o784,8,0,8,0.000224,0.0,-2.0973,2.0973
thx,5,3,8,0.00014,9.7e-05,-0.3055,0.3055
wa,2,6,8,5.6e-05,0.000194,0.9472,0.9472
leader,3,5,8,8.4e-05,0.000162,0.5054,0.5054
di,8,0,8,0.000224,0.0,-2.0973,2.0973
portland,2,6,8,5.6e-05,0.000194,0.9472,0.9472
law,2,6,8,5.6e-05,0.000194,0.9472,0.9472
steve,6,2,8,0.000168,6.5e-05,-0.7473,0.7473
tweets,7,1,8,0.000196,3.2e-05,-1.2863,1.2863
seat,7,1,8,0.000196,3.2e-05,-1.2863,1.2863
tickets,8,0,8,0.000224,0.0,-2.0973,2.0973
tropical,0,8,8,0.0,0.000259,2.2972,2.2972
firefighter,5,3,8,0.00014,9.7e-05,-0.3055,0.3055
mortal,8,0,8,0.000224,0.0,-2.0973,2.0973
rubber,6,2,8,0.000168,6.5e-05,-0.7473,0.7473
plus,3,5,8,8.4e-05,0.000162,0.5054,0.5054
township,1,7,8,2.8e-05,0.000226,1.4862,1.4862
afternoon,0,8,8,0.0,0.000259,2.2972,2.2972
calling,3,5,8,8.4e-05,0.000162,0.5054,0.5054
dc,6,2,8,0.000168,6.5e-05,-0.7473,0.7473
loss,4,4,8,0.000112,0.000129,0.0999,0.0999
triple,0,8,8,0.0,0.000259,2.2972,2.2972
inner,4,4,8,0.000112,0.000129,0.0999,0.0999
bicyclist,0,8,8,0.0,0.000259,2.2972,2.2972
continues,1,7,8,2.8e-05,0.000226,1.4862,1.4862
warnings,0,8,8,0.0,0.000259,2.2972,2.2972
leads,5,3,8,0.00014,9.7e-05,-0.3055,0.3055
guns,8,0,8,0.000224,0.0,-2.0973,2.0973
moved,5,3,8,0.00014,9.7e-05,-0.3055,0.3055
drinking,6,2,8,0.000168,6.5e-05,-0.7473,0.7473
unless,8,0,8,0.000224,0.0,-2.0973,2.0973
shower,7,1,8,0.000196,3.2e-05,-1.2863,1.2863
massive,3,5,8,8.4e-05,0.000162,0.5054,0.5054
final,5,3,8,0.00014,9.7e-05,-0.3055,0.3055
af,5,3,8,0.00014,9.7e-05,-0.3055,0.3055
malaysian,0,8,8,0.0,0.000259,2.2972,2.2972
shares,7,1,8,0.000196,3.2e-05,-1.2863,1.2863
result,1,7,8,2.8e-05,0.000226,1.4862,1.4862
church,4,4,8,0.000112,0.000129,0.0999,0.0999
illegal,5,3,8,0.00014,9.7e-05,-0.3055,0.3055
mile,3,5,8,8.4e-05,0.000162,0.5054,0.5054
acres,0,8,8,0.0,0.000259,2.2972,2.2972
target,3,5,8,8.4e-05,0.000162,0.5054,0.5054
avoiding,1,7,8,2.8e-05,0.000226,1.4862,1.4862
al,5,3,8,0.00014,9.7e-05,-0.3055,0.3055
releases,8,0,8,0.000224,0.0,-2.0973,2.0973
residents,0,8,8,0.0,0.000259,2.2972,2.2972
parenthood,6,2,8,0.000168,6.5e-05,-0.7473,0.7473
repair,3,5,8,8.4e-05,0.000162,0.5054,0.5054
capsizes,0,8,8,0.0,0.000259,2.2972,2.2972
grill,7,1,8,0.000196,3.2e-05,-1.2863,1.2863
reduce,2,6,8,5.6e-05,0.000194,0.9472,0.9472
faan,1,7,8,2.8e-05,0.000226,1.4862,1.4862
mediterran,0,8,8,0.0,0.000259,2.2972,2.2972
headed,2,6,8,5.6e-05,0.000194,0.9472,0.9472
arabia,0,8,8,0.0,0.000259,2.2972,2.2972
root,7,1,8,0.000196,3.2e-05,-1.2863,1.2863
florida,4,4,8,0.000112,0.000129,0.0999,0.0999
ways,4,4,8,0.000112,0.000129,0.0999,0.0999
saturday,7,1,8,0.000196,3.2e-05,-1.2863,1.2863
feed,6,2,8,0.000168,6.5e-05,-0.7473,0.7473
sadly,4,4,8,0.000112,0.000129,0.0999,0.0999
pussy,7,1,8,0.000196,3.2e-05,-1.2863,1.2863
posts,6,2,8,0.000168,6.5e-05,-0.7473,0.7473
seconds,3,5,8,8.4e-05,0.000162,0.5054,0.5054
somebody,8,0,8,0.000224,0.0,-2.0973,2.0973
pop,7,0,7,0.000196,0.0,-1.9795,1.9795
plot,2,5,7,5.6e-05,0.000162,0.7931,0.7931
exchange,2,5,7,5.6e-05,0.000162,0.7931,0.7931
flat,7,0,7,0.000196,0.0,-1.9795,1.9795
results,6,1,7,0.000168,3.2e-05,-1.1528,1.1528
rocks,1,6,7,2.8e-05,0.000194,1.3527,1.3527
updated,4,3,7,0.000112,9.7e-05,-0.1232,0.1232
dozens,0,7,7,0.0,0.000226,2.1794,2.1794
apartment,2,5,7,5.6e-05,0.000162,0.7931,0.7931
society,6,1,7,0.000168,3.2e-05,-1.1528,1.1528
powerful,4,3,7,0.000112,9.7e-05,-0.1232,0.1232
150,1,6,7,2.8e-05,0.000194,1.3527,1.3527
fish,5,2,7,0.00014,6.5e-05,-0.5932,0.5932
mhtw4fnet,1,6,7,2.8e-05,0.000194,1.3527,1.3527
political,2,5,7,5.6e-05,0.000162,0.7931,0.7931
bet,7,0,7,0.000196,0.0,-1.9795,1.9795
southern,1,6,7,2.8e-05,0.000194,1.3527,1.3527
terrible,4,3,7,0.000112,9.7e-05,-0.1232,0.1232
somalia,2,5,7,5.6e-05,0.000162,0.7931,0.7931
canaanites,7,0,7,0.000196,0.0,-1.9795,1.9795
jack,5,2,7,0.00014,6.5e-05,-0.5932,0.5932
schedule,4,3,7,0.000112,9.7e-05,-0.1232,0.1232
syria,0,7,7,0.0,0.000226,2.1794,2.1794
runway,0,7,7,0.0,0.000226,2.1794,2.1794
blk,3,4,7,8.4e-05,0.000129,0.3231,0.3231
vietnam,0,7,7,0.0,0.000226,2.1794,2.1794
writing,7,0,7,0.000196,0.0,-1.9795,1.9795
02,5,2,7,0.00014,6.5e-05,-0.5932,0.5932
53inch,6,1,7,0.000168,3.2e-05,-1.1528,1.1528
july,3,4,7,8.4e-05,0.000129,0.3231,0.3231
hurts,7,0,7,0.000196,0.0,-1.9795,1.9795
quick,7,0,7,0.000196,0.0,-1.9795,1.9795
recovery,4,3,7,0.000112,9.7e-05,-0.1232,0.1232
add,5,2,7,0.00014,6.5e-05,-0.5932,0.5932
19,4,3,7,0.000112,9.7e-05,-0.1232,0.1232
sidelines,4,3,7,0.000112,9.7e-05,-0.1232,0.1232
missed,4,3,7,0.000112,9.7e-05,-0.1232,0.1232
photography,2,5,7,5.6e-05,0.000162,0.7931,0.7931
fox,3,4,7,8.4e-05,0.000129,0.3231,0.3231
fell,4,3,7,0.000112,9.7e-05,-0.1232,0.1232
shelter,0,7,7,0.0,0.000226,2.1794,2.1794
swallows,0,7,7,0.0,0.000226,2.1794,2.1794
bear,6,1,7,0.000168,3.2e-05,-1.1528,1.1528
blvd,1,6,7,2.8e-05,0.000194,1.3527,1.3527
passing,6,1,7,0.000168,3.2e-05,-1.1528,1.1528
drop,4,3,7,0.000112,9.7e-05,-0.1232,0.1232
prime,3,4,7,8.4e-05,0.000129,0.3231,0.3231
ir,7,0,7,0.000196,0.0,-1.9795,1.9795
eruption,0,7,7,0.0,0.000226,2.1794,2.1794
shoes,6,1,7,0.000168,3.2e-05,-1.1528,1.1528
animalrescue,7,0,7,0.000196,0.0,-1.9795,1.9795
safe,2,5,7,5.6e-05,0.000162,0.7931,0.7931
ended,5,2,7,0.00014,6.5e-05,-0.5932,0.5932
youve,6,1,7,0.000168,3.2e-05,-1.1528,1.1528
attention,6,1,7,0.000168,3.2e-05,-1.1528,1.1528
wouldnt,6,1,7,0.000168,3.2e-05,-1.1528,1.1528
troops,1,6,7,2.8e-05,0.000194,1.3527,1.3527
holy,6,1,7,0.000168,3.2e-05,-1.1528,1.1528
moments,6,1,7,0.000168,3.2e-05,-1.1528,1.1528
christmas,2,5,7,5.6e-05,0.000162,0.7931,0.7931
nature,3,4,7,8.4e-05,0.000129,0.3231,0.3231
gods,5,2,7,0.00014,6.5e-05,-0.5932,0.5932
remains,2,5,7,5.6e-05,0.000162,0.7931,0.7931
jackson,5,2,7,0.00014,6.5e-05,-0.5932,0.5932
bank,3,4,7,8.4e-05,0.000129,0.3231,0.3231
miles,2,5,7,5.6e-05,0.000162,0.7931,0.7931
realise,4,3,7,0.000112,9.7e-05,-0.1232,0.1232
rare,4,3,7,0.000112,9.7e-05,-0.1232,0.1232
75,3,4,7,8.4e-05,0.000129,0.3231,0.3231
gaza,0,7,7,0.0,0.000226,2.1794,2.1794
weve,1,6,7,2.8e-05,0.000194,1.3527,1.3527
computer,7,0,7,0.000196,0.0,-1.9795,1.9795
potus,2,5,7,5.6e-05,0.000162,0.7931,0.7931
row,6,1,7,0.000168,3.2e-05,-1.1528,1.1528
eat,6,1,7,0.000168,3.2e-05,-1.1528,1.1528
tank,4,3,7,0.000112,9.7e-05,-0.1232,0.1232
mexico,1,6,7,2.8e-05,0.000194,1.3527,1.3527
interview,5,2,7,0.00014,6.5e-05,-0.5932,0.5932
baseball,7,0,7,0.000196,0.0,-1.9795,1.9795
linkury,5,2,7,0.00014,6.5e-05,-0.5932,0.5932
choice,7,0,7,0.000196,0.0,-1.9795,1.9795
universe,7,0,7,0.000196,0.0,-1.9795,1.9795
inj,3,4,7,8.4e-05,0.000129,0.3231,0.3231
given,4,3,7,0.000112,9.7e-05,-0.1232,0.1232
quran,3,4,7,8.4e-05,0.000129,0.3231,0.3231
threatens,0,7,7,0.0,0.000226,2.1794,2.1794
australian,2,5,7,5.6e-05,0.000162,0.7931,0.7931
german,6,1,7,0.000168,3.2e-05,-1.1528,1.1528
seven,4,3,7,0.000112,9.7e-05,-0.1232,0.1232
97,3,4,7,8.4e-05,0.000129,0.3231,0.3231
33,4,3,7,0.000112,9.7e-05,-0.1232,0.1232
ices,7,0,7,0.000196,0.0,-1.9795,1.9795
minister,1,6,7,2.8e-05,0.000194,1.3527,1.3527
prison,2,5,7,5.6e-05,0.000162,0.7931,0.7931
fort,4,3,7,0.000112,9.7e-05,-0.1232,0.1232
burst,3,4,7,8.4e-05,0.000129,0.3231,0.3231
strikes,1,6,7,2.8e-05,0.000194,1.3527,1.3527
ray,5,2,7,0.00014,6.5e-05,-0.5932,0.5932
roof,4,3,7,0.000112,9.7e-05,-0.1232,0.1232
waste,3,4,7,8.4e-05,0.000129,0.3231,0.3231
tax,4,3,7,0.000112,9.7e-05,-0.1232,0.1232
economy,4,3,7,0.000112,9.7e-05,-0.1232,0.1232
disneys,7,0,7,0.000196,0.0,-1.9795,1.9795
broad,7,0,7,0.000196,0.0,-1.9795,1.9795
stone,7,0,7,0.000196,0.0,-1.9795,1.9795
ep,5,2,7,0.00014,6.5e-05,-0.5932,0.5932
incredible,2,5,7,5.6e-05,0.000162,0.7931,0.7931
broadway,0,7,7,0.0,0.000226,2.1794,2.1794
ems,4,3,7,0.000112,9.7e-05,-0.1232,0.1232
crackdown,7,0,7,0.000196,0.0,-1.9795,1.9795
consider,4,3,7,0.000112,9.7e-05,-0.1232,0.1232
problems,4,3,7,0.000112,9.7e-05,-0.1232,0.1232
32,3,4,7,8.4e-05,0.000129,0.3231,0.3231
created,4,3,7,0.000112,9.7e-05,-0.1232,0.1232
300w,6,1,7,0.000168,3.2e-05,-1.1528,1.1528
curved,6,1,7,0.000168,3.2e-05,-1.1528,1.1528
listening,7,0,7,0.000196,0.0,-1.9795,1.9795
max,7,0,7,0.000196,0.0,-1.9795,1.9795
okwx,0,7,7,0.0,0.000226,2.1794,2.1794
markets,4,3,7,0.000112,9.7e-05,-0.1232,0.1232
ha,6,1,7,0.000168,3.2e-05,-1.1528,1.1528
sport,5,2,7,0.00014,6.5e-05,-0.5932,0.5932
awful,4,3,7,0.000112,9.7e-05,-0.1232,0.1232
minecraft,7,0,7,0.000196,0.0,-1.9795,1.9795
patient,4,3,7,0.000112,9.7e-05,-0.1232,0.1232
powerlines,0,7,7,0.0,0.000226,2.1794,2.1794
wash,1,6,7,2.8e-05,0.000194,1.3527,1.3527
mtvhottest,6,1,7,0.000168,3.2e-05,-1.1528,1.1528
tube,3,4,7,8.4e-05,0.000129,0.3231,0.3231
automatic,5,2,7,0.00014,6.5e-05,-0.5932,0.5932
trapmusic,7,0,7,0.000196,0.0,-1.9795,1.9795
quote,6,1,7,0.000168,3.2e-05,-1.1528,1.1528
aid,0,7,7,0.0,0.000226,2.1794,2.1794
worked,5,2,7,0.00014,6.5e-05,-0.5932,0.5932
brazil,1,6,7,2.8e-05,0.000194,1.3527,1.3527
icemoon,7,0,7,0.000196,0.0,-1.9795,1.9795
sees,2,5,7,5.6e-05,0.000162,0.7931,0.7931
i5,0,7,7,0.0,0.000226,2.1794,2.1794
republicans,6,1,7,0.000168,3.2e-05,-1.1528,1.1528
wmata,1,6,7,2.8e-05,0.000194,1.3527,1.3527
thomas,6,1,7,0.000168,3.2e-05,-1.1528,1.1528
festival,4,3,7,0.000112,9.7e-05,-0.1232,0.1232
microlight,0,7,7,0.0,0.000226,2.1794,2.1794
field,2,5,7,5.6e-05,0.000162,0.7931,0.7931
john,4,3,7,0.000112,9.7e-05,-0.1232,0.1232
cramer,7,0,7,0.000196,0.0,-1.9795,1.9795
sleep,5,2,7,0.00014,6.5e-05,-0.5932,0.5932
aka,5,2,7,0.00014,6.5e-05,-0.5932,0.5932
estimate,1,6,7,2.8e-05,0.000194,1.3527,1.3527
threatening,0,7,7,0.0,0.000226,2.1794,2.1794
lion,3,4,7,8.4e-05,0.000129,0.3231,0.3231
salem,3,4,7,8.4e-05,0.000129,0.3231,0.3231
ideas,6,1,7,0.000168,3.2e-05,-1.1528,1.1528
track,2,5,7,5.6e-05,0.000162,0.7931,0.7931
320,7,0,7,0.000196,0.0,-1.9795,1.9795
yrs,1,6,7,2.8e-05,0.000194,1.3527,1.3527
clutch,7,0,7,0.000196,0.0,-1.9795,1.9795
slightly,5,2,7,0.00014,6.5e-05,-0.5932,0.5932
senior,4,3,7,0.000112,9.7e-05,-0.1232,0.1232
maintenance,5,2,7,0.00014,6.5e-05,-0.5932,0.5932
democracy,3,4,7,8.4e-05,0.000129,0.3231,0.3231
vuitton,7,0,7,0.000196,0.0,-1.9795,1.9795
weeks,7,0,7,0.000196,0.0,-1.9795,1.9795
exactly,6,1,7,0.000168,3.2e-05,-1.1528,1.1528
knee,4,3,7,0.000112,9.7e-05,-0.1232,0.1232
congress,3,4,7,8.4e-05,0.000129,0.3231,0.3231
migrant,0,7,7,0.0,0.000226,2.1794,2.1794
foot,3,4,7,8.4e-05,0.000129,0.3231,0.3231
hungry,5,2,7,0.00014,6.5e-05,-0.5932,0.5932
club,6,1,7,0.000168,3.2e-05,-1.1528,1.1528
respond,2,5,7,5.6e-05,0.000162,0.7931,0.7931
wx,0,7,7,0.0,0.000226,2.1794,2.1794
parleys,0,7,7,0.0,0.000226,2.1794,2.1794
conditions,2,5,7,5.6e-05,0.000162,0.7931,0.7931
known,4,3,7,0.000112,9.7e-05,-0.1232,0.1232
struck,2,5,7,5.6e-05,0.000162,0.7931,0.7931
discovered,4,3,7,0.000112,9.7e-05,-0.1232,0.1232
operation,3,4,7,8.4e-05,0.000129,0.3231,0.3231
fuel,3,4,7,8.4e-05,0.000129,0.3231,0.3231
vine,5,2,7,0.00014,6.5e-05,-0.5932,0.5932
survival,4,3,7,0.000112,9.7e-05,-0.1232,0.1232
knows,5,2,7,0.00014,6.5e-05,-0.5932,0.5932
notices,2,5,7,5.6e-05,0.000162,0.7931,0.7931
stars,6,1,7,0.000168,3.2e-05,-1.1528,1.1528
mid,1,6,7,2.8e-05,0.000194,1.3527,1.3527
mt,2,5,7,5.6e-05,0.000162,0.7931,0.7931
needed,2,5,7,5.6e-05,0.000162,0.7931,0.7931
moon,7,0,7,0.000196,0.0,-1.9795,1.9795
price,3,4,7,8.4e-05,0.000129,0.3231,0.3231
visit,2,5,7,5.6e-05,0.000162,0.7931,0.7931
energy,4,3,7,0.000112,9.7e-05,-0.1232,0.1232
hunters,3,4,7,8.4e-05,0.000129,0.3231,0.3231
ya,6,1,7,0.000168,3.2e-05,-1.1528,1.1528
kidnapped,0,7,7,0.0,0.000226,2.1794,2.1794
audio,5,2,7,0.00014,6.5e-05,-0.5932,0.5932
asking,5,2,7,0.00014,6.5e-05,-0.5932,0.5932
size,5,2,7,0.00014,6.5e-05,-0.5932,0.5932
cheese,5,2,7,0.00014,6.5e-05,-0.5932,0.5932
va,1,6,7,2.8e-05,0.000194,1.3527,1.3527
relatives,0,7,7,0.0,0.000226,2.1794,2.1794
aim,1,6,7,2.8e-05,0.000194,1.3527,1.3527
scary,4,3,7,0.000112,9.7e-05,-0.1232,0.1232
annual,3,4,7,8.4e-05,0.000129,0.3231,0.3231
hill,2,5,7,5.6e-05,0.000162,0.7931,0.7931
toilet,5,2,7,0.00014,6.5e-05,-0.5932,0.5932
stops,3,4,7,8.4e-05,0.000129,0.3231,0.3231
starting,5,2,7,0.00014,6.5e-05,-0.5932,0.5932
covered,5,2,7,0.00014,6.5e-05,-0.5932,0.5932
compliant,6,1,7,0.000168,3.2e-05,-1.1528,1.1528
protect,4,3,7,0.000112,9.7e-05,-0.1232,0.1232
evil,5,2,7,0.00014,6.5e-05,-0.5932,0.5932
feminists,6,1,7,0.000168,3.2e-05,-1.1528,1.1528
freakiest,0,7,7,0.0,0.000226,2.1794,2.1794
shadow,2,5,7,5.6e-05,0.000162,0.7931,0.7931
picked,4,3,7,0.000112,9.7e-05,-0.1232,0.1232
cream,6,0,6,0.000168,0.0,-1.846,1.846
prophet,4,2,6,0.000112,6.5e-05,-0.4109,0.4109
boston,1,5,6,2.8e-05,0.000162,1.1986,1.1986
anchorage,1,5,6,2.8e-05,0.000162,1.1986,1.1986
distance,0,6,6,0.0,0.000194,2.0459,2.0459
sw,2,4,6,5.6e-05,0.000129,0.6108,0.6108
passenger,1,5,6,2.8e-05,0.000162,1.1986,1.1986
accidentally,3,3,6,8.4e-05,9.7e-05,0.0999,0.0999
1945,0,6,6,0.0,0.000194,2.0459,2.0459
arrive,2,4,6,5.6e-05,0.000129,0.6108,0.6108
kept,3,3,6,8.4e-05,9.7e-05,0.0999,0.0999
solar,3,3,6,8.4e-05,9.7e-05,0.0999,0.0999
plains,0,6,6,0.0,0.000194,2.0459,2.0459
destiny,5,1,6,0.00014,3.2e-05,-0.9987,0.9987
defense,5,1,6,0.00014,3.2e-05,-0.9987,0.9987
101,3,3,6,8.4e-05,9.7e-05,0.0999,0.0999
jam,3,3,6,8.4e-05,9.7e-05,0.0999,0.0999
machine,3,3,6,8.4e-05,9.7e-05,0.0999,0.0999
zombie,5,1,6,0.00014,3.2e-05,-0.9987,0.9987
riots,0,6,6,0.0,0.000194,2.0459,2.0459
52,2,4,6,5.6e-05,0.000129,0.6108,0.6108
rights,5,1,6,0.00014,3.2e-05,-0.9987,0.9987
amsterdam,0,6,6,0.0,0.000194,2.0459,2.0459
horses,4,2,6,0.000112,6.5e-05,-0.4109,0.4109
54,1,5,6,2.8e-05,0.000162,1.1986,1.1986
bike,2,4,6,5.6e-05,0.000129,0.6108,0.6108
diving,6,0,6,0.000168,0.0,-1.846,1.846
path,2,4,6,5.6e-05,0.000129,0.6108,0.6108
larger,3,3,6,8.4e-05,9.7e-05,0.0999,0.0999
progress,3,3,6,8.4e-05,9.7e-05,0.0999,0.0999
disrupts,0,6,6,0.0,0.000194,2.0459,2.0459
77,2,4,6,5.6e-05,0.000129,0.6108,0.6108
evidence,4,2,6,0.000112,6.5e-05,-0.4109,0.4109
huh,6,0,6,0.000168,0.0,-1.846,1.846
calories,5,1,6,0.00014,3.2e-05,-0.9987,0.9987
buffalo,2,4,6,5.6e-05,0.000129,0.6108,0.6108
arms,5,1,6,0.00014,3.2e-05,-0.9987,0.9987
uses,5,1,6,0.00014,3.2e-05,-0.9987,0.9987
cute,6,0,6,0.000168,0.0,-1.846,1.846
gained,6,0,6,0.000168,0.0,-1.846,1.846
mother,6,0,6,0.000168,0.0,-1.846,1.846
scheme,5,1,6,0.00014,3.2e-05,-0.9987,0.9987
lack,0,6,6,0.0,0.000194,2.0459,2.0459
warns,1,5,6,2.8e-05,0.000162,1.1986,1.1986
gt,5,1,6,0.00014,3.2e-05,-0.9987,0.9987
wealth,3,3,6,8.4e-05,9.7e-05,0.0999,0.0999
ex,2,4,6,5.6e-05,0.000129,0.6108,0.6108
dollar,4,2,6,0.000112,6.5e-05,-0.4109,0.4109
insane,2,4,6,5.6e-05,0.000129,0.6108,0.6108
gta,6,0,6,0.000168,0.0,-1.846,1.846
intensity,1,5,6,2.8e-05,0.000162,1.1986,1.1986
unveiled,5,1,6,0.00014,3.2e-05,-0.9987,0.9987
everyday,3,3,6,8.4e-05,9.7e-05,0.0999,0.0999
mo,3,3,6,8.4e-05,9.7e-05,0.0999,0.0999
se,2,4,6,5.6e-05,0.000129,0.6108,0.6108
questions,4,2,6,0.000112,6.5e-05,-0.4109,0.4109
luck,5,1,6,0.00014,3.2e-05,-0.9987,0.9987
mail,4,2,6,0.000112,6.5e-05,-0.4109,0.4109
executives,0,6,6,0.0,0.000194,2.0459,2.0459
foxtrot,6,0,6,0.000168,0.0,-1.846,1.846
satchel,6,0,6,0.000168,0.0,-1.846,1.846
nashville,0,6,6,0.0,0.000194,2.0459,2.0459
hip,6,0,6,0.000168,0.0,-1.846,1.846
external,5,1,6,0.00014,3.2e-05,-0.9987,0.9987
sicily,1,5,6,2.8e-05,0.000162,1.1986,1.1986
ultimate,3,3,6,8.4e-05,9.7e-05,0.0999,0.0999
cuz,5,1,6,0.00014,3.2e-05,-0.9987,0.9987
swim,5,1,6,0.00014,3.2e-05,-0.9987,0.9987
tryna,6,0,6,0.000168,0.0,-1.846,1.846
smh,4,2,6,0.000112,6.5e-05,-0.4109,0.4109
write,6,0,6,0.000168,0.0,-1.846,1.846
subject,2,4,6,5.6e-05,0.000129,0.6108,0.6108
article,5,1,6,0.00014,3.2e-05,-0.9987,0.9987
movies,6,0,6,0.000168,0.0,-1.846,1.846
staff,5,1,6,0.00014,3.2e-05,-0.9987,0.9987
gang,1,5,6,2.8e-05,0.000162,1.1986,1.1986
allow,2,4,6,5.6e-05,0.000129,0.6108,0.6108
sing,6,0,6,0.000168,0.0,-1.846,1.846
rising,2,4,6,5.6e-05,0.000129,0.6108,0.6108
married,4,2,6,0.000112,6.5e-05,-0.4109,0.4109
95,2,4,6,5.6e-05,0.000129,0.6108,0.6108
newest,4,2,6,0.000112,6.5e-05,-0.4109,0.4109
structures,4,2,6,0.000112,6.5e-05,-0.4109,0.4109
monogram,6,0,6,0.000168,0.0,-1.846,1.846
management,4,2,6,0.000112,6.5e-05,-0.4109,0.4109
jan,1,5,6,2.8e-05,0.000162,1.1986,1.1986
yr,3,3,6,8.4e-05,9.7e-05,0.0999,0.0999
george,4,2,6,0.000112,6.5e-05,-0.4109,0.4109
calif,0,6,6,0.0,0.000194,2.0459,2.0459
pilots,1,5,6,2.8e-05,0.000162,1.1986,1.1986
prosecuted,0,6,6,0.0,0.000194,2.0459,2.0459
alaska,1,5,6,2.8e-05,0.000162,1.1986,1.1986
putin,1,5,6,2.8e-05,0.000162,1.1986,1.1986
documents,1,5,6,2.8e-05,0.000162,1.1986,1.1986
vehicles,1,5,6,2.8e-05,0.000162,1.1986,1.1986
org,2,4,6,5.6e-05,0.000129,0.6108,0.6108
reminds,2,4,6,5.6e-05,0.000129,0.6108,0.6108
details,2,4,6,5.6e-05,0.000129,0.6108,0.6108
parker,0,6,6,0.0,0.000194,2.0459,2.0459
september,2,4,6,5.6e-05,0.000129,0.6108,0.6108
especially,3,3,6,8.4e-05,9.7e-05,0.0999,0.0999
th,1,5,6,2.8e-05,0.000162,1.1986,1.1986
edition,6,0,6,0.000168,0.0,-1.846,1.846
soundcloud,6,0,6,0.000168,0.0,-1.846,1.846
mentions,3,3,6,8.4e-05,9.7e-05,0.0999,0.0999
youd,5,1,6,0.00014,3.2e-05,-0.9987,0.9987
blessed,6,0,6,0.000168,0.0,-1.846,1.846
mma,1,5,6,2.8e-05,0.000162,1.1986,1.1986
pro,3,3,6,8.4e-05,9.7e-05,0.0999,0.0999
admits,5,1,6,0.00014,3.2e-05,-0.9987,0.9987
prepared,5,1,6,0.00014,3.2e-05,-0.9987,0.9987
girlfriend,6,0,6,0.000168,0.0,-1.846,1.846
project,4,2,6,0.000112,6.5e-05,-0.4109,0.4109
fail,5,1,6,0.00014,3.2e-05,-0.9987,0.9987
wings,0,6,6,0.0,0.000194,2.0459,2.0459
plug,1,5,6,2.8e-05,0.000162,1.1986,1.1986
4wd,5,1,6,0.00014,3.2e-05,-0.9987,0.9987
page,4,2,6,0.000112,6.5e-05,-0.4109,0.4109
trailer,4,2,6,0.000112,6.5e-05,-0.4109,0.4109
jet,1,5,6,2.8e-05,0.000162,1.1986,1.1986
5th,3,3,6,8.4e-05,9.7e-05,0.0999,0.0999
lowndes,0,6,6,0.0,0.000194,2.0459,2.0459
heroes,4,2,6,0.000112,6.5e-05,-0.4109,0.4109
violence,2,4,6,5.6e-05,0.000129,0.6108,0.6108
authorities,1,5,6,2.8e-05,0.000162,1.1986,1.1986
exp,4,2,6,0.000112,6.5e-05,-0.4109,0.4109
loop,2,4,6,5.6e-05,0.000129,0.6108,0.6108
mission,2,4,6,5.6e-05,0.000129,0.6108,0.6108
idk,5,1,6,0.00014,3.2e-05,-0.9987,0.9987
fruit,4,2,6,0.000112,6.5e-05,-0.4109,0.4109
mood,6,0,6,0.000168,0.0,-1.846,1.846
til,4,2,6,0.000112,6.5e-05,-0.4109,0.4109
remembering,3,3,6,8.4e-05,9.7e-05,0.0999,0.0999
fired,2,4,6,5.6e-05,0.000129,0.6108,0.6108
ms,3,3,6,8.4e-05,9.7e-05,0.0999,0.0999
numbers,1,5,6,2.8e-05,0.000162,1.1986,1.1986
poll,5,1,6,0.00014,3.2e-05,-0.9987,0.9987
blow,2,4,6,5.6e-05,0.000129,0.6108,0.6108
debt,2,4,6,5.6e-05,0.000129,0.6108,0.6108
magic,4,2,6,0.000112,6.5e-05,-0.4109,0.4109
stuart,6,0,6,0.000168,0.0,-1.846,1.846
card,6,0,6,0.000168,0.0,-1.846,1.846
adult,5,1,6,0.00014,3.2e-05,-0.9987,0.9987
joy,6,0,6,0.000168,0.0,-1.846,1.846
shepherd,6,0,6,0.000168,0.0,-1.846,1.846
complex,0,6,6,0.0,0.000194,2.0459,2.0459
unit,0,6,6,0.0,0.000194,2.0459,2.0459
kisii,0,6,6,0.0,0.000194,2.0459,2.0459
sweet,6,0,6,0.000168,0.0,-1.846,1.846
associated,3,3,6,8.4e-05,9.7e-05,0.0999,0.0999
enemy,5,1,6,0.00014,3.2e-05,-0.9987,0.9987
surrounded,4,2,6,0.000112,6.5e-05,-0.4109,0.4109
gunfire,0,6,6,0.0,0.000194,2.0459,2.0459
guillermo,0,6,6,0.0,0.000194,2.0459,2.0459
cleared,1,5,6,2.8e-05,0.000162,1.1986,1.1986
approaches,0,6,6,0.0,0.000194,2.0459,2.0459
officially,5,1,6,0.00014,3.2e-05,-0.9987,0.9987
homeless,2,4,6,5.6e-05,0.000129,0.6108,0.6108
pipe,3,3,6,8.4e-05,9.7e-05,0.0999,0.0999
levels,2,4,6,5.6e-05,0.000129,0.6108,0.6108
father,5,1,6,0.00014,3.2e-05,-0.9987,0.9987
deals,5,1,6,0.00014,3.2e-05,-0.9987,0.9987
tom,5,1,6,0.00014,3.2e-05,-0.9987,0.9987
rear,5,1,6,0.00014,3.2e-05,-0.9987,0.9987
fix,4,2,6,0.000112,6.5e-05,-0.4109,0.4109
sparked,3,3,6,8.4e-05,9.7e-05,0.0999,0.0999
rohingya,0,6,6,0.0,0.000194,2.0459,2.0459
failed,1,5,6,2.8e-05,0.000162,1.1986,1.1986
manager,5,1,6,0.00014,3.2e-05,-0.9987,0.9987
effort,4,2,6,0.000112,6.5e-05,-0.4109,0.4109
tough,4,2,6,0.000112,6.5e-05,-0.4109,0.4109
tour,5,1,6,0.00014,3.2e-05,-0.9987,0.9987
prophetmuhammad,4,2,6,0.000112,6.5e-05,-0.4109,0.4109
plague,3,3,6,8.4e-05,9.7e-05,0.0999,0.0999
pc,6,0,6,0.000168,0.0,-1.846,1.846
built,6,0,6,0.000168,0.0,-1.846,1.846
pres,4,2,6,0.000112,6.5e-05,-0.4109,0.4109
carry,4,2,6,0.000112,6.5e-05,-0.4109,0.4109
alps,0,6,6,0.0,0.000194,2.0459,2.0459
ran,4,2,6,0.000112,6.5e-05,-0.4109,0.4109
k,5,1,6,0.00014,3.2e-05,-0.9987,0.9987
generation,5,1,6,0.00014,3.2e-05,-0.9987,0.9987
94,1,5,6,2.8e-05,0.000162,1.1986,1.1986
surprise,6,0,6,0.000168,0.0,-1.846,1.846
criminals,0,6,6,0.0,0.000194,2.0459,2.0459
tubestrike,5,1,6,0.00014,3.2e-05,-0.9987,0.9987
americans,3,3,6,8.4e-05,9.7e-05,0.0999,0.0999
averted,2,4,6,5.6e-05,0.000129,0.6108,0.6108
xbox,6,0,6,0.000168,0.0,-1.846,1.846
italy,1,5,6,2.8e-05,0.000162,1.1986,1.1986
drone,0,6,6,0.0,0.000194,2.0459,2.0459
toll,0,6,6,0.0,0.000194,2.0459,2.0459
theatre,1,5,6,2.8e-05,0.000162,1.1986,1.1986
focus,1,5,6,2.8e-05,0.000162,1.1986,1.1986
planet,4,2,6,0.000112,6.5e-05,-0.4109,0.4109
shipping,2,4,6,5.6e-05,0.000129,0.6108,0.6108
afghan,1,5,6,2.8e-05,0.000162,1.1986,1.1986
igers,6,0,6,0.000168,0.0,-1.846,1.846
sunset,2,4,6,5.6e-05,0.000129,0.6108,0.6108
triggered,2,4,6,5.6e-05,0.000129,0.6108,0.6108
alleged,0,6,6,0.0,0.000194,2.0459,2.0459
gotten,5,1,6,0.00014,3.2e-05,-0.9987,0.9987
maximum,1,5,6,2.8e-05,0.000162,1.1986,1.1986
vinyl,5,1,6,0.00014,3.2e-05,-0.9987,0.9987
store,4,2,6,0.000112,6.5e-05,-0.4109,0.4109
winter,4,2,6,0.000112,6.5e-05,-0.4109,0.4109
madinah,4,2,6,0.000112,6.5e-05,-0.4109,0.4109
residential,1,5,6,2.8e-05,0.000162,1.1986,1.1986
snap,4,2,6,0.000112,6.5e-05,-0.4109,0.4109
ted,5,1,6,0.00014,3.2e-05,-0.9987,0.9987
crossed,4,2,6,0.000112,6.5e-05,-0.4109,0.4109
senator,3,3,6,8.4e-05,9.7e-05,0.0999,0.0999
nobody,4,2,6,0.000112,6.5e-05,-0.4109,0.4109
entertainment,6,0,6,0.000168,0.0,-1.846,1.846
chinese,1,5,6,2.8e-05,0.000162,1.1986,1.1986
fyi,0,6,6,0.0,0.000194,2.0459,2.0459
iphone,3,3,6,8.4e-05,9.7e-05,0.0999,0.0999
hotel,4,2,6,0.000112,6.5e-05,-0.4109,0.4109
medical,2,4,6,5.6e-05,0.000129,0.6108,0.6108
laws,3,3,6,8.4e-05,9.7e-05,0.0999,0.0999
rally,1,5,6,2.8e-05,0.000162,1.1986,1.1986
heads,3,3,6,8.4e-05,9.7e-05,0.0999,0.0999
connector,4,2,6,0.000112,6.5e-05,-0.4109,0.4109
ferguson,2,4,6,5.6e-05,0.000129,0.6108,0.6108
murderous,1,5,6,2.8e-05,0.000162,1.1986,1.1986
click,4,2,6,0.000112,6.5e-05,-0.4109,0.4109
beginning,5,1,6,0.00014,3.2e-05,-0.9987,0.9987
xd,5,1,6,0.00014,3.2e-05,-0.9987,0.9987
couldnt,4,2,6,0.000112,6.5e-05,-0.4109,0.4109
santa,2,4,6,5.6e-05,0.000129,0.6108,0.6108
sat,4,2,6,0.000112,6.5e-05,-0.4109,0.4109
blamed,3,3,6,8.4e-05,9.7e-05,0.0999,0.0999
sinjar,0,6,6,0.0,0.000194,2.0459,2.0459
type,5,1,6,0.00014,3.2e-05,-0.9987,0.9987
steel,4,2,6,0.000112,6.5e-05,-0.4109,0.4109
collection,4,2,6,0.000112,6.5e-05,-0.4109,0.4109
butter,6,0,6,0.000168,0.0,-1.846,1.846
grief,1,5,6,2.8e-05,0.000162,1.1986,1.1986
button,6,0,6,0.000168,0.0,-1.846,1.846
wins,5,1,6,0.00014,3.2e-05,-0.9987,0.9987
civil,3,3,6,8.4e-05,9.7e-05,0.0999,0.0999
finnish,5,1,6,0.00014,3.2e-05,-0.9987,0.9987
30pm,2,4,6,5.6e-05,0.000129,0.6108,0.6108
charging,4,2,6,0.000112,6.5e-05,-0.4109,0.4109
blessings,5,1,6,0.00014,3.2e-05,-0.9987,0.9987
certain,3,3,6,8.4e-05,9.7e-05,0.0999,0.0999
pak,1,5,6,2.8e-05,0.000162,1.1986,1.1986
touch,6,0,6,0.000168,0.0,-1.846,1.846
ends,5,1,6,0.00014,3.2e-05,-0.9987,0.9987
valley,2,4,6,5.6e-05,0.000129,0.6108,0.6108
skin,4,2,6,0.000112,6.5e-05,-0.4109,0.4109
begins,2,4,6,5.6e-05,0.000129,0.6108,0.6108
toronto,4,2,6,0.000112,6.5e-05,-0.4109,0.4109
confirm,2,4,6,5.6e-05,0.000129,0.6108,0.6108
mets,4,2,6,0.000112,6.5e-05,-0.4109,0.4109
humans,4,2,6,0.000112,6.5e-05,-0.4109,0.4109
unlocked,1,5,6,2.8e-05,0.000162,1.1986,1.1986
electronic,5,1,6,0.00014,3.2e-05,-0.9987,0.9987
load,6,0,6,0.000168,0.0,-1.846,1.846
en,4,2,6,0.000112,6.5e-05,-0.4109,0.4109
van,2,4,6,5.6e-05,0.000129,0.6108,0.6108
ugly,4,2,6,0.000112,6.5e-05,-0.4109,0.4109
duty,4,2,6,0.000112,6.5e-05,-0.4109,0.4109
fr,4,2,6,0.000112,6.5e-05,-0.4109,0.4109
dramatic,1,5,6,2.8e-05,0.000162,1.1986,1.1986
steps,5,1,6,0.00014,3.2e-05,-0.9987,0.9987
fake,2,4,6,5.6e-05,0.000129,0.6108,0.6108
whos,5,1,6,0.00014,3.2e-05,-0.9987,0.9987
mac,5,1,6,0.00014,3.2e-05,-0.9987,0.9987
users,1,5,6,2.8e-05,0.000162,1.1986,1.1986
piling,5,1,6,0.00014,3.2e-05,-0.9987,0.9987
mining,5,1,6,0.00014,3.2e-05,-0.9987,0.9987
library,3,3,6,8.4e-05,9.7e-05,0.0999,0.0999
rest,4,2,6,0.000112,6.5e-05,-0.4109,0.4109
female,3,3,6,8.4e-05,9.7e-05,0.0999,0.0999
murdered,0,6,6,0.0,0.000194,2.0459,2.0459
respect,3,3,6,8.4e-05,9.7e-05,0.0999,0.0999
bells,3,3,6,8.4e-05,9.7e-05,0.0999,0.0999
thoughts,5,1,6,0.00014,3.2e-05,-0.9987,0.9987
looked,3,3,6,8.4e-05,9.7e-05,0.0999,0.0999
36,3,3,6,8.4e-05,9.7e-05,0.0999,0.0999
named,2,4,6,5.6e-05,0.000129,0.6108,0.6108
founder,5,1,6,0.00014,3.2e-05,-0.9987,0.9987
boss,4,1,5,0.000112,3.2e-05,-0.8163,0.8163
flew,2,3,5,5.6e-05,9.7e-05,0.3876,0.3876
clip,5,0,5,0.00014,0.0,-1.6918,1.6918
conflict,1,4,5,2.8e-05,0.000129,1.0162,1.0162
tea,4,1,5,0.000112,3.2e-05,-0.8163,0.8163
error,3,2,5,8.4e-05,6.5e-05,-0.1877,0.1877
personal,3,2,5,8.4e-05,6.5e-05,-0.1877,0.1877
covers,4,1,5,0.000112,3.2e-05,-0.8163,0.8163
highest,1,4,5,2.8e-05,0.000129,1.0162,1.0162
odeon,1,4,5,2.8e-05,0.000129,1.0162,1.0162
subs,4,1,5,0.000112,3.2e-05,-0.8163,0.8163
captain,5,0,5,0.00014,0.0,-1.6918,1.6918
active,4,1,5,0.000112,3.2e-05,-0.8163,0.8163
mental,4,1,5,0.000112,3.2e-05,-0.8163,0.8163
demand,1,4,5,2.8e-05,0.000129,1.0162,1.0162
australias,1,4,5,2.8e-05,0.000129,1.0162,1.0162
fights,3,2,5,8.4e-05,6.5e-05,-0.1877,0.1877
nema,2,3,5,5.6e-05,9.7e-05,0.3876,0.3876
clean,4,1,5,0.000112,3.2e-05,-0.8163,0.8163
blows,2,3,5,5.6e-05,9.7e-05,0.3876,0.3876
education,5,0,5,0.00014,0.0,-1.6918,1.6918
claim,4,1,5,0.000112,3.2e-05,-0.8163,0.8163
grade,5,0,5,0.00014,0.0,-1.6918,1.6918
desire,5,0,5,0.00014,0.0,-1.6918,1.6918
profile,4,1,5,0.000112,3.2e-05,-0.8163,0.8163
responds,3,2,5,8.4e-05,6.5e-05,-0.1877,0.1877
operations,4,1,5,0.000112,3.2e-05,-0.8163,0.8163
providence,4,1,5,0.000112,3.2e-05,-0.8163,0.8163
alert,1,4,5,2.8e-05,0.000129,1.0162,1.0162
study,2,3,5,5.6e-05,9.7e-05,0.3876,0.3876
structure,2,3,5,5.6e-05,9.7e-05,0.3876,0.3876
holiday,5,0,5,0.00014,0.0,-1.6918,1.6918
cleanup,0,5,5,0.0,0.000162,1.8917,1.8917
vulnerable,1,4,5,2.8e-05,0.000129,1.0162,1.0162
multiplayer,5,0,5,0.00014,0.0,-1.6918,1.6918
legal,4,1,5,0.000112,3.2e-05,-0.8163,0.8163
ww1,5,0,5,0.00014,0.0,-1.6918,1.6918
google,2,3,5,5.6e-05,9.7e-05,0.3876,0.3876
99,4,1,5,0.000112,3.2e-05,-0.8163,0.8163
motorcycle,0,5,5,0.0,0.000162,1.8917,1.8917
brothers,5,0,5,0.00014,0.0,-1.6918,1.6918
smoking,3,2,5,8.4e-05,6.5e-05,-0.1877,0.1877
blocking,1,4,5,2.8e-05,0.000129,1.0162,1.0162
taste,5,0,5,0.00014,0.0,-1.6918,1.6918
register,4,1,5,0.000112,3.2e-05,-0.8163,0.8163
border,1,4,5,2.8e-05,0.000129,1.0162,1.0162
gps,3,2,5,8.4e-05,6.5e-05,-0.1877,0.1877
port,0,5,5,0.0,0.000162,1.8917,1.8917
strange,4,1,5,0.000112,3.2e-05,-0.8163,0.8163
asap,4,1,5,0.000112,3.2e-05,-0.8163,0.8163
huffman,5,0,5,0.00014,0.0,-1.6918,1.6918
blind,2,3,5,5.6e-05,9.7e-05,0.3876,0.3876
resistant,4,1,5,0.000112,3.2e-05,-0.8163,0.8163
emotions,4,1,5,0.000112,3.2e-05,-0.8163,0.8163
naved,1,4,5,2.8e-05,0.000129,1.0162,1.0162
trafford,1,4,5,2.8e-05,0.000129,1.0162,1.0162
characters,5,0,5,0.00014,0.0,-1.6918,1.6918
league,3,2,5,8.4e-05,6.5e-05,-0.1877,0.1877
wired,5,0,5,0.00014,0.0,-1.6918,1.6918
prices,4,1,5,0.000112,3.2e-05,-0.8163,0.8163
option,4,1,5,0.000112,3.2e-05,-0.8163,0.8163
afterlife,4,1,5,0.000112,3.2e-05,-0.8163,0.8163
1000,1,4,5,2.8e-05,0.000129,1.0162,1.0162
lunch,4,1,5,0.000112,3.2e-05,-0.8163,0.8163
investigation,3,2,5,8.4e-05,6.5e-05,-0.1877,0.1877
images,2,3,5,5.6e-05,9.7e-05,0.3876,0.3876
drones,2,3,5,5.6e-05,9.7e-05,0.3876,0.3876
mido,5,0,5,0.00014,0.0,-1.6918,1.6918
leg,3,2,5,8.4e-05,6.5e-05,-0.1877,0.1877
recommend,4,1,5,0.000112,3.2e-05,-0.8163,0.8163
usual,2,3,5,5.6e-05,9.7e-05,0.3876,0.3876
daughter,3,2,5,8.4e-05,6.5e-05,-0.1877,0.1877
americas,3,2,5,8.4e-05,6.5e-05,-0.1877,0.1877
45,2,3,5,5.6e-05,9.7e-05,0.3876,0.3876
brakes,0,5,5,0.0,0.000162,1.8917,1.8917
trap,4,1,5,0.000112,3.2e-05,-0.8163,0.8163
upper,3,2,5,8.4e-05,6.5e-05,-0.1877,0.1877
np,5,0,5,0.00014,0.0,-1.6918,1.6918
streak,0,5,5,0.0,0.000162,1.8917,1.8917
rose,4,1,5,0.000112,3.2e-05,-0.8163,0.8163
mansehra,0,5,5,0.0,0.000162,1.8917,1.8917
stabbing,1,4,5,2.8e-05,0.000129,1.0162,1.0162
beam,4,1,5,0.000112,3.2e-05,-0.8163,0.8163
promise,4,1,5,0.000112,3.2e-05,-0.8163,0.8163
traditional,2,3,5,5.6e-05,9.7e-05,0.3876,0.3876
campus,3,2,5,8.4e-05,6.5e-05,-0.1877,0.1877
include,2,3,5,5.6e-05,9.7e-05,0.3876,0.3876
auth,1,4,5,2.8e-05,0.000129,1.0162,1.0162
delays,0,5,5,0.0,0.000162,1.8917,1.8917
freedom,4,1,5,0.000112,3.2e-05,-0.8163,0.8163
status,5,0,5,0.00014,0.0,-1.6918,1.6918
rises,0,5,5,0.0,0.000162,1.8917,1.8917
mansion,0,5,5,0.0,0.000162,1.8917,1.8917
thriller,3,2,5,8.4e-05,6.5e-05,-0.1877,0.1877
reporting,2,3,5,5.6e-05,9.7e-05,0.3876,0.3876
honors,5,0,5,0.00014,0.0,-1.6918,1.6918
zionist,0,5,5,0.0,0.000162,1.8917,1.8917
romance,5,0,5,0.00014,0.0,-1.6918,1.6918
lanes,0,5,5,0.0,0.000162,1.8917,1.8917
elevated,0,5,5,0.0,0.000162,1.8917,1.8917
design,4,1,5,0.000112,3.2e-05,-0.8163,0.8163
doubt,5,0,5,0.00014,0.0,-1.6918,1.6918
moves,1,4,5,2.8e-05,0.000129,1.0162,1.0162
pull,4,1,5,0.000112,3.2e-05,-0.8163,0.8163
fifth,4,1,5,0.000112,3.2e-05,-0.8163,0.8163
yay,4,1,5,0.000112,3.2e-05,-0.8163,0.8163
campaign,4,1,5,0.000112,3.2e-05,-0.8163,0.8163
idp,1,4,5,2.8e-05,0.000129,1.0162,1.0162
spider,4,1,5,0.000112,3.2e-05,-0.8163,0.8163
pump,1,4,5,2.8e-05,0.000129,1.0162,1.0162
sean,5,0,5,0.00014,0.0,-1.6918,1.6918
battling,1,4,5,2.8e-05,0.000129,1.0162,1.0162
chaos,0,5,5,0.0,0.000162,1.8917,1.8917
bb17,5,0,5,0.00014,0.0,-1.6918,1.6918
tag,5,0,5,0.00014,0.0,-1.6918,1.6918
spanish,5,0,5,0.00014,0.0,-1.6918,1.6918
fair,4,1,5,0.000112,3.2e-05,-0.8163,0.8163
palestine,0,5,5,0.0,0.000162,1.8917,1.8917
purple,3,2,5,8.4e-05,6.5e-05,-0.1877,0.1877
pipeline,0,5,5,0.0,0.000162,1.8917,1.8917
fwy,0,5,5,0.0,0.000162,1.8917,1.8917
trial,2,3,5,5.6e-05,9.7e-05,0.3876,0.3876
allowed,3,2,5,8.4e-05,6.5e-05,-0.1877,0.1877
recognize,3,2,5,8.4e-05,6.5e-05,-0.1877,0.1877
heights,5,0,5,0.00014,0.0,-1.6918,1.6918
hd,4,1,5,0.000112,3.2e-05,-0.8163,0.8163
abuse,3,2,5,8.4e-05,6.5e-05,-0.1877,0.1877
mystery,4,1,5,0.000112,3.2e-05,-0.8163,0.8163
radar,1,4,5,2.8e-05,0.000129,1.0162,1.0162
protector,5,0,5,0.00014,0.0,-1.6918,1.6918
lorries,1,4,5,2.8e-05,0.000129,1.0162,1.0162
10th,2,3,5,5.6e-05,9.7e-05,0.3876,0.3876
catch,3,2,5,8.4e-05,6.5e-05,-0.1877,0.1877
serial,1,4,5,2.8e-05,0.000129,1.0162,1.0162
summerfate,5,0,5,0.00014,0.0,-1.6918,1.6918
bride,5,0,5,0.00014,0.0,-1.6918,1.6918
republican,5,0,5,0.00014,0.0,-1.6918,1.6918
actual,4,1,5,0.000112,3.2e-05,-0.8163,0.8163
degree,2,3,5,5.6e-05,9.7e-05,0.3876,0.3876
surprised,4,1,5,0.000112,3.2e-05,-0.8163,0.8163
considering,1,4,5,2.8e-05,0.000129,1.0162,1.0162
electrical,2,3,5,5.6e-05,9.7e-05,0.3876,0.3876
places,3,2,5,8.4e-05,6.5e-05,-0.1877,0.1877
clothes,5,0,5,0.00014,0.0,-1.6918,1.6918
nigeria,0,5,5,0.0,0.000162,1.8917,1.8917
stephen,4,1,5,0.000112,3.2e-05,-0.8163,0.8163
lower,2,3,5,5.6e-05,9.7e-05,0.3876,0.3876
dragon,5,0,5,0.00014,0.0,-1.6918,1.6918
singing,5,0,5,0.00014,0.0,-1.6918,1.6918
safer,4,1,5,0.000112,3.2e-05,-0.8163,0.8163
throwing,3,2,5,8.4e-05,6.5e-05,-0.1877,0.1877
losses,1,4,5,2.8e-05,0.000129,1.0162,1.0162
served,3,2,5,8.4e-05,6.5e-05,-0.1877,0.1877
bake,4,1,5,0.000112,3.2e-05,-0.8163,0.8163
realized,3,2,5,8.4e-05,6.5e-05,-0.1877,0.1877
sentinel,1,4,5,2.8e-05,0.000129,1.0162,1.0162
rape,2,3,5,5.6e-05,9.7e-05,0.3876,0.3876
blackberry,5,0,5,0.00014,0.0,-1.6918,1.6918
loves,5,0,5,0.00014,0.0,-1.6918,1.6918
leaves,2,3,5,5.6e-05,9.7e-05,0.3876,0.3876
sarah,4,1,5,0.000112,3.2e-05,-0.8163,0.8163
lands,2,3,5,5.6e-05,9.7e-05,0.3876,0.3876
731,0,5,5,0.0,0.000162,1.8917,1.8917
classic,3,2,5,8.4e-05,6.5e-05,-0.1877,0.1877
hole,4,1,5,0.000112,3.2e-05,-0.8163,0.8163
commercial,4,1,5,0.000112,3.2e-05,-0.8163,0.8163
packs,4,1,5,0.000112,3.2e-05,-0.8163,0.8163
victory,3,2,5,8.4e-05,6.5e-05,-0.1877,0.1877
starring,3,2,5,8.4e-05,6.5e-05,-0.1877,0.1877
sac,0,5,5,0.0,0.000162,1.8917,1.8917
easily,5,0,5,0.00014,0.0,-1.6918,1.6918
pls,4,1,5,0.000112,3.2e-05,-0.8163,0.8163
looting,2,3,5,5.6e-05,9.7e-05,0.3876,0.3876
putting,5,0,5,0.00014,0.0,-1.6918,1.6918
reduced,3,2,5,8.4e-05,6.5e-05,-0.1877,0.1877
ll,3,2,5,8.4e-05,6.5e-05,-0.1877,0.1877
clinton,3,2,5,8.4e-05,6.5e-05,-0.1877,0.1877
yea,3,2,5,8.4e-05,6.5e-05,-0.1877,0.1877
losing,4,1,5,0.000112,3.2e-05,-0.8163,0.8163
ending,3,2,5,8.4e-05,6.5e-05,-0.1877,0.1877
dare,4,1,5,0.000112,3.2e-05,-0.8163,0.8163
restore,4,1,5,0.000112,3.2e-05,-0.8163,0.8163
promises,4,1,5,0.000112,3.2e-05,-0.8163,0.8163
nuke,0,5,5,0.0,0.000162,1.8917,1.8917
pacific,0,5,5,0.0,0.000162,1.8917,1.8917
sub,4,1,5,0.000112,3.2e-05,-0.8163,0.8163
memory,2,3,5,5.6e-05,9.7e-05,0.3876,0.3876
treat,3,2,5,8.4e-05,6.5e-05,-0.1877,0.1877
z10,5,0,5,0.00014,0.0,-1.6918,1.6918
estimated,0,5,5,0.0,0.000162,1.8917,1.8917
pin,3,2,5,8.4e-05,6.5e-05,-0.1877,0.1877
av,0,5,5,0.0,0.000162,1.8917,1.8917
christians,3,2,5,8.4e-05,6.5e-05,-0.1877,0.1877
falcon,4,1,5,0.000112,3.2e-05,-0.8163,0.8163
funds,1,4,5,2.8e-05,0.000129,1.0162,1.0162
responsible,3,2,5,8.4e-05,6.5e-05,-0.1877,0.1877
werent,4,1,5,0.000112,3.2e-05,-0.8163,0.8163
bounty,1,4,5,2.8e-05,0.000129,1.0162,1.0162
offer,4,1,5,0.000112,3.2e-05,-0.8163,0.8163
judge,5,0,5,0.00014,0.0,-1.6918,1.6918
charge,1,4,5,2.8e-05,0.000129,1.0162,1.0162
vegas,4,1,5,0.000112,3.2e-05,-0.8163,0.8163
trolley,0,5,5,0.0,0.000162,1.8917,1.8917
kerricktrial,3,2,5,8.4e-05,6.5e-05,-0.1877,0.1877
teams,2,3,5,5.6e-05,9.7e-05,0.3876,0.3876
wearing,4,1,5,0.000112,3.2e-05,-0.8163,0.8163
animals,4,1,5,0.000112,3.2e-05,-0.8163,0.8163
bob,5,0,5,0.00014,0.0,-1.6918,1.6918
countries,0,5,5,0.0,0.000162,1.8917,1.8917
pulled,2,3,5,5.6e-05,9.7e-05,0.3876,0.3876
bitches,5,0,5,0.00014,0.0,-1.6918,1.6918
muslim,0,5,5,0.0,0.000162,1.8917,1.8917
revealed,3,2,5,8.4e-05,6.5e-05,-0.1877,0.1877
written,5,0,5,0.00014,0.0,-1.6918,1.6918
degrees,1,4,5,2.8e-05,0.000129,1.0162,1.0162
wouldve,3,2,5,8.4e-05,6.5e-05,-0.1877,0.1877
michigan,1,4,5,2.8e-05,0.000129,1.0162,1.0162
fresh,3,2,5,8.4e-05,6.5e-05,-0.1877,0.1877
tbt,4,1,5,0.000112,3.2e-05,-0.8163,0.8163
solution,4,1,5,0.000112,3.2e-05,-0.8163,0.8163
lungs,3,2,5,8.4e-05,6.5e-05,-0.1877,0.1877
iranian,1,4,5,2.8e-05,0.000129,1.0162,1.0162
newyork,0,5,5,0.0,0.000162,1.8917,1.8917
rapidly,2,3,5,5.6e-05,9.7e-05,0.3876,0.3876
factory,2,3,5,5.6e-05,9.7e-05,0.3876,0.3876
profit,4,1,5,0.000112,3.2e-05,-0.8163,0.8163
slow,1,4,5,2.8e-05,0.000129,1.0162,1.0162
quest,4,1,5,0.000112,3.2e-05,-0.8163,0.8163
agreed,2,3,5,5.6e-05,9.7e-05,0.3876,0.3876
scott,1,4,5,2.8e-05,0.000129,1.0162,1.0162
windows,3,2,5,8.4e-05,6.5e-05,-0.1877,0.1877
roll,2,3,5,5.6e-05,9.7e-05,0.3876,0.3876
internal,4,1,5,0.000112,3.2e-05,-0.8163,0.8163
pantherattack,3,2,5,8.4e-05,6.5e-05,-0.1877,0.1877
damages,1,4,5,2.8e-05,0.000129,1.0162,1.0162
fallen,2,3,5,5.6e-05,9.7e-05,0.3876,0.3876
theyll,4,1,5,0.000112,3.2e-05,-0.8163,0.8163
socialnews,0,5,5,0.0,0.000162,1.8917,1.8917
peanut,5,0,5,0.00014,0.0,-1.6918,1.6918
stranded,1,4,5,2.8e-05,0.000129,1.0162,1.0162
maryland,0,5,5,0.0,0.000162,1.8917,1.8917
paper,4,1,5,0.000112,3.2e-05,-0.8163,0.8163
nu,1,4,5,2.8e-05,0.000129,1.0162,1.0162
age,4,1,5,0.000112,3.2e-05,-0.8163,0.8163
drug,3,2,5,8.4e-05,6.5e-05,-0.1877,0.1877
27,1,4,5,2.8e-05,0.000129,1.0162,1.0162
decided,5,0,5,0.00014,0.0,-1.6918,1.6918
unsafe,2,3,5,5.6e-05,9.7e-05,0.3876,0.3876
tells,2,3,5,5.6e-05,9.7e-05,0.3876,0.3876
germany,2,3,5,5.6e-05,9.7e-05,0.3876,0.3876
mourning,1,4,5,2.8e-05,0.000129,1.0162,1.0162
elephant,3,2,5,8.4e-05,6.5e-05,-0.1877,0.1877
pulls,0,5,5,0.0,0.000162,1.8917,1.8917
japans,0,5,5,0.0,0.000162,1.8917,1.8917
activity,2,3,5,5.6e-05,9.7e-05,0.3876,0.3876
coastal,4,1,5,0.000112,3.2e-05,-0.8163,0.8163
warship,0,5,5,0.0,0.000162,1.8917,1.8917
olympic,1,4,5,2.8e-05,0.000129,1.0162,1.0162
bat,3,2,5,8.4e-05,6.5e-05,-0.1877,0.1877
dvd,4,1,5,0.000112,3.2e-05,-0.8163,0.8163
stir,1,4,5,2.8e-05,0.000129,1.0162,1.0162
guardian,0,5,5,0.0,0.000162,1.8917,1.8917
simulate,1,4,5,2.8e-05,0.000129,1.0162,1.0162
english,3,2,5,8.4e-05,6.5e-05,-0.1877,0.1877
philly,1,4,5,2.8e-05,0.000129,1.0162,1.0162
activated,2,3,5,5.6e-05,9.7e-05,0.3876,0.3876
hills,1,4,5,2.8e-05,0.000129,1.0162,1.0162
reno,0,5,5,0.0,0.000162,1.8917,1.8917
hop,5,0,5,0.00014,0.0,-1.6918,1.6918
pepper,3,2,5,8.4e-05,6.5e-05,-0.1877,0.1877
experiments,0,5,5,0.0,0.000162,1.8917,1.8917
wondering,3,2,5,8.4e-05,6.5e-05,-0.1877,0.1877
chest,3,2,5,8.4e-05,6.5e-05,-0.1877,0.1877
495,1,4,5,2.8e-05,0.000129,1.0162,1.0162
everyones,4,1,5,0.000112,3.2e-05,-0.8163,0.8163
stuck,2,3,5,5.6e-05,9.7e-05,0.3876,0.3876
communities,4,1,5,0.000112,3.2e-05,-0.8163,0.8163
kaduna,0,5,5,0.0,0.000162,1.8917,1.8917
wet,5,0,5,0.00014,0.0,-1.6918,1.6918
memorial,2,3,5,5.6e-05,9.7e-05,0.3876,0.3876
darude,5,0,5,0.00014,0.0,-1.6918,1.6918
protest,2,3,5,5.6e-05,9.7e-05,0.3876,0.3876
gabon,1,4,5,2.8e-05,0.000129,1.0162,1.0162
b4,2,3,5,5.6e-05,9.7e-05,0.3876,0.3876
spirit,4,1,5,0.000112,3.2e-05,-0.8163,0.8163
ugh,5,0,5,0.00014,0.0,-1.6918,1.6918
driven,3,2,5,8.4e-05,6.5e-05,-0.1877,0.1877
housing,2,3,5,5.6e-05,9.7e-05,0.3876,0.3876
rolling,2,3,5,5.6e-05,9.7e-05,0.3876,0.3876
twia,3,2,5,8.4e-05,6.5e-05,-0.1877,0.1877
decision,3,2,5,8.4e-05,6.5e-05,-0.1877,0.1877
walmart,1,4,5,2.8e-05,0.000129,1.0162,1.0162
34,3,2,5,8.4e-05,6.5e-05,-0.1877,0.1877
owners,3,2,5,8.4e-05,6.5e-05,-0.1877,0.1877
fav,4,1,5,0.000112,3.2e-05,-0.8163,0.8163
turns,4,1,5,0.000112,3.2e-05,-0.8163,0.8163
nose,5,0,5,0.00014,0.0,-1.6918,1.6918
advance,1,4,5,2.8e-05,0.000129,1.0162,1.0162
emotionally,3,2,5,8.4e-05,6.5e-05,-0.1877,0.1877
tennessee,1,4,5,2.8e-05,0.000129,1.0162,1.0162
plant,3,2,5,8.4e-05,6.5e-05,-0.1877,0.1877
bjp,0,5,5,0.0,0.000162,1.8917,1.8917
jewish,1,4,5,2.8e-05,0.000129,1.0162,1.0162
persons,1,4,5,2.8e-05,0.000129,1.0162,1.0162
plate,4,1,5,0.000112,3.2e-05,-0.8163,0.8163
gusts,0,5,5,0.0,0.000162,1.8917,1.8917
swimming,2,3,5,5.6e-05,9.7e-05,0.3876,0.3876
kicked,4,1,5,0.000112,3.2e-05,-0.8163,0.8163
ps,4,1,5,0.000112,3.2e-05,-0.8163,0.8163
03,3,2,5,8.4e-05,6.5e-05,-0.1877,0.1877
jesus,4,1,5,0.000112,3.2e-05,-0.8163,0.8163
normal,2,3,5,5.6e-05,9.7e-05,0.3876,0.3876
lowly,5,0,5,0.00014,0.0,-1.6918,1.6918
treatment,3,2,5,8.4e-05,6.5e-05,-0.1877,0.1877
bullets,3,2,5,8.4e-05,6.5e-05,-0.1877,0.1877
sydney,1,4,5,2.8e-05,0.000129,1.0162,1.0162
chocolate,4,1,5,0.000112,3.2e-05,-0.8163,0.8163
fighters,2,3,5,5.6e-05,9.7e-05,0.3876,0.3876
cyclist,1,4,5,2.8e-05,0.000129,1.0162,1.0162
heaven,5,0,5,0.00014,0.0,-1.6918,1.6918
palms,2,3,5,5.6e-05,9.7e-05,0.3876,0.3876
mountains,1,4,5,2.8e-05,0.000129,1.0162,1.0162
sa,3,2,5,8.4e-05,6.5e-05,-0.1877,0.1877
parts,0,5,5,0.0,0.000162,1.8917,1.8917
aware,0,5,5,0.0,0.000162,1.8917,1.8917
drove,3,2,5,8.4e-05,6.5e-05,-0.1877,0.1877
reviews,3,2,5,8.4e-05,6.5e-05,-0.1877,0.1877
hearts,4,1,5,0.000112,3.2e-05,-0.8163,0.8163
dk,5,0,5,0.00014,0.0,-1.6918,1.6918
rider,1,4,5,2.8e-05,0.000129,1.0162,1.0162
lmfao,4,1,5,0.000112,3.2e-05,-0.8163,0.8163
hurt,4,1,5,0.000112,3.2e-05,-0.8163,0.8163
dutch,2,3,5,5.6e-05,9.7e-05,0.3876,0.3876
smithsonian,0,5,5,0.0,0.000162,1.8917,1.8917
multiple,2,3,5,5.6e-05,9.7e-05,0.3876,0.3876
goal,3,2,5,8.4e-05,6.5e-05,-0.1877,0.1877
reach,3,2,5,8.4e-05,6.5e-05,-0.1877,0.1877
instagram,5,0,5,0.00014,0.0,-1.6918,1.6918
wonderful,5,0,5,0.00014,0.0,-1.6918,1.6918
depth,1,4,5,2.8e-05,0.000129,1.0162,1.0162
definitely,3,2,5,8.4e-05,6.5e-05,-0.1877,0.1877
predicted,1,4,5,2.8e-05,0.000129,1.0162,1.0162
grateful,0,5,5,0.0,0.000162,1.8917,1.8917
jacksonville,2,3,5,5.6e-05,9.7e-05,0.3876,0.3876
sittwe,0,5,5,0.0,0.000162,1.8917,1.8917
fingers,5,0,5,0.00014,0.0,-1.6918,1.6918
statement,1,4,5,2.8e-05,0.000129,1.0162,1.0162
nation,1,4,5,2.8e-05,0.000129,1.0162,1.0162
efforts,2,3,5,5.6e-05,9.7e-05,0.3876,0.3876
physical,3,2,5,8.4e-05,6.5e-05,-0.1877,0.1877
sexual,3,2,5,8.4e-05,6.5e-05,-0.1877,0.1877
student,1,4,5,2.8e-05,0.000129,1.0162,1.0162
tracking,2,3,5,5.6e-05,9.7e-05,0.3876,0.3876
48,3,2,5,8.4e-05,6.5e-05,-0.1877,0.1877
telling,4,1,5,0.000112,3.2e-05,-0.8163,0.8163
poverty,3,2,5,8.4e-05,6.5e-05,-0.1877,0.1877
cup,3,2,5,8.4e-05,6.5e-05,-0.1877,0.1877
earners,5,0,5,0.00014,0.0,-1.6918,1.6918
hopefully,4,1,5,0.000112,3.2e-05,-0.8163,0.8163
afraid,2,3,5,5.6e-05,9.7e-05,0.3876,0.3876
mess,3,2,5,8.4e-05,6.5e-05,-0.1877,0.1877
opened,3,2,5,8.4e-05,6.5e-05,-0.1877,0.1877
reality,0,5,5,0.0,0.000162,1.8917,1.8917
cities,2,3,5,5.6e-05,9.7e-05,0.3876,0.3876
remain,2,3,5,5.6e-05,9.7e-05,0.3876,0.3876
lethal,4,1,5,0.000112,3.2e-05,-0.8163,0.8163
grace,2,3,5,5.6e-05,9.7e-05,0.3876,0.3876
dry,2,3,5,5.6e-05,9.7e-05,0.3876,0.3876
hieroglyphics,5,0,5,0.00014,0.0,-1.6918,1.6918
maria,4,1,5,0.000112,3.2e-05,-0.8163,0.8163
bowl,4,1,5,0.000112,3.2e-05,-0.8163,0.8163
worried,1,4,5,2.8e-05,0.000129,1.0162,1.0162
clear,3,2,5,8.4e-05,6.5e-05,-0.1877,0.1877
suffering,3,2,5,8.4e-05,6.5e-05,-0.1877,0.1877
combined,4,1,5,0.000112,3.2e-05,-0.8163,0.8163
reportedly,1,4,5,2.8e-05,0.000129,1.0162,1.0162
diet,5,0,5,0.00014,0.0,-1.6918,1.6918
comments,4,1,5,0.000112,3.2e-05,-0.8163,0.8163
election,5,0,5,0.00014,0.0,-1.6918,1.6918
2pm,3,2,5,8.4e-05,6.5e-05,-0.1877,0.1877
williams,5,0,5,0.00014,0.0,-1.6918,1.6918
pov,0,5,5,0.0,0.000162,1.8917,1.8917
gray,3,2,5,8.4e-05,6.5e-05,-0.1877,0.1877
address,3,2,5,8.4e-05,6.5e-05,-0.1877,0.1877
acts,2,3,5,5.6e-05,9.7e-05,0.3876,0.3876
truly,1,4,5,2.8e-05,0.000129,1.0162,1.0162
fucked,4,1,5,0.000112,3.2e-05,-0.8163,0.8163
warned,4,1,5,0.000112,3.2e-05,-0.8163,0.8163
jamaica,1,4,5,2.8e-05,0.000129,1.0162,1.0162
weed,4,1,5,0.000112,3.2e-05,-0.8163,0.8163
throw,5,0,5,0.00014,0.0,-1.6918,1.6918
drawn,1,4,5,2.8e-05,0.000129,1.0162,1.0162
theyve,2,3,5,5.6e-05,9.7e-05,0.3876,0.3876
temporary,4,1,5,0.000112,3.2e-05,-0.8163,0.8163
orange,2,3,5,5.6e-05,9.7e-05,0.3876,0.3876
fantastic,5,0,5,0.00014,0.0,-1.6918,1.6918
sharp,0,5,5,0.0,0.000162,1.8917,1.8917
bargain,4,1,5,0.000112,3.2e-05,-0.8163,0.8163
patrick,5,0,5,0.00014,0.0,-1.6918,1.6918
museum,2,3,5,5.6e-05,9.7e-05,0.3876,0.3876
correction,3,2,5,8.4e-05,6.5e-05,-0.1877,0.1877
increased,1,4,5,2.8e-05,0.000129,1.0162,1.0162
diamond,4,1,5,0.000112,3.2e-05,-0.8163,0.8163
faced,2,3,5,5.6e-05,9.7e-05,0.3876,0.3876
fund,3,2,5,8.4e-05,6.5e-05,-0.1877,0.1877
motor,2,3,5,5.6e-05,9.7e-05,0.3876,0.3876
laughing,4,1,5,0.000112,3.2e-05,-0.8163,0.8163
lgbt,4,1,5,0.000112,3.2e-05,-0.8163,0.8163
quality,4,1,5,0.000112,3.2e-05,-0.8163,0.8163
cnbc,4,1,5,0.000112,3.2e-05,-0.8163,0.8163
133,0,5,5,0.0,0.000162,1.8917,1.8917
reward,2,3,5,5.6e-05,9.7e-05,0.3876,0.3876
extra,2,3,5,5.6e-05,9.7e-05,0.3876,0.3876
nd,1,4,5,2.8e-05,0.000129,1.0162,1.0162
biological,2,3,5,5.6e-05,9.7e-05,0.3876,0.3876
springs,2,3,5,5.6e-05,9.7e-05,0.3876,0.3876
strategicpatience,1,4,5,2.8e-05,0.000129,1.0162,1.0162
title,5,0,5,0.00014,0.0,-1.6918,1.6918
tornadoes,2,3,5,5.6e-05,9.7e-05,0.3876,0.3876
m1,0,5,5,0.0,0.000162,1.8917,1.8917
crashes,0,5,5,0.0,0.000162,1.8917,1.8917
tempered,5,0,5,0.00014,0.0,-1.6918,1.6918
golf,4,1,5,0.000112,3.2e-05,-0.8163,0.8163
yobe,0,5,5,0.0,0.000162,1.8917,1.8917
raid,1,4,5,2.8e-05,0.000129,1.0162,1.0162
oops,2,3,5,5.6e-05,9.7e-05,0.3876,0.3876
clearly,2,3,5,5.6e-05,9.7e-05,0.3876,0.3876
client,3,2,5,8.4e-05,6.5e-05,-0.1877,0.1877
grey,5,0,5,0.00014,0.0,-1.6918,1.6918
flying,2,3,5,5.6e-05,9.7e-05,0.3876,0.3876
racist,2,2,4,5.6e-05,6.5e-05,0.0999,0.0999
decisions,2,2,4,5.6e-05,6.5e-05,0.0999,0.0999
irish,0,4,4,0.0,0.000129,1.7094,1.7094
matako,4,0,4,0.000112,0.0,-1.5095,1.5095
odd,4,0,4,0.000112,0.0,-1.5095,1.5095
current,3,1,4,8.4e-05,3.2e-05,-0.5932,0.5932
station,1,3,4,2.8e-05,9.7e-05,0.7931,0.7931
bands,3,1,4,8.4e-05,3.2e-05,-0.5932,0.5932
epilepsy,3,1,4,8.4e-05,3.2e-05,-0.5932,0.5932
angeles,2,2,4,5.6e-05,6.5e-05,0.0999,0.0999
crashing,2,2,4,5.6e-05,6.5e-05,0.0999,0.0999
ian,2,2,4,5.6e-05,6.5e-05,0.0999,0.0999
centipede,4,0,4,0.000112,0.0,-1.5095,1.5095
recalls,0,4,4,0.0,0.000129,1.7094,1.7094
80s,3,1,4,8.4e-05,3.2e-05,-0.5932,0.5932
bless,3,1,4,8.4e-05,3.2e-05,-0.5932,0.5932
explains,4,0,4,0.000112,0.0,-1.5095,1.5095
supreme,2,2,4,5.6e-05,6.5e-05,0.0999,0.0999
screenshots,4,0,4,0.000112,0.0,-1.5095,1.5095
mens,4,0,4,0.000112,0.0,-1.5095,1.5095
fate,3,1,4,8.4e-05,3.2e-05,-0.5932,0.5932
historic,1,3,4,2.8e-05,9.7e-05,0.7931,0.7931
discovery,0,4,4,0.0,0.000129,1.7094,1.7094
materials,2,2,4,5.6e-05,6.5e-05,0.0999,0.0999
brutally,1,3,4,2.8e-05,9.7e-05,0.7931,0.7931
selfies,4,0,4,0.000112,0.0,-1.5095,1.5095
betrayed,3,1,4,8.4e-05,3.2e-05,-0.5932,0.5932
blake,3,1,4,8.4e-05,3.2e-05,-0.5932,0.5932
counselor,4,0,4,0.000112,0.0,-1.5095,1.5095
writer,4,0,4,0.000112,0.0,-1.5095,1.5095
recover,2,2,4,5.6e-05,6.5e-05,0.0999,0.0999
lightening,1,3,4,2.8e-05,9.7e-05,0.7931,0.7931
landfall,0,4,4,0.0,0.000129,1.7094,1.7094
options,3,1,4,8.4e-05,3.2e-05,-0.5932,0.5932
scientists,1,3,4,2.8e-05,9.7e-05,0.7931,0.7931
sets,1,3,4,2.8e-05,9.7e-05,0.7931,0.7931
outdoor,2,2,4,5.6e-05,6.5e-05,0.0999,0.0999
prince,2,2,4,5.6e-05,6.5e-05,0.0999,0.0999
opposite,2,2,4,5.6e-05,6.5e-05,0.0999,0.0999
tuned,1,3,4,2.8e-05,9.7e-05,0.7931,0.7931
richard,2,2,4,5.6e-05,6.5e-05,0.0999,0.0999
muscle,4,0,4,0.000112,0.0,-1.5095,1.5095
cia,3,1,4,8.4e-05,3.2e-05,-0.5932,0.5932
faith,4,0,4,0.000112,0.0,-1.5095,1.5095
designs,3,1,4,8.4e-05,3.2e-05,-0.5932,0.5932
oppressions,3,1,4,8.4e-05,3.2e-05,-0.5932,0.5932
targets,2,2,4,5.6e-05,6.5e-05,0.0999,0.0999
values,2,2,4,5.6e-05,6.5e-05,0.0999,0.0999
sources,2,2,4,5.6e-05,6.5e-05,0.0999,0.0999
meant,3,1,4,8.4e-05,3.2e-05,-0.5932,0.5932
device,2,2,4,5.6e-05,6.5e-05,0.0999,0.0999
nw,3,1,4,8.4e-05,3.2e-05,-0.5932,0.5932
asia,1,3,4,2.8e-05,9.7e-05,0.7931,0.7931
gameplay,4,0,4,0.000112,0.0,-1.5095,1.5095
mall,1,3,4,2.8e-05,9.7e-05,0.7931,0.7931
private,2,2,4,5.6e-05,6.5e-05,0.0999,0.0999
cock,4,0,4,0.000112,0.0,-1.5095,1.5095
lgl,1,3,4,2.8e-05,9.7e-05,0.7931,0.7931
predict,2,2,4,5.6e-05,6.5e-05,0.0999,0.0999
boxer,3,1,4,8.4e-05,3.2e-05,-0.5932,0.5932
uribe,4,0,4,0.000112,0.0,-1.5095,1.5095
tribune,2,2,4,5.6e-05,6.5e-05,0.0999,0.0999
asian,2,2,4,5.6e-05,6.5e-05,0.0999,0.0999
cr,2,2,4,5.6e-05,6.5e-05,0.0999,0.0999
foster,3,1,4,8.4e-05,3.2e-05,-0.5932,0.5932
certainly,3,1,4,8.4e-05,3.2e-05,-0.5932,0.5932
spend,4,0,4,0.000112,0.0,-1.5095,1.5095
pieces,3,1,4,8.4e-05,3.2e-05,-0.5932,0.5932
memes,3,1,4,8.4e-05,3.2e-05,-0.5932,0.5932
kind,3,1,4,8.4e-05,3.2e-05,-0.5932,0.5932
responsibility,0,4,4,0.0,0.000129,1.7094,1.7094
servers,4,0,4,0.000112,0.0,-1.5095,1.5095
analysis,0,4,4,0.0,0.000129,1.7094,1.7094
warming,0,4,4,0.0,0.000129,1.7094,1.7094
posted,2,2,4,5.6e-05,6.5e-05,0.0999,0.0999
flooded,0,4,4,0.0,0.000129,1.7094,1.7094
answers,1,3,4,2.8e-05,9.7e-05,0.7931,0.7931
impossible,4,0,4,0.000112,0.0,-1.5095,1.5095
starter,2,2,4,5.6e-05,6.5e-05,0.0999,0.0999
deck,4,0,4,0.000112,0.0,-1.5095,1.5095
description,3,1,4,8.4e-05,3.2e-05,-0.5932,0.5932
surf,2,2,4,5.6e-05,6.5e-05,0.0999,0.0999
hosting,2,2,4,5.6e-05,6.5e-05,0.0999,0.0999
apocalyptic,2,2,4,5.6e-05,6.5e-05,0.0999,0.0999
clouds,2,2,4,5.6e-05,6.5e-05,0.0999,0.0999
dat,1,3,4,2.8e-05,9.7e-05,0.7931,0.7931
theory,3,1,4,8.4e-05,3.2e-05,-0.5932,0.5932
base,2,2,4,5.6e-05,6.5e-05,0.0999,0.0999
eating,4,0,4,0.000112,0.0,-1.5095,1.5095
otrametlife,3,1,4,8.4e-05,3.2e-05,-0.5932,0.5932
wireless,4,0,4,0.000112,0.0,-1.5095,1.5095
enjoyed,4,0,4,0.000112,0.0,-1.5095,1.5095
shirt,4,0,4,0.000112,0.0,-1.5095,1.5095
positive,4,0,4,0.000112,0.0,-1.5095,1.5095
wood,3,1,4,8.4e-05,3.2e-05,-0.5932,0.5932
prompts,2,2,4,5.6e-05,6.5e-05,0.0999,0.0999
raining,3,1,4,8.4e-05,3.2e-05,-0.5932,0.5932
accuses,3,1,4,8.4e-05,3.2e-05,-0.5932,0.5932
nasa,0,4,4,0.0,0.000129,1.7094,1.7094
nasty,4,0,4,0.000112,0.0,-1.5095,1.5095
sucks,3,1,4,8.4e-05,3.2e-05,-0.5932,0.5932
stab,1,3,4,2.8e-05,9.7e-05,0.7931,0.7931
phones,4,0,4,0.000112,0.0,-1.5095,1.5095
charles,2,2,4,5.6e-05,6.5e-05,0.0999,0.0999
insurers,1,3,4,2.8e-05,9.7e-05,0.7931,0.7931
pitch,3,1,4,8.4e-05,3.2e-05,-0.5932,0.5932
ireland,3,1,4,8.4e-05,3.2e-05,-0.5932,0.5932
kyle,4,0,4,0.000112,0.0,-1.5095,1.5095
grenade,1,3,4,2.8e-05,9.7e-05,0.7931,0.7931
garden,4,0,4,0.000112,0.0,-1.5095,1.5095
entered,3,1,4,8.4e-05,3.2e-05,-0.5932,0.5932
equal,3,1,4,8.4e-05,3.2e-05,-0.5932,0.5932
bell,2,2,4,5.6e-05,6.5e-05,0.0999,0.0999
finds,2,2,4,5.6e-05,6.5e-05,0.0999,0.0999
itll,4,0,4,0.000112,0.0,-1.5095,1.5095
sending,4,0,4,0.000112,0.0,-1.5095,1.5095
battery,3,1,4,8.4e-05,3.2e-05,-0.5932,0.5932
bored,4,0,4,0.000112,0.0,-1.5095,1.5095
increase,0,4,4,0.0,0.000129,1.7094,1.7094
caution,2,2,4,5.6e-05,6.5e-05,0.0999,0.0999
skinny,1,3,4,2.8e-05,9.7e-05,0.7931,0.7931
arabian,0,4,4,0.0,0.000129,1.7094,1.7094
movement,3,1,4,8.4e-05,3.2e-05,-0.5932,0.5932
temper,4,0,4,0.000112,0.0,-1.5095,1.5095
marketing,4,0,4,0.000112,0.0,-1.5095,1.5095
famous,3,1,4,8.4e-05,3.2e-05,-0.5932,0.5932
frontline,4,0,4,0.000112,0.0,-1.5095,1.5095
planning,3,1,4,8.4e-05,3.2e-05,-0.5932,0.5932
follows,1,3,4,2.8e-05,9.7e-05,0.7931,0.7931
events,3,1,4,8.4e-05,3.2e-05,-0.5932,0.5932
passed,2,2,4,5.6e-05,6.5e-05,0.0999,0.0999
aussies,4,0,4,0.000112,0.0,-1.5095,1.5095
interested,4,0,4,0.000112,0.0,-1.5095,1.5095
brings,3,1,4,8.4e-05,3.2e-05,-0.5932,0.5932
farrakhan,2,2,4,5.6e-05,6.5e-05,0.0999,0.0999
mega,3,1,4,8.4e-05,3.2e-05,-0.5932,0.5932
specimens,3,1,4,8.4e-05,3.2e-05,-0.5932,0.5932
ankle,4,0,4,0.000112,0.0,-1.5095,1.5095
primary,4,0,4,0.000112,0.0,-1.5095,1.5095
fishing,1,3,4,2.8e-05,9.7e-05,0.7931,0.7931
militant,0,4,4,0.0,0.000129,1.7094,1.7094
waimate,0,4,4,0.0,0.000129,1.7094,1.7094
member,4,0,4,0.000112,0.0,-1.5095,1.5095
torch,3,1,4,8.4e-05,3.2e-05,-0.5932,0.5932
alberta,0,4,4,0.0,0.000129,1.7094,1.7094
excellent,3,1,4,8.4e-05,3.2e-05,-0.5932,0.5932
carryi,0,4,4,0.0,0.000129,1.7094,1.7094
pregnant,3,1,4,8.4e-05,3.2e-05,-0.5932,0.5932
smash,4,0,4,0.000112,0.0,-1.5095,1.5095
offers,3,1,4,8.4e-05,3.2e-05,-0.5932,0.5932
captured,0,4,4,0.0,0.000129,1.7094,1.7094
jax,2,2,4,5.6e-05,6.5e-05,0.0999,0.0999
activates,0,4,4,0.0,0.000129,1.7094,1.7094
silence,3,1,4,8.4e-05,3.2e-05,-0.5932,0.5932
estate,2,2,4,5.6e-05,6.5e-05,0.0999,0.0999
recipes,3,1,4,8.4e-05,3.2e-05,-0.5932,0.5932
000,3,1,4,8.4e-05,3.2e-05,-0.5932,0.5932
underway,1,3,4,2.8e-05,9.7e-05,0.7931,0.7931
yorker,1,3,4,2.8e-05,9.7e-05,0.7931,0.7931
combat,4,0,4,0.000112,0.0,-1.5095,1.5095
website,3,1,4,8.4e-05,3.2e-05,-0.5932,0.5932
wire,2,2,4,5.6e-05,6.5e-05,0.0999,0.0999
wither,4,0,4,0.000112,0.0,-1.5095,1.5095
logo,3,1,4,8.4e-05,3.2e-05,-0.5932,0.5932
jeff,3,1,4,8.4e-05,3.2e-05,-0.5932,0.5932
cdc,0,4,4,0.0,0.000129,1.7094,1.7094
rome,1,3,4,2.8e-05,9.7e-05,0.7931,0.7931
clash,1,3,4,2.8e-05,9.7e-05,0.7931,0.7931
understanding,3,1,4,8.4e-05,3.2e-05,-0.5932,0.5932
period,2,2,4,5.6e-05,6.5e-05,0.0999,0.0999
couples,3,1,4,8.4e-05,3.2e-05,-0.5932,0.5932
bound,0,4,4,0.0,0.000129,1.7094,1.7094
deputies,0,4,4,0.0,0.000129,1.7094,1.7094
floated,1,3,4,2.8e-05,9.7e-05,0.7931,0.7931
jordan,2,2,4,5.6e-05,6.5e-05,0.0999,0.0999
measurement,0,4,4,0.0,0.000129,1.7094,1.7094
diss,4,0,4,0.000112,0.0,-1.5095,1.5095
crack,4,0,4,0.000112,0.0,-1.5095,1.5095
mark,3,1,4,8.4e-05,3.2e-05,-0.5932,0.5932
psychiatric,2,2,4,5.6e-05,6.5e-05,0.0999,0.0999
cigarette,3,1,4,8.4e-05,3.2e-05,-0.5932,0.5932
leaders,1,3,4,2.8e-05,9.7e-05,0.7931,0.7931
fettilootch,3,1,4,8.4e-05,3.2e-05,-0.5932,0.5932
rockyfire,0,4,4,0.0,0.000129,1.7094,1.7094
tutorial,4,0,4,0.000112,0.0,-1.5095,1.5095
okanagan,0,4,4,0.0,0.000129,1.7094,1.7094
wholesale,1,3,4,2.8e-05,9.7e-05,0.7931,0.7931
stereo,4,0,4,0.000112,0.0,-1.5095,1.5095
eastern,0,4,4,0.0,0.000129,1.7094,1.7094
egypt,0,4,4,0.0,0.000129,1.7094,1.7094
weight,4,0,4,0.000112,0.0,-1.5095,1.5095
arm,1,3,4,2.8e-05,9.7e-05,0.7931,0.7931
supervisor,4,0,4,0.000112,0.0,-1.5095,1.5095
expecting,4,0,4,0.000112,0.0,-1.5095,1.5095
expert,0,4,4,0.0,0.000129,1.7094,1.7094
jst,0,4,4,0.0,0.000129,1.7094,1.7094
numbered,4,0,4,0.000112,0.0,-1.5095,1.5095
horrific,0,4,4,0.0,0.000129,1.7094,1.7094
feminist,3,1,4,8.4e-05,3.2e-05,-0.5932,0.5932
dam,1,3,4,2.8e-05,9.7e-05,0.7931,0.7931
mitigation,0,4,4,0.0,0.000129,1.7094,1.7094
crowd,2,2,4,5.6e-05,6.5e-05,0.0999,0.0999
theyd,3,1,4,8.4e-05,3.2e-05,-0.5932,0.5932
whao,0,4,4,0.0,0.000129,1.7094,1.7094
anybody,3,1,4,8.4e-05,3.2e-05,-0.5932,0.5932
karymsky,4,0,4,0.000112,0.0,-1.5095,1.5095
zouma,4,0,4,0.000112,0.0,-1.5095,1.5095
editor,4,0,4,0.000112,0.0,-1.5095,1.5095
beforeitsnews,1,3,4,2.8e-05,9.7e-05,0.7931,0.7931
forward,4,0,4,0.000112,0.0,-1.5095,1.5095
beer,3,1,4,8.4e-05,3.2e-05,-0.5932,0.5932
dtn,0,4,4,0.0,0.000129,1.7094,1.7094
cave,1,3,4,2.8e-05,9.7e-05,0.7931,0.7931
groups,2,2,4,5.6e-05,6.5e-05,0.0999,0.0999
replacing,3,1,4,8.4e-05,3.2e-05,-0.5932,0.5932
vancouver,2,2,4,5.6e-05,6.5e-05,0.0999,0.0999
winston,2,2,4,5.6e-05,6.5e-05,0.0999,0.0999
lonely,4,0,4,0.000112,0.0,-1.5095,1.5095
goals,4,0,4,0.000112,0.0,-1.5095,1.5095
excited,4,0,4,0.000112,0.0,-1.5095,1.5095
enter,4,0,4,0.000112,0.0,-1.5095,1.5095
biker,1,3,4,2.8e-05,9.7e-05,0.7931,0.7931
planted,1,3,4,2.8e-05,9.7e-05,0.7931,0.7931
drugs,2,2,4,5.6e-05,6.5e-05,0.0999,0.0999
ear,3,1,4,8.4e-05,3.2e-05,-0.5932,0.5932
table,3,1,4,8.4e-05,3.2e-05,-0.5932,0.5932
bluetooth,4,0,4,0.000112,0.0,-1.5095,1.5095
ring,4,0,4,0.000112,0.0,-1.5095,1.5095
eb,0,4,4,0.0,0.000129,1.7094,1.7094
largest,2,2,4,5.6e-05,6.5e-05,0.0999,0.0999
forgotten,1,3,4,2.8e-05,9.7e-05,0.7931,0.7931
cleveland,4,0,4,0.000112,0.0,-1.5095,1.5095
produced,2,2,4,5.6e-05,6.5e-05,0.0999,0.0999
abbswinston,0,4,4,0.0,0.000129,1.7094,1.7094
clev,4,0,4,0.000112,0.0,-1.5095,1.5095
shanghai,3,1,4,8.4e-05,3.2e-05,-0.5932,0.5932
asleep,3,1,4,8.4e-05,3.2e-05,-0.5932,0.5932
lulgzimbestpicts,4,0,4,0.000112,0.0,-1.5095,1.5095
exist,2,2,4,5.6e-05,6.5e-05,0.0999,0.0999
min,4,0,4,0.000112,0.0,-1.5095,1.5095
edinburgh,0,4,4,0.0,0.000129,1.7094,1.7094
unlocking,1,3,4,2.8e-05,9.7e-05,0.7931,0.7931
omfg,1,3,4,2.8e-05,9.7e-05,0.7931,0.7931
integrity,3,1,4,8.4e-05,3.2e-05,-0.5932,0.5932
smile,4,0,4,0.000112,0.0,-1.5095,1.5095
hashtag,4,0,4,0.000112,0.0,-1.5095,1.5095
todd,4,0,4,0.000112,0.0,-1.5095,1.5095
ridiculous,3,1,4,8.4e-05,3.2e-05,-0.5932,0.5932
doctor,2,2,4,5.6e-05,6.5e-05,0.0999,0.0999
longest,0,4,4,0.0,0.000129,1.7094,1.7094
relax,4,0,4,0.000112,0.0,-1.5095,1.5095
returned,1,3,4,2.8e-05,9.7e-05,0.7931,0.7931
slide,3,1,4,8.4e-05,3.2e-05,-0.5932,0.5932
reap,4,0,4,0.000112,0.0,-1.5095,1.5095
3rd,2,2,4,5.6e-05,6.5e-05,0.0999,0.0999
jay,4,0,4,0.000112,0.0,-1.5095,1.5095
wheres,3,1,4,8.4e-05,3.2e-05,-0.5932,0.5932
host,3,1,4,8.4e-05,3.2e-05,-0.5932,0.5932
section,3,1,4,8.4e-05,3.2e-05,-0.5932,0.5932
tools,4,0,4,0.000112,0.0,-1.5095,1.5095
recall,2,2,4,5.6e-05,6.5e-05,0.0999,0.0999
resulted,0,4,4,0.0,0.000129,1.7094,1.7094
aussie,2,2,4,5.6e-05,6.5e-05,0.0999,0.0999
auctions,4,0,4,0.000112,0.0,-1.5095,1.5095
sophie,4,0,4,0.000112,0.0,-1.5095,1.5095
sixth,3,1,4,8.4e-05,3.2e-05,-0.5932,0.5932
harbor,0,4,4,0.0,0.000129,1.7094,1.7094
gusty,0,4,4,0.0,0.000129,1.7094,1.7094
announcement,3,1,4,8.4e-05,3.2e-05,-0.5932,0.5932
pbban,3,1,4,8.4e-05,3.2e-05,-0.5932,0.5932
mama,4,0,4,0.000112,0.0,-1.5095,1.5095
fergusons,2,2,4,5.6e-05,6.5e-05,0.0999,0.0999
dick,4,0,4,0.000112,0.0,-1.5095,1.5095
electric,3,1,4,8.4e-05,3.2e-05,-0.5932,0.5932
specif,4,0,4,0.000112,0.0,-1.5095,1.5095
worstsummerjob,3,1,4,8.4e-05,3.2e-05,-0.5932,0.5932
hated,3,1,4,8.4e-05,3.2e-05,-0.5932,0.5932
source,1,3,4,2.8e-05,9.7e-05,0.7931,0.7931
turbine,3,1,4,8.4e-05,3.2e-05,-0.5932,0.5932
dress,2,2,4,5.6e-05,6.5e-05,0.0999,0.0999
minor,1,3,4,2.8e-05,9.7e-05,0.7931,0.7931
listed,3,1,4,8.4e-05,3.2e-05,-0.5932,0.5932
childhood,2,2,4,5.6e-05,6.5e-05,0.0999,0.0999
earrings,4,0,4,0.000112,0.0,-1.5095,1.5095
print,4,0,4,0.000112,0.0,-1.5095,1.5095
pockets,4,0,4,0.000112,0.0,-1.5095,1.5095
preview,4,0,4,0.000112,0.0,-1.5095,1.5095
er,1,3,4,2.8e-05,9.7e-05,0.7931,0.7931
mi,0,4,4,0.0,0.000129,1.7094,1.7094
previously,0,4,4,0.0,0.000129,1.7094,1.7094
transit,2,2,4,5.6e-05,6.5e-05,0.0999,0.0999
villages,0,4,4,0.0,0.000129,1.7094,1.7094
derby,4,0,4,0.000112,0.0,-1.5095,1.5095
chill,4,0,4,0.000112,0.0,-1.5095,1.5095
decide,3,1,4,8.4e-05,3.2e-05,-0.5932,0.5932
armed,0,4,4,0.0,0.000129,1.7094,1.7094
suv,1,3,4,2.8e-05,9.7e-05,0.7931,0.7931
rockin,4,0,4,0.000112,0.0,-1.5095,1.5095
5pm,2,2,4,5.6e-05,6.5e-05,0.0999,0.0999
tf,4,0,4,0.000112,0.0,-1.5095,1.5095
bears,4,0,4,0.000112,0.0,-1.5095,1.5095
bare,3,1,4,8.4e-05,3.2e-05,-0.5932,0.5932
players,3,1,4,8.4e-05,3.2e-05,-0.5932,0.5932
weak,2,2,4,5.6e-05,6.5e-05,0.0999,0.0999
grab,4,0,4,0.000112,0.0,-1.5095,1.5095
xp,3,1,4,8.4e-05,3.2e-05,-0.5932,0.5932
5000,2,2,4,5.6e-05,6.5e-05,0.0999,0.0999
walker,1,3,4,2.8e-05,9.7e-05,0.7931,0.7931
spain,3,1,4,8.4e-05,3.2e-05,-0.5932,0.5932
2009,3,1,4,8.4e-05,3.2e-05,-0.5932,0.5932
despite,2,2,4,5.6e-05,6.5e-05,0.0999,0.0999
university,1,3,4,2.8e-05,9.7e-05,0.7931,0.7931
links,2,2,4,5.6e-05,6.5e-05,0.0999,0.0999
speed,1,3,4,2.8e-05,9.7e-05,0.7931,0.7931
morgan,3,1,4,8.4e-05,3.2e-05,-0.5932,0.5932
sort,3,1,4,8.4e-05,3.2e-05,-0.5932,0.5932
bff,4,0,4,0.000112,0.0,-1.5095,1.5095
dependency,4,0,4,0.000112,0.0,-1.5095,1.5095
cakes,4,0,4,0.000112,0.0,-1.5095,1.5095
cap,4,0,4,0.000112,0.0,-1.5095,1.5095
loan,4,0,4,0.000112,0.0,-1.5095,1.5095
bid,4,0,4,0.000112,0.0,-1.5095,1.5095
370,0,4,4,0.0,0.000129,1.7094,1.7094
capture,3,1,4,8.4e-05,3.2e-05,-0.5932,0.5932
monsoon,0,4,4,0.0,0.000129,1.7094,1.7094
sprinter,4,0,4,0.000112,0.0,-1.5095,1.5095
schools,2,2,4,5.6e-05,6.5e-05,0.0999,0.0999
bug,3,1,4,8.4e-05,3.2e-05,-0.5932,0.5932
wicked,2,2,4,5.6e-05,6.5e-05,0.0999,0.0999
mlb,1,3,4,2.8e-05,9.7e-05,0.7931,0.7931
speaker,4,0,4,0.000112,0.0,-1.5095,1.5095
ability,2,2,4,5.6e-05,6.5e-05,0.0999,0.0999
uganda,0,4,4,0.0,0.000129,1.7094,1.7094
ride,3,1,4,8.4e-05,3.2e-05,-0.5932,0.5932
crew,1,3,4,2.8e-05,9.7e-05,0.7931,0.7931
trucks,1,3,4,2.8e-05,9.7e-05,0.7931,0.7931
cos,0,4,4,0.0,0.000129,1.7094,1.7094
overnight,0,4,4,0.0,0.000129,1.7094,1.7094
born,2,2,4,5.6e-05,6.5e-05,0.0999,0.0999
braking,0,4,4,0.0,0.000129,1.7094,1.7094
y,4,0,4,0.000112,0.0,-1.5095,1.5095
mike,2,2,4,5.6e-05,6.5e-05,0.0999,0.0999
pam,1,3,4,2.8e-05,9.7e-05,0.7931,0.7931
targeting,2,2,4,5.6e-05,6.5e-05,0.0999,0.0999
rocket,3,1,4,8.4e-05,3.2e-05,-0.5932,0.5932
present,4,0,4,0.000112,0.0,-1.5095,1.5095
stress,3,1,4,8.4e-05,3.2e-05,-0.5932,0.5932
odds,2,2,4,5.6e-05,6.5e-05,0.0999,0.0999
assistance,3,1,4,8.4e-05,3.2e-05,-0.5932,0.5932
prabhu,0,4,4,0.0,0.000129,1.7094,1.7094
ramag,4,0,4,0.000112,0.0,-1.5095,1.5095
defend,3,1,4,8.4e-05,3.2e-05,-0.5932,0.5932
charlie,3,1,4,8.4e-05,3.2e-05,-0.5932,0.5932
footage,1,3,4,2.8e-05,9.7e-05,0.7931,0.7931
utter,2,2,4,5.6e-05,6.5e-05,0.0999,0.0999
peaceful,3,1,4,8.4e-05,3.2e-05,-0.5932,0.5932
realize,3,1,4,8.4e-05,3.2e-05,-0.5932,0.5932
pace,3,1,4,8.4e-05,3.2e-05,-0.5932,0.5932
porn,4,0,4,0.000112,0.0,-1.5095,1.5095
jeans,1,3,4,2.8e-05,9.7e-05,0.7931,0.7931
speaking,2,2,4,5.6e-05,6.5e-05,0.0999,0.0999
hughes,3,1,4,8.4e-05,3.2e-05,-0.5932,0.5932
birds,2,2,4,5.6e-05,6.5e-05,0.0999,0.0999
attacking,2,2,4,5.6e-05,6.5e-05,0.0999,0.0999
kingdom,3,1,4,8.4e-05,3.2e-05,-0.5932,0.5932
opus,4,0,4,0.000112,0.0,-1.5095,1.5095
restricted,4,0,4,0.000112,0.0,-1.5095,1.5095
enjoying,1,3,4,2.8e-05,9.7e-05,0.7931,0.7931
leveled,0,4,4,0.0,0.000129,1.7094,1.7094
hoax,2,2,4,5.6e-05,6.5e-05,0.0999,0.0999
parking,3,1,4,8.4e-05,3.2e-05,-0.5932,0.5932
plaguing,3,1,4,8.4e-05,3.2e-05,-0.5932,0.5932
charts,2,2,4,5.6e-05,6.5e-05,0.0999,0.0999
375,1,3,4,2.8e-05,9.7e-05,0.7931,0.7931
multi,2,2,4,5.6e-05,6.5e-05,0.0999,0.0999
wanting,4,0,4,0.000112,0.0,-1.5095,1.5095
jap,0,4,4,0.0,0.000129,1.7094,1.7094
hang,4,0,4,0.000112,0.0,-1.5095,1.5095
lip,4,0,4,0.000112,0.0,-1.5095,1.5095
southampton,1,3,4,2.8e-05,9.7e-05,0.7931,0.7931
individuals,1,3,4,2.8e-05,9.7e-05,0.7931,0.7931
hitting,3,1,4,8.4e-05,3.2e-05,-0.5932,0.5932
occasion,4,0,4,0.000112,0.0,-1.5095,1.5095
cell,3,1,4,8.4e-05,3.2e-05,-0.5932,0.5932
cats,4,0,4,0.000112,0.0,-1.5095,1.5095
regular,4,0,4,0.000112,0.0,-1.5095,1.5095
step,3,1,4,8.4e-05,3.2e-05,-0.5932,0.5932
opinion,3,1,4,8.4e-05,3.2e-05,-0.5932,0.5932
photoshop,4,0,4,0.000112,0.0,-1.5095,1.5095
success,4,0,4,0.000112,0.0,-1.5095,1.5095
feeding,4,0,4,0.000112,0.0,-1.5095,1.5095
sanctions,2,2,4,5.6e-05,6.5e-05,0.0999,0.0999
43,2,2,4,5.6e-05,6.5e-05,0.0999,0.0999
cousin,2,2,4,5.6e-05,6.5e-05,0.0999,0.0999
coach,3,1,4,8.4e-05,3.2e-05,-0.5932,0.5932
cbc,1,3,4,2.8e-05,9.7e-05,0.7931,0.7931
dear,3,1,4,8.4e-05,3.2e-05,-0.5932,0.5932
choking,3,1,4,8.4e-05,3.2e-05,-0.5932,0.5932
miami,0,4,4,0.0,0.000129,1.7094,1.7094
models,4,0,4,0.000112,0.0,-1.5095,1.5095
score,3,1,4,8.4e-05,3.2e-05,-0.5932,0.5932
faster,1,3,4,2.8e-05,9.7e-05,0.7931,0.7931
constantly,4,0,4,0.000112,0.0,-1.5095,1.5095
detectado,0,4,4,0.0,0.000129,1.7094,1.7094
sparks,0,4,4,0.0,0.000129,1.7094,1.7094
wound,2,2,4,5.6e-05,6.5e-05,0.0999,0.0999
wy,1,3,4,2.8e-05,9.7e-05,0.7931,0.7931
average,3,1,4,8.4e-05,3.2e-05,-0.5932,0.5932
atlanta,1,3,4,2.8e-05,9.7e-05,0.7931,0.7931
robots,0,4,4,0.0,0.000129,1.7094,1.7094
recently,2,2,4,5.6e-05,6.5e-05,0.0999,0.0999
capacity,4,0,4,0.000112,0.0,-1.5095,1.5095
bulletin,0,4,4,0.0,0.000129,1.7094,1.7094
iii,3,1,4,8.4e-05,3.2e-05,-0.5932,0.5932
val,3,1,4,8.4e-05,3.2e-05,-0.5932,0.5932
arsenal,1,3,4,2.8e-05,9.7e-05,0.7931,0.7931
vintage,4,0,4,0.000112,0.0,-1.5095,1.5095
alcohol,4,0,4,0.000112,0.0,-1.5095,1.5095
buckle,4,0,4,0.000112,0.0,-1.5095,1.5095
someones,4,0,4,0.000112,0.0,-1.5095,1.5095
blasts,0,4,4,0.0,0.000129,1.7094,1.7094
166,0,4,4,0.0,0.000129,1.7094,1.7094
threats,3,1,4,8.4e-05,3.2e-05,-0.5932,0.5932
europe,1,3,4,2.8e-05,9.7e-05,0.7931,0.7931
challenge,2,2,4,5.6e-05,6.5e-05,0.0999,0.0999
blame,2,2,4,5.6e-05,6.5e-05,0.0999,0.0999
dirt,4,0,4,0.000112,0.0,-1.5095,1.5095
breakingnews,1,3,4,2.8e-05,9.7e-05,0.7931,0.7931
cloud,3,1,4,8.4e-05,3.2e-05,-0.5932,0.5932
thousand,1,3,4,2.8e-05,9.7e-05,0.7931,0.7931
idc,4,0,4,0.000112,0.0,-1.5095,1.5095
surface,3,1,4,8.4e-05,3.2e-05,-0.5932,0.5932
example,4,0,4,0.000112,0.0,-1.5095,1.5095
reveals,2,2,4,5.6e-05,6.5e-05,0.0999,0.0999
boot,2,2,4,5.6e-05,6.5e-05,0.0999,0.0999
majority,0,4,4,0.0,0.000129,1.7094,1.7094
method,3,1,4,8.4e-05,3.2e-05,-0.5932,0.5932
headphones,4,0,4,0.000112,0.0,-1.5095,1.5095
rage,0,4,4,0.0,0.000129,1.7094,1.7094
selfie,3,1,4,8.4e-05,3.2e-05,-0.5932,0.5932
vacant,4,0,4,0.000112,0.0,-1.5095,1.5095
bees,3,1,4,8.4e-05,3.2e-05,-0.5932,0.5932
involved,1,3,4,2.8e-05,9.7e-05,0.7931,0.7931
18w,3,1,4,8.4e-05,3.2e-05,-0.5932,0.5932
28,1,3,4,2.8e-05,9.7e-05,0.7931,0.7931
milk,3,1,4,8.4e-05,3.2e-05,-0.5932,0.5932
fam,3,1,4,8.4e-05,3.2e-05,-0.5932,0.5932
marijuana,2,2,4,5.6e-05,6.5e-05,0.0999,0.0999
forgot,3,1,4,8.4e-05,3.2e-05,-0.5932,0.5932
willing,2,2,4,5.6e-05,6.5e-05,0.0999,0.0999
mfs,2,2,4,5.6e-05,6.5e-05,0.0999,0.0999
checked,3,1,4,8.4e-05,3.2e-05,-0.5932,0.5932
rep,3,1,4,8.4e-05,3.2e-05,-0.5932,0.5932
moth,4,0,4,0.000112,0.0,-1.5095,1.5095
intern,4,0,4,0.000112,0.0,-1.5095,1.5095
sp,3,1,4,8.4e-05,3.2e-05,-0.5932,0.5932
counter,1,3,4,2.8e-05,9.7e-05,0.7931,0.7931
neither,4,0,4,0.000112,0.0,-1.5095,1.5095
calamity,0,4,4,0.0,0.000129,1.7094,1.7094
term,2,2,4,5.6e-05,6.5e-05,0.0999,0.0999
nurse,4,0,4,0.000112,0.0,-1.5095,1.5095
kurdish,0,4,4,0.0,0.000129,1.7094,1.7094
beats,4,0,4,0.000112,0.0,-1.5095,1.5095
eventually,1,3,4,2.8e-05,9.7e-05,0.7931,0.7931
kiernan,4,0,4,0.000112,0.0,-1.5095,1.5095
crater,2,2,4,5.6e-05,6.5e-05,0.0999,0.0999
nicki,4,0,4,0.000112,0.0,-1.5095,1.5095
mercy,3,1,4,8.4e-05,3.2e-05,-0.5932,0.5932
dinner,2,2,4,5.6e-05,6.5e-05,0.0999,0.0999
pack,4,0,4,0.000112,0.0,-1.5095,1.5095
39,3,1,4,8.4e-05,3.2e-05,-0.5932,0.5932
bedroom,3,1,4,8.4e-05,3.2e-05,-0.5932,0.5932
dreams,4,0,4,0.000112,0.0,-1.5095,1.5095
digit,0,4,4,0.0,0.000129,1.7094,1.7094
author,4,0,4,0.000112,0.0,-1.5095,1.5095
bath,2,2,4,5.6e-05,6.5e-05,0.0999,0.0999
notice,3,1,4,8.4e-05,3.2e-05,-0.5932,0.5932
wit,3,1,4,8.4e-05,3.2e-05,-0.5932,0.5932
los,2,2,4,5.6e-05,6.5e-05,0.0999,0.0999
yazidis,0,4,4,0.0,0.000129,1.7094,1.7094
twins,4,0,4,0.000112,0.0,-1.5095,1.5095
pun,4,0,4,0.000112,0.0,-1.5095,1.5095
cancel,3,1,4,8.4e-05,3.2e-05,-0.5932,0.5932
changed,3,1,4,8.4e-05,3.2e-05,-0.5932,0.5932
lez,4,0,4,0.000112,0.0,-1.5095,1.5095
meals,3,1,4,8.4e-05,3.2e-05,-0.5932,0.5932
copycat,0,4,4,0.0,0.000129,1.7094,1.7094
rid,3,1,4,8.4e-05,3.2e-05,-0.5932,0.5932
feelings,3,1,4,8.4e-05,3.2e-05,-0.5932,0.5932
bu,4,0,4,0.000112,0.0,-1.5095,1.5095
6aug,4,0,4,0.000112,0.0,-1.5095,1.5095
previous,2,2,4,5.6e-05,6.5e-05,0.0999,0.0999
360wisenews,2,2,4,5.6e-05,6.5e-05,0.0999,0.0999
painting,4,0,4,0.000112,0.0,-1.5095,1.5095
impressed,4,0,4,0.000112,0.0,-1.5095,1.5095
z,4,0,4,0.000112,0.0,-1.5095,1.5095
911,1,3,4,2.8e-05,9.7e-05,0.7931,0.7931
sisters,3,1,4,8.4e-05,3.2e-05,-0.5932,0.5932
haunting,0,4,4,0.0,0.000129,1.7094,1.7094
alright,4,0,4,0.000112,0.0,-1.5095,1.5095
gift,2,2,4,5.6e-05,6.5e-05,0.0999,0.0999
channel,4,0,4,0.000112,0.0,-1.5095,1.5095
rs,4,0,4,0.000112,0.0,-1.5095,1.5095
mitt,4,0,4,0.000112,0.0,-1.5095,1.5095
idfire,0,4,4,0.0,0.000129,1.7094,1.7094
collapses,0,4,4,0.0,0.000129,1.7094,1.7094
haram,1,3,4,2.8e-05,9.7e-05,0.7931,0.7931
humidity,2,2,4,5.6e-05,6.5e-05,0.0999,0.0999
location,1,3,4,2.8e-05,9.7e-05,0.7931,0.7931
probe,1,3,4,2.8e-05,9.7e-05,0.7931,0.7931
bp,1,3,4,2.8e-05,9.7e-05,0.7931,0.7931
warn,2,2,4,5.6e-05,6.5e-05,0.0999,0.0999
californias,0,4,4,0.0,0.000129,1.7094,1.7094
wht,0,4,4,0.0,0.000129,1.7094,1.7094
messenger,4,0,4,0.000112,0.0,-1.5095,1.5095
guard,4,0,4,0.000112,0.0,-1.5095,1.5095
warfighting,0,4,4,0.0,0.000129,1.7094,1.7094
rob,3,1,4,8.4e-05,3.2e-05,-0.5932,0.5932
race,3,1,4,8.4e-05,3.2e-05,-0.5932,0.5932
pond,0,4,4,0.0,0.000129,1.7094,1.7094
magnum,4,0,4,0.000112,0.0,-1.5095,1.5095
generally,4,0,4,0.000112,0.0,-1.5095,1.5095
reaching,4,0,4,0.000112,0.0,-1.5095,1.5095
palestinians,0,4,4,0.0,0.000129,1.7094,1.7094
ink,3,1,4,8.4e-05,3.2e-05,-0.5932,0.5932
communication,3,1,4,8.4e-05,3.2e-05,-0.5932,0.5932
blowing,1,3,4,2.8e-05,9.7e-05,0.7931,0.7931
washed,0,4,4,0.0,0.000129,1.7094,1.7094
2pcs,3,1,4,8.4e-05,3.2e-05,-0.5932,0.5932
continued,1,3,4,2.8e-05,9.7e-05,0.7931,0.7931
apple,2,2,4,5.6e-05,6.5e-05,0.0999,0.0999
holland,3,1,4,8.4e-05,3.2e-05,-0.5932,0.5932
fits,3,1,4,8.4e-05,3.2e-05,-0.5932,0.5932
hmm,0,4,4,0.0,0.000129,1.7094,1.7094
settlement,1,3,4,2.8e-05,9.7e-05,0.7931,0.7931
code,3,1,4,8.4e-05,3.2e-05,-0.5932,0.5932
sandiego,0,4,4,0.0,0.000129,1.7094,1.7094
daughters,2,2,4,5.6e-05,6.5e-05,0.0999,0.0999
arts,3,1,4,8.4e-05,3.2e-05,-0.5932,0.5932
appreciate,4,0,4,0.000112,0.0,-1.5095,1.5095
robert,3,1,4,8.4e-05,3.2e-05,-0.5932,0.5932
shared,4,0,4,0.000112,0.0,-1.5095,1.5095
minority,3,1,4,8.4e-05,3.2e-05,-0.5932,0.5932
flags,3,1,4,8.4e-05,3.2e-05,-0.5932,0.5932
tampa,1,3,4,2.8e-05,9.7e-05,0.7931,0.7931
benefits,3,1,4,8.4e-05,3.2e-05,-0.5932,0.5932
kenya,3,1,4,8.4e-05,3.2e-05,-0.5932,0.5932
range,2,2,4,5.6e-05,6.5e-05,0.0999,0.0999
lying,1,3,4,2.8e-05,9.7e-05,0.7931,0.7931
cum,4,0,4,0.000112,0.0,-1.5095,1.5095
assembly,3,1,4,8.4e-05,3.2e-05,-0.5932,0.5932
chelsea,4,0,4,0.000112,0.0,-1.5095,1.5095
gon,4,0,4,0.000112,0.0,-1.5095,1.5095
karachi,0,4,4,0.0,0.000129,1.7094,1.7094
soup,4,0,4,0.000112,0.0,-1.5095,1.5095
prior,0,4,4,0.0,0.000129,1.7094,1.7094
newlyweds,3,1,4,8.4e-05,3.2e-05,-0.5932,0.5932
dallas,0,4,4,0.0,0.000129,1.7094,1.7094
tons,2,2,4,5.6e-05,6.5e-05,0.0999,0.0999
environment,2,2,4,5.6e-05,6.5e-05,0.0999,0.0999
harry,4,0,4,0.000112,0.0,-1.5095,1.5095
fly,2,2,4,5.6e-05,6.5e-05,0.0999,0.0999
bluejays,4,0,4,0.000112,0.0,-1.5095,1.5095
refugee,0,4,4,0.0,0.000129,1.7094,1.7094
laugh,4,0,4,0.000112,0.0,-1.5095,1.5095
heading,1,3,4,2.8e-05,9.7e-05,0.7931,0.7931
shell,3,1,4,8.4e-05,3.2e-05,-0.5932,0.5932
slanglucci,3,1,4,8.4e-05,3.2e-05,-0.5932,0.5932
nfl,4,0,4,0.000112,0.0,-1.5095,1.5095
playoffs,4,0,4,0.000112,0.0,-1.5095,1.5095
elem,0,4,4,0.0,0.000129,1.7094,1.7094
ty,3,1,4,8.4e-05,3.2e-05,-0.5932,0.5932
recent,4,0,4,0.000112,0.0,-1.5095,1.5095
network,2,2,4,5.6e-05,6.5e-05,0.0999,0.0999
abused,3,1,4,8.4e-05,3.2e-05,-0.5932,0.5932
concerns,2,2,4,5.6e-05,6.5e-05,0.0999,0.0999
minds,2,2,4,5.6e-05,6.5e-05,0.0999,0.0999
cast,3,1,4,8.4e-05,3.2e-05,-0.5932,0.5932
stands,3,1,4,8.4e-05,3.2e-05,-0.5932,0.5932
spending,0,4,4,0.0,0.000129,1.7094,1.7094
cotton,4,0,4,0.000112,0.0,-1.5095,1.5095
marked,0,4,4,0.0,0.000129,1.7094,1.7094
floyds,4,0,4,0.000112,0.0,-1.5095,1.5095
innocent,2,2,4,5.6e-05,6.5e-05,0.0999,0.0999
caitlin,4,0,4,0.000112,0.0,-1.5095,1.5095
letting,3,1,4,8.4e-05,3.2e-05,-0.5932,0.5932
sized,2,2,4,5.6e-05,6.5e-05,0.0999,0.0999
derails,0,4,4,0.0,0.000129,1.7094,1.7094
letters,3,1,4,8.4e-05,3.2e-05,-0.5932,0.5932
precipitation,0,4,4,0.0,0.000129,1.7094,1.7094
cord,3,1,4,8.4e-05,3.2e-05,-0.5932,0.5932
swansea,2,2,4,5.6e-05,6.5e-05,0.0999,0.0999
votejkt48id,1,3,4,2.8e-05,9.7e-05,0.7931,0.7931
color,4,0,4,0.000112,0.0,-1.5095,1.5095
57,3,1,4,8.4e-05,3.2e-05,-0.5932,0.5932
legit,3,1,4,8.4e-05,3.2e-05,-0.5932,0.5932
accused,2,2,4,5.6e-05,6.5e-05,0.0999,0.0999
senate,3,1,4,8.4e-05,3.2e-05,-0.5932,0.5932
utterly,2,2,4,5.6e-05,6.5e-05,0.0999,0.0999
eq,0,4,4,0.0,0.000129,1.7094,1.7094
twin,1,3,4,2.8e-05,9.7e-05,0.7931,0.7931
southeast,2,2,4,5.6e-05,6.5e-05,0.0999,0.0999
remembered,4,0,4,0.000112,0.0,-1.5095,1.5095
suffer,3,1,4,8.4e-05,3.2e-05,-0.5932,0.5932
kca,1,3,4,2.8e-05,9.7e-05,0.7931,0.7931
com,2,2,4,5.6e-05,6.5e-05,0.0999,0.0999
oc,4,0,4,0.000112,0.0,-1.5095,1.5095
prefer,3,1,4,8.4e-05,3.2e-05,-0.5932,0.5932
houston,2,2,4,5.6e-05,6.5e-05,0.0999,0.0999
vets,2,2,4,5.6e-05,6.5e-05,0.0999,0.0999
revolution,3,1,4,8.4e-05,3.2e-05,-0.5932,0.5932
concern,2,2,4,5.6e-05,6.5e-05,0.0999,0.0999
eden,4,0,4,0.000112,0.0,-1.5095,1.5095
negative,3,1,4,8.4e-05,3.2e-05,-0.5932,0.5932
engine,1,3,4,2.8e-05,9.7e-05,0.7931,0.7931
cupcake,4,0,4,0.000112,0.0,-1.5095,1.5095
ig,2,2,4,5.6e-05,6.5e-05,0.0999,0.0999
dundee,0,3,3,0.0,9.7e-05,1.4862,1.4862
warne,1,2,3,2.8e-05,6.5e-05,0.5054,0.5054
bite,3,0,3,8.4e-05,0.0,-1.2863,1.2863
fitness,3,0,3,8.4e-05,0.0,-1.2863,1.2863
organizations,2,1,3,5.6e-05,3.2e-05,-0.3055,0.3055
northeast,0,3,3,0.0,9.7e-05,1.4862,1.4862
nri,0,3,3,0.0,9.7e-05,1.4862,1.4862
unawares,0,3,3,0.0,9.7e-05,1.4862,1.4862
gunmen,0,3,3,0.0,9.7e-05,1.4862,1.4862
1998,3,0,3,8.4e-05,0.0,-1.2863,1.2863
mate,1,2,3,2.8e-05,6.5e-05,0.5054,0.5054
chair,3,0,3,8.4e-05,0.0,-1.2863,1.2863
vegetarian,2,1,3,5.6e-05,3.2e-05,-0.3055,0.3055
harper,2,1,3,5.6e-05,3.2e-05,-0.3055,0.3055
oral,2,1,3,5.6e-05,3.2e-05,-0.3055,0.3055
transporting,1,2,3,2.8e-05,6.5e-05,0.5054,0.5054
fixed,2,1,3,5.6e-05,3.2e-05,-0.3055,0.3055
survivor,0,3,3,0.0,9.7e-05,1.4862,1.4862
drum,2,1,3,5.6e-05,3.2e-05,-0.3055,0.3055
109,3,0,3,8.4e-05,0.0,-1.2863,1.2863
catching,1,2,3,2.8e-05,6.5e-05,0.5054,0.5054
grew,1,2,3,2.8e-05,6.5e-05,0.5054,0.5054
cutting,1,2,3,2.8e-05,6.5e-05,0.5054,0.5054
idps,2,1,3,5.6e-05,3.2e-05,-0.3055,0.3055
pays,1,2,3,2.8e-05,6.5e-05,0.5054,0.5054
designed,2,1,3,5.6e-05,3.2e-05,-0.3055,0.3055
apch,3,0,3,8.4e-05,0.0,-1.2863,1.2863
charger,2,1,3,5.6e-05,3.2e-05,-0.3055,0.3055
recycling,1,2,3,2.8e-05,6.5e-05,0.5054,0.5054
80,0,3,3,0.0,9.7e-05,1.4862,1.4862
conquest,2,1,3,5.6e-05,3.2e-05,-0.3055,0.3055
headset,3,0,3,8.4e-05,0.0,-1.2863,1.2863
halifax,1,2,3,2.8e-05,6.5e-05,0.5054,0.5054
nestleindia,1,2,3,2.8e-05,6.5e-05,0.5054,0.5054
tidal,1,2,3,2.8e-05,6.5e-05,0.5054,0.5054
sm,1,2,3,2.8e-05,6.5e-05,0.5054,0.5054
occurs,1,2,3,2.8e-05,6.5e-05,0.5054,0.5054
yahoo,2,1,3,5.6e-05,3.2e-05,-0.3055,0.3055
fd,0,3,3,0.0,9.7e-05,1.4862,1.4862
bangladesh,0,3,3,0.0,9.7e-05,1.4862,1.4862
inevitable,3,0,3,8.4e-05,0.0,-1.2863,1.2863
invasion,0,3,3,0.0,9.7e-05,1.4862,1.4862
projects,0,3,3,0.0,9.7e-05,1.4862,1.4862
portion,2,1,3,5.6e-05,3.2e-05,-0.3055,0.3055
meter,1,2,3,2.8e-05,6.5e-05,0.5054,0.5054
detained,2,1,3,5.6e-05,3.2e-05,-0.3055,0.3055
immediately,2,1,3,5.6e-05,3.2e-05,-0.3055,0.3055
esp,1,2,3,2.8e-05,6.5e-05,0.5054,0.5054
monster,1,2,3,2.8e-05,6.5e-05,0.5054,0.5054
hunger,2,1,3,5.6e-05,3.2e-05,-0.3055,0.3055
soudelors,0,3,3,0.0,9.7e-05,1.4862,1.4862
honey,3,0,3,8.4e-05,0.0,-1.2863,1.2863
sweden,0,3,3,0.0,9.7e-05,1.4862,1.4862
closing,2,1,3,5.6e-05,3.2e-05,-0.3055,0.3055
listenlive,3,0,3,8.4e-05,0.0,-1.2863,1.2863
origin,3,0,3,8.4e-05,0.0,-1.2863,1.2863
audience,3,0,3,8.4e-05,0.0,-1.2863,1.2863
model,2,1,3,5.6e-05,3.2e-05,-0.3055,0.3055
key,0,3,3,0.0,9.7e-05,1.4862,1.4862
grabbers,0,3,3,0.0,9.7e-05,1.4862,1.4862
experienced,1,2,3,2.8e-05,6.5e-05,0.5054,0.5054
seasons,2,1,3,5.6e-05,3.2e-05,-0.3055,0.3055
republic,3,0,3,8.4e-05,0.0,-1.2863,1.2863
criminal,3,0,3,8.4e-05,0.0,-1.2863,1.2863
transformation,2,1,3,5.6e-05,3.2e-05,-0.3055,0.3055
2005,3,0,3,8.4e-05,0.0,-1.2863,1.2863
maj,1,2,3,2.8e-05,6.5e-05,0.5054,0.5054
barely,2,1,3,5.6e-05,3.2e-05,-0.3055,0.3055
jazz,3,0,3,8.4e-05,0.0,-1.2863,1.2863
alarms,1,2,3,2.8e-05,6.5e-05,0.5054,0.5054
credit,2,1,3,5.6e-05,3.2e-05,-0.3055,0.3055
alternatives,2,1,3,5.6e-05,3.2e-05,-0.3055,0.3055
camera,3,0,3,8.4e-05,0.0,-1.2863,1.2863
salvador,1,2,3,2.8e-05,6.5e-05,0.5054,0.5054
souls,3,0,3,8.4e-05,0.0,-1.2863,1.2863
urgent,0,3,3,0.0,9.7e-05,1.4862,1.4862
knowing,1,2,3,2.8e-05,6.5e-05,0.5054,0.5054
fb,3,0,3,8.4e-05,0.0,-1.2863,1.2863
carried,1,2,3,2.8e-05,6.5e-05,0.5054,0.5054
launch,1,2,3,2.8e-05,6.5e-05,0.5054,0.5054
torso,2,1,3,5.6e-05,3.2e-05,-0.3055,0.3055
december,2,1,3,5.6e-05,3.2e-05,-0.3055,0.3055
blowmandyup,3,0,3,8.4e-05,0.0,-1.2863,1.2863
unhappiness,3,0,3,8.4e-05,0.0,-1.2863,1.2863
ego,2,1,3,5.6e-05,3.2e-05,-0.3055,0.3055
mins,1,2,3,2.8e-05,6.5e-05,0.5054,0.5054
drag,2,1,3,5.6e-05,3.2e-05,-0.3055,0.3055
soldier,2,1,3,5.6e-05,3.2e-05,-0.3055,0.3055
matches,2,1,3,5.6e-05,3.2e-05,-0.3055,0.3055
cabin,1,2,3,2.8e-05,6.5e-05,0.5054,0.5054
workplace,3,0,3,8.4e-05,0.0,-1.2863,1.2863
spirits,3,0,3,8.4e-05,0.0,-1.2863,1.2863
silent,2,1,3,5.6e-05,3.2e-05,-0.3055,0.3055
foul,3,0,3,8.4e-05,0.0,-1.2863,1.2863
dq,3,0,3,8.4e-05,0.0,-1.2863,1.2863
recorded,2,1,3,5.6e-05,3.2e-05,-0.3055,0.3055
heal,3,0,3,8.4e-05,0.0,-1.2863,1.2863
federal,1,2,3,2.8e-05,6.5e-05,0.5054,0.5054
milkshake,2,1,3,5.6e-05,3.2e-05,-0.3055,0.3055
welfare,1,2,3,2.8e-05,6.5e-05,0.5054,0.5054
impacted,2,1,3,5.6e-05,3.2e-05,-0.3055,0.3055
slip,2,1,3,5.6e-05,3.2e-05,-0.3055,0.3055
denmark,3,0,3,8.4e-05,0.0,-1.2863,1.2863
foodscare,1,2,3,2.8e-05,6.5e-05,0.5054,0.5054
nytimes,0,3,3,0.0,9.7e-05,1.4862,1.4862
ryan,2,1,3,5.6e-05,3.2e-05,-0.3055,0.3055
nyt,0,3,3,0.0,9.7e-05,1.4862,1.4862
vet,3,0,3,8.4e-05,0.0,-1.2863,1.2863
solid,2,1,3,5.6e-05,3.2e-05,-0.3055,0.3055
domestic,2,1,3,5.6e-05,3.2e-05,-0.3055,0.3055
arwx,0,3,3,0.0,9.7e-05,1.4862,1.4862
tunnel,0,3,3,0.0,9.7e-05,1.4862,1.4862
boko,0,3,3,0.0,9.7e-05,1.4862,1.4862
permanent,3,0,3,8.4e-05,0.0,-1.2863,1.2863
apparent,1,2,3,2.8e-05,6.5e-05,0.5054,0.5054
bowling,2,1,3,5.6e-05,3.2e-05,-0.3055,0.3055
cooler,2,1,3,5.6e-05,3.2e-05,-0.3055,0.3055
chevy,3,0,3,8.4e-05,0.0,-1.2863,1.2863
te,3,0,3,8.4e-05,0.0,-1.2863,1.2863
aw,3,0,3,8.4e-05,0.0,-1.2863,1.2863
forgiven,2,1,3,5.6e-05,3.2e-05,-0.3055,0.3055
skies,3,0,3,8.4e-05,0.0,-1.2863,1.2863
mirage,3,0,3,8.4e-05,0.0,-1.2863,1.2863
yep,1,2,3,2.8e-05,6.5e-05,0.5054,0.5054
btw,2,1,3,5.6e-05,3.2e-05,-0.3055,0.3055
aoms,1,2,3,2.8e-05,6.5e-05,0.5054,0.5054
contemplating,3,0,3,8.4e-05,0.0,-1.2863,1.2863
apart,3,0,3,8.4e-05,0.0,-1.2863,1.2863
julie,3,0,3,8.4e-05,0.0,-1.2863,1.2863
wear,3,0,3,8.4e-05,0.0,-1.2863,1.2863
nope,1,2,3,2.8e-05,6.5e-05,0.5054,0.5054
godslove,2,1,3,5.6e-05,3.2e-05,-0.3055,0.3055
cain,2,1,3,5.6e-05,3.2e-05,-0.3055,0.3055
fkn,1,2,3,2.8e-05,6.5e-05,0.5054,0.5054
experiencing,0,3,3,0.0,9.7e-05,1.4862,1.4862
smoky,1,2,3,2.8e-05,6.5e-05,0.5054,0.5054
egged,0,3,3,0.0,9.7e-05,1.4862,1.4862
finish,3,0,3,8.4e-05,0.0,-1.2863,1.2863
james,3,0,3,8.4e-05,0.0,-1.2863,1.2863
filled,3,0,3,8.4e-05,0.0,-1.2863,1.2863
mcilroy,3,0,3,8.4e-05,0.0,-1.2863,1.2863
lesbian,1,2,3,2.8e-05,6.5e-05,0.5054,0.5054
gives,2,1,3,5.6e-05,3.2e-05,-0.3055,0.3055
armory,3,0,3,8.4e-05,0.0,-1.2863,1.2863
photographer,2,1,3,5.6e-05,3.2e-05,-0.3055,0.3055
toe,2,1,3,5.6e-05,3.2e-05,-0.3055,0.3055
chosen,3,0,3,8.4e-05,0.0,-1.2863,1.2863
comparison,1,2,3,2.8e-05,6.5e-05,0.5054,0.5054
hardline,3,0,3,8.4e-05,0.0,-1.2863,1.2863
fashionable,2,1,3,5.6e-05,3.2e-05,-0.3055,0.3055
swing,3,0,3,8.4e-05,0.0,-1.2863,1.2863
eaten,2,1,3,5.6e-05,3.2e-05,-0.3055,0.3055
2008,2,1,3,5.6e-05,3.2e-05,-0.3055,0.3055
legion,2,1,3,5.6e-05,3.2e-05,-0.3055,0.3055
cad,1,2,3,2.8e-05,6.5e-05,0.5054,0.5054
healthcare,3,0,3,8.4e-05,0.0,-1.2863,1.2863
required,2,1,3,5.6e-05,3.2e-05,-0.3055,0.3055
ears,2,1,3,5.6e-05,3.2e-05,-0.3055,0.3055
superhero,2,1,3,5.6e-05,3.2e-05,-0.3055,0.3055
beware,3,0,3,8.4e-05,0.0,-1.2863,1.2863
komen,0,3,3,0.0,9.7e-05,1.4862,1.4862
taxiways,3,0,3,8.4e-05,0.0,-1.2863,1.2863
ut,0,3,3,0.0,9.7e-05,1.4862,1.4862
brush,0,3,3,0.0,9.7e-05,1.4862,1.4862
commute,0,3,3,0.0,9.7e-05,1.4862,1.4862
humaza,2,1,3,5.6e-05,3.2e-05,-0.3055,0.3055
proceeds,2,1,3,5.6e-05,3.2e-05,-0.3055,0.3055
chases,2,1,3,5.6e-05,3.2e-05,-0.3055,0.3055
marker,0,3,3,0.0,9.7e-05,1.4862,1.4862
autumn,3,0,3,8.4e-05,0.0,-1.2863,1.2863
highly,3,0,3,8.4e-05,0.0,-1.2863,1.2863
2030,3,0,3,8.4e-05,0.0,-1.2863,1.2863
condition,1,2,3,2.8e-05,6.5e-05,0.5054,0.5054
removal,3,0,3,8.4e-05,0.0,-1.2863,1.2863
gamergate,3,0,3,8.4e-05,0.0,-1.2863,1.2863
chicken,3,0,3,8.4e-05,0.0,-1.2863,1.2863
mercury,2,1,3,5.6e-05,3.2e-05,-0.3055,0.3055
revenues,0,3,3,0.0,9.7e-05,1.4862,1.4862
batters,1,2,3,2.8e-05,6.5e-05,0.5054,0.5054
locker,3,0,3,8.4e-05,0.0,-1.2863,1.2863
extends,1,2,3,2.8e-05,6.5e-05,0.5054,0.5054
cd,2,1,3,5.6e-05,3.2e-05,-0.3055,0.3055
friendship,3,0,3,8.4e-05,0.0,-1.2863,1.2863
mum,1,2,3,2.8e-05,6.5e-05,0.5054,0.5054
registered,2,1,3,5.6e-05,3.2e-05,-0.3055,0.3055
eh,3,0,3,8.4e-05,0.0,-1.2863,1.2863
regarding,3,0,3,8.4e-05,0.0,-1.2863,1.2863
acute,0,3,3,0.0,9.7e-05,1.4862,1.4862
terrifying,1,2,3,2.8e-05,6.5e-05,0.5054,0.5054
guilty,3,0,3,8.4e-05,0.0,-1.2863,1.2863
anxious,1,2,3,2.8e-05,6.5e-05,0.5054,0.5054
verdict,1,2,3,2.8e-05,6.5e-05,0.5054,0.5054
scars,2,1,3,5.6e-05,3.2e-05,-0.3055,0.3055
roberts,0,3,3,0.0,9.7e-05,1.4862,1.4862
pulling,2,1,3,5.6e-05,3.2e-05,-0.3055,0.3055
grown,1,2,3,2.8e-05,6.5e-05,0.5054,0.5054
tests,2,1,3,5.6e-05,3.2e-05,-0.3055,0.3055
radioactive,0,3,3,0.0,9.7e-05,1.4862,1.4862
ima,2,1,3,5.6e-05,3.2e-05,-0.3055,0.3055
boom,3,0,3,8.4e-05,0.0,-1.2863,1.2863
colluded,0,3,3,0.0,9.7e-05,1.4862,1.4862
therapy,2,1,3,5.6e-05,3.2e-05,-0.3055,0.3055
nepal,0,3,3,0.0,9.7e-05,1.4862,1.4862
happiness,2,1,3,5.6e-05,3.2e-05,-0.3055,0.3055
blames,0,3,3,0.0,9.7e-05,1.4862,1.4862
forbes,2,1,3,5.6e-05,3.2e-05,-0.3055,0.3055
fraction,1,2,3,2.8e-05,6.5e-05,0.5054,0.5054
shitty,3,0,3,8.4e-05,0.0,-1.2863,1.2863
closures,0,3,3,0.0,9.7e-05,1.4862,1.4862
longs,1,2,3,2.8e-05,6.5e-05,0.5054,0.5054
fbi,2,1,3,5.6e-05,3.2e-05,-0.3055,0.3055
contact,3,0,3,8.4e-05,0.0,-1.2863,1.2863
swells,0,3,3,0.0,9.7e-05,1.4862,1.4862
ak,3,0,3,8.4e-05,0.0,-1.2863,1.2863
closes,0,3,3,0.0,9.7e-05,1.4862,1.4862
toxic,1,2,3,2.8e-05,6.5e-05,0.5054,0.5054
vip,2,1,3,5.6e-05,3.2e-05,-0.3055,0.3055
ik,2,1,3,5.6e-05,3.2e-05,-0.3055,0.3055
facts,1,2,3,2.8e-05,6.5e-05,0.5054,0.5054
higher,0,3,3,0.0,9.7e-05,1.4862,1.4862
crimes,0,3,3,0.0,9.7e-05,1.4862,1.4862
gilbert23,2,1,3,5.6e-05,3.2e-05,-0.3055,0.3055
tuesday,1,2,3,2.8e-05,6.5e-05,0.5054,0.5054
belly,1,2,3,2.8e-05,6.5e-05,0.5054,0.5054
racing,2,1,3,5.6e-05,3.2e-05,-0.3055,0.3055
contained,0,3,3,0.0,9.7e-05,1.4862,1.4862
labs,0,3,3,0.0,9.7e-05,1.4862,1.4862
surah,2,1,3,5.6e-05,3.2e-05,-0.3055,0.3055
features,3,0,3,8.4e-05,0.0,-1.2863,1.2863
gain,3,0,3,8.4e-05,0.0,-1.2863,1.2863
responded,0,3,3,0.0,9.7e-05,1.4862,1.4862
noaa,0,3,3,0.0,9.7e-05,1.4862,1.4862
plays,3,0,3,8.4e-05,0.0,-1.2863,1.2863
teacher,3,0,3,8.4e-05,0.0,-1.2863,1.2863
beginners,2,1,3,5.6e-05,3.2e-05,-0.3055,0.3055
streaming,3,0,3,8.4e-05,0.0,-1.2863,1.2863
telegraph,1,2,3,2.8e-05,6.5e-05,0.5054,0.5054
tune,2,1,3,5.6e-05,3.2e-05,-0.3055,0.3055
voluntary,0,3,3,0.0,9.7e-05,1.4862,1.4862
surely,1,2,3,2.8e-05,6.5e-05,0.5054,0.5054
bookboost,1,2,3,2.8e-05,6.5e-05,0.5054,0.5054
vampiro,3,0,3,8.4e-05,0.0,-1.2863,1.2863
burnt,2,1,3,5.6e-05,3.2e-05,-0.3055,0.3055
expensive,2,1,3,5.6e-05,3.2e-05,-0.3055,0.3055
jays,3,0,3,8.4e-05,0.0,-1.2863,1.2863
rwy,3,0,3,8.4e-05,0.0,-1.2863,1.2863
mistake,2,1,3,5.6e-05,3.2e-05,-0.3055,0.3055
queens,3,0,3,8.4e-05,0.0,-1.2863,1.2863
threw,2,1,3,5.6e-05,3.2e-05,-0.3055,0.3055
disgusting,2,1,3,5.6e-05,3.2e-05,-0.3055,0.3055
band,2,1,3,5.6e-05,3.2e-05,-0.3055,0.3055
shaking,1,2,3,2.8e-05,6.5e-05,0.5054,0.5054
guided,0,3,3,0.0,9.7e-05,1.4862,1.4862
garbage,2,1,3,5.6e-05,3.2e-05,-0.3055,0.3055
johnson,2,1,3,5.6e-05,3.2e-05,-0.3055,0.3055
yemen,0,3,3,0.0,9.7e-05,1.4862,1.4862
skills,3,0,3,8.4e-05,0.0,-1.2863,1.2863
col,1,2,3,2.8e-05,6.5e-05,0.5054,0.5054
columbia,0,3,3,0.0,9.7e-05,1.4862,1.4862
attempt,2,1,3,5.6e-05,3.2e-05,-0.3055,0.3055
loses,1,2,3,2.8e-05,6.5e-05,0.5054,0.5054
cries,2,1,3,5.6e-05,3.2e-05,-0.3055,0.3055
needle,3,0,3,8.4e-05,0.0,-1.2863,1.2863
environmental,2,1,3,5.6e-05,3.2e-05,-0.3055,0.3055
retail,3,0,3,8.4e-05,0.0,-1.2863,1.2863
fit,3,0,3,8.4e-05,0.0,-1.2863,1.2863
thinks,3,0,3,8.4e-05,0.0,-1.2863,1.2863
stacey,0,3,3,0.0,9.7e-05,1.4862,1.4862
abbott,3,0,3,8.4e-05,0.0,-1.2863,1.2863
socialism,2,1,3,5.6e-05,3.2e-05,-0.3055,0.3055
shoulders,2,1,3,5.6e-05,3.2e-05,-0.3055,0.3055
ash,2,1,3,5.6e-05,3.2e-05,-0.3055,0.3055
ml,1,2,3,2.8e-05,6.5e-05,0.5054,0.5054
csx,0,3,3,0.0,9.7e-05,1.4862,1.4862
stats,3,0,3,8.4e-05,0.0,-1.2863,1.2863
amirite,2,1,3,5.6e-05,3.2e-05,-0.3055,0.3055
climb,3,0,3,8.4e-05,0.0,-1.2863,1.2863
stolen,1,2,3,2.8e-05,6.5e-05,0.5054,0.5054
os,3,0,3,8.4e-05,0.0,-1.2863,1.2863
baltimore,1,2,3,2.8e-05,6.5e-05,0.5054,0.5054
taco,2,1,3,5.6e-05,3.2e-05,-0.3055,0.3055
files,3,0,3,8.4e-05,0.0,-1.2863,1.2863
solve,1,2,3,2.8e-05,6.5e-05,0.5054,0.5054
shelby,0,3,3,0.0,9.7e-05,1.4862,1.4862
olive,2,1,3,5.6e-05,3.2e-05,-0.3055,0.3055
slower,1,2,3,2.8e-05,6.5e-05,0.5054,0.5054
belonged,0,3,3,0.0,9.7e-05,1.4862,1.4862
opposition,2,1,3,5.6e-05,3.2e-05,-0.3055,0.3055
displace,0,3,3,0.0,9.7e-05,1.4862,1.4862
salvation,0,3,3,0.0,9.7e-05,1.4862,1.4862
bicycle,2,1,3,5.6e-05,3.2e-05,-0.3055,0.3055
8whts,0,3,3,0.0,9.7e-05,1.4862,1.4862
361,0,3,3,0.0,9.7e-05,1.4862,1.4862
stamp,3,0,3,8.4e-05,0.0,-1.2863,1.2863
cue,2,1,3,5.6e-05,3.2e-05,-0.3055,0.3055
describing,3,0,3,8.4e-05,0.0,-1.2863,1.2863
robot,3,0,3,8.4e-05,0.0,-1.2863,1.2863
tied,2,1,3,5.6e-05,3.2e-05,-0.3055,0.3055
walked,3,0,3,8.4e-05,0.0,-1.2863,1.2863
lrt,2,1,3,5.6e-05,3.2e-05,-0.3055,0.3055
jupiters,3,0,3,8.4e-05,0.0,-1.2863,1.2863
ornament,1,2,3,2.8e-05,6.5e-05,0.5054,0.5054
navbl,3,0,3,8.4e-05,0.0,-1.2863,1.2863
ga,1,2,3,2.8e-05,6.5e-05,0.5054,0.5054
bypass,3,0,3,8.4e-05,0.0,-1.2863,1.2863
sb,0,3,3,0.0,9.7e-05,1.4862,1.4862
zayn,1,2,3,2.8e-05,6.5e-05,0.5054,0.5054
euro,2,1,3,5.6e-05,3.2e-05,-0.3055,0.3055
ibooklove,1,2,3,2.8e-05,6.5e-05,0.5054,0.5054
arrest,0,3,3,0.0,9.7e-05,1.4862,1.4862
billings,1,2,3,2.8e-05,6.5e-05,0.5054,0.5054
cobra,2,1,3,5.6e-05,3.2e-05,-0.3055,0.3055
ministers,2,1,3,5.6e-05,3.2e-05,-0.3055,0.3055
aa,2,1,3,5.6e-05,3.2e-05,-0.3055,0.3055
teaching,2,1,3,5.6e-05,3.2e-05,-0.3055,0.3055
korea,1,2,3,2.8e-05,6.5e-05,0.5054,0.5054
hah,2,1,3,5.6e-05,3.2e-05,-0.3055,0.3055
basement,2,1,3,5.6e-05,3.2e-05,-0.3055,0.3055
fennovoima,2,1,3,5.6e-05,3.2e-05,-0.3055,0.3055
battleship,2,1,3,5.6e-05,3.2e-05,-0.3055,0.3055
role,2,1,3,5.6e-05,3.2e-05,-0.3055,0.3055
unavoidable,2,1,3,5.6e-05,3.2e-05,-0.3055,0.3055
dj,3,0,3,8.4e-05,0.0,-1.2863,1.2863
supports,2,1,3,5.6e-05,3.2e-05,-0.3055,0.3055
premium,2,1,3,5.6e-05,3.2e-05,-0.3055,0.3055
note,2,1,3,5.6e-05,3.2e-05,-0.3055,0.3055
flip,2,1,3,5.6e-05,3.2e-05,-0.3055,0.3055
microsoft,3,0,3,8.4e-05,0.0,-1.2863,1.2863
stomach,3,0,3,8.4e-05,0.0,-1.2863,1.2863
15pm,0,3,3,0.0,9.7e-05,1.4862,1.4862
significant,3,0,3,8.4e-05,0.0,-1.2863,1.2863
paint,2,1,3,5.6e-05,3.2e-05,-0.3055,0.3055
darkness,3,0,3,8.4e-05,0.0,-1.2863,1.2863
earnings,2,1,3,5.6e-05,3.2e-05,-0.3055,0.3055
croatian,0,3,3,0.0,9.7e-05,1.4862,1.4862
purchase,3,0,3,8.4e-05,0.0,-1.2863,1.2863
dem,1,2,3,2.8e-05,6.5e-05,0.5054,0.5054
bronx,0,3,3,0.0,9.7e-05,1.4862,1.4862
elite,2,1,3,5.6e-05,3.2e-05,-0.3055,0.3055
existence,2,1,3,5.6e-05,3.2e-05,-0.3055,0.3055
injures,2,1,3,5.6e-05,3.2e-05,-0.3055,0.3055
smell,2,1,3,5.6e-05,3.2e-05,-0.3055,0.3055
soccer,3,0,3,8.4e-05,0.0,-1.2863,1.2863
cricket,2,1,3,5.6e-05,3.2e-05,-0.3055,0.3055
groom,3,0,3,8.4e-05,0.0,-1.2863,1.2863
eggs,3,0,3,8.4e-05,0.0,-1.2863,1.2863
brave,2,1,3,5.6e-05,3.2e-05,-0.3055,0.3055
occupants,0,3,3,0.0,9.7e-05,1.4862,1.4862
unions,3,0,3,8.4e-05,0.0,-1.2863,1.2863
minded,2,1,3,5.6e-05,3.2e-05,-0.3055,0.3055
chiefs,1,2,3,2.8e-05,6.5e-05,0.5054,0.5054
360,3,0,3,8.4e-05,0.0,-1.2863,1.2863
mullah,2,1,3,5.6e-05,3.2e-05,-0.3055,0.3055
niece,2,1,3,5.6e-05,3.2e-05,-0.3055,0.3055
sms,2,1,3,5.6e-05,3.2e-05,-0.3055,0.3055
wrapup,3,0,3,8.4e-05,0.0,-1.2863,1.2863
langley,1,2,3,2.8e-05,6.5e-05,0.5054,0.5054
sampling,3,0,3,8.4e-05,0.0,-1.2863,1.2863
pillow,3,0,3,8.4e-05,0.0,-1.2863,1.2863
disappoints,3,0,3,8.4e-05,0.0,-1.2863,1.2863
dual,3,0,3,8.4e-05,0.0,-1.2863,1.2863
castle,3,0,3,8.4e-05,0.0,-1.2863,1.2863
frontpage,1,2,3,2.8e-05,6.5e-05,0.5054,0.5054
doc,1,2,3,2.8e-05,6.5e-05,0.5054,0.5054
mentioned,2,1,3,5.6e-05,3.2e-05,-0.3055,0.3055
69,0,3,3,0.0,9.7e-05,1.4862,1.4862
annoying,3,0,3,8.4e-05,0.0,-1.2863,1.2863
slips,1,2,3,2.8e-05,6.5e-05,0.5054,0.5054
spears,3,0,3,8.4e-05,0.0,-1.2863,1.2863
joel,3,0,3,8.4e-05,0.0,-1.2863,1.2863
formed,2,1,3,5.6e-05,3.2e-05,-0.3055,0.3055
ford,2,1,3,5.6e-05,3.2e-05,-0.3055,0.3055
william,2,1,3,5.6e-05,3.2e-05,-0.3055,0.3055
prompted,1,2,3,2.8e-05,6.5e-05,0.5054,0.5054
shedding,3,0,3,8.4e-05,0.0,-1.2863,1.2863
specific,2,1,3,5.6e-05,3.2e-05,-0.3055,0.3055
poland,0,3,3,0.0,9.7e-05,1.4862,1.4862
dorrets,2,1,3,5.6e-05,3.2e-05,-0.3055,0.3055
cam,3,0,3,8.4e-05,0.0,-1.2863,1.2863
ed,2,1,3,5.6e-05,3.2e-05,-0.3055,0.3055
stepped,2,1,3,5.6e-05,3.2e-05,-0.3055,0.3055
dis,3,0,3,8.4e-05,0.0,-1.2863,1.2863
talent,2,1,3,5.6e-05,3.2e-05,-0.3055,0.3055
tool,2,1,3,5.6e-05,3.2e-05,-0.3055,0.3055
lately,2,1,3,5.6e-05,3.2e-05,-0.3055,0.3055
safely,2,1,3,5.6e-05,3.2e-05,-0.3055,0.3055
inst,3,0,3,8.4e-05,0.0,-1.2863,1.2863
choose,3,0,3,8.4e-05,0.0,-1.2863,1.2863
volga,3,0,3,8.4e-05,0.0,-1.2863,1.2863
ultimalucha,3,0,3,8.4e-05,0.0,-1.2863,1.2863
olap,1,2,3,2.8e-05,6.5e-05,0.5054,0.5054
recap,1,2,3,2.8e-05,6.5e-05,0.5054,0.5054
harrybecareful,3,0,3,8.4e-05,0.0,-1.2863,1.2863
illinois,0,3,3,0.0,9.7e-05,1.4862,1.4862
outta,3,0,3,8.4e-05,0.0,-1.2863,1.2863
roller,3,0,3,8.4e-05,0.0,-1.2863,1.2863
peoples,2,1,3,5.6e-05,3.2e-05,-0.3055,0.3055
boeing,1,2,3,2.8e-05,6.5e-05,0.5054,0.5054
uniform,3,0,3,8.4e-05,0.0,-1.2863,1.2863
attitude,1,2,3,2.8e-05,6.5e-05,0.5054,0.5054
yellow,1,2,3,2.8e-05,6.5e-05,0.5054,0.5054
possibly,2,1,3,5.6e-05,3.2e-05,-0.3055,0.3055
noticed,3,0,3,8.4e-05,0.0,-1.2863,1.2863
hr,2,1,3,5.6e-05,3.2e-05,-0.3055,0.3055
charlotte,1,2,3,2.8e-05,6.5e-05,0.5054,0.5054
doors,3,0,3,8.4e-05,0.0,-1.2863,1.2863
timeline,2,1,3,5.6e-05,3.2e-05,-0.3055,0.3055
brady,3,0,3,8.4e-05,0.0,-1.2863,1.2863
patch,2,1,3,5.6e-05,3.2e-05,-0.3055,0.3055
hating,3,0,3,8.4e-05,0.0,-1.2863,1.2863
desert,0,3,3,0.0,9.7e-05,1.4862,1.4862
franklin,1,2,3,2.8e-05,6.5e-05,0.5054,0.5054
6th,1,2,3,2.8e-05,6.5e-05,0.5054,0.5054
schiphol,0,3,3,0.0,9.7e-05,1.4862,1.4862
sink,2,1,3,5.6e-05,3.2e-05,-0.3055,0.3055
wide,2,1,3,5.6e-05,3.2e-05,-0.3055,0.3055
msf,0,3,3,0.0,9.7e-05,1.4862,1.4862
candy,3,0,3,8.4e-05,0.0,-1.2863,1.2863
tide,2,1,3,5.6e-05,3.2e-05,-0.3055,0.3055
sexy,3,0,3,8.4e-05,0.0,-1.2863,1.2863
lasting,2,1,3,5.6e-05,3.2e-05,-0.3055,0.3055
metrics,3,0,3,8.4e-05,0.0,-1.2863,1.2863
shook,2,1,3,5.6e-05,3.2e-05,-0.3055,0.3055
imported,1,2,3,2.8e-05,6.5e-05,0.5054,0.5054
peeps,2,1,3,5.6e-05,3.2e-05,-0.3055,0.3055
cladding,2,1,3,5.6e-05,3.2e-05,-0.3055,0.3055
musician,3,0,3,8.4e-05,0.0,-1.2863,1.2863
53,3,0,3,8.4e-05,0.0,-1.2863,1.2863
shock,2,1,3,5.6e-05,3.2e-05,-0.3055,0.3055
sewing,1,2,3,2.8e-05,6.5e-05,0.5054,0.5054
finishing,3,0,3,8.4e-05,0.0,-1.2863,1.2863
returns,1,2,3,2.8e-05,6.5e-05,0.5054,0.5054
vision,2,1,3,5.6e-05,3.2e-05,-0.3055,0.3055
roanoke,1,2,3,2.8e-05,6.5e-05,0.5054,0.5054
tastes,3,0,3,8.4e-05,0.0,-1.2863,1.2863
anger,2,1,3,5.6e-05,3.2e-05,-0.3055,0.3055
warm,3,0,3,8.4e-05,0.0,-1.2863,1.2863
humanconsumption,1,2,3,2.8e-05,6.5e-05,0.5054,0.5054
barn,2,1,3,5.6e-05,3.2e-05,-0.3055,0.3055
ops,3,0,3,8.4e-05,0.0,-1.2863,1.2863
cyclists,2,1,3,5.6e-05,3.2e-05,-0.3055,0.3055
tries,3,0,3,8.4e-05,0.0,-1.2863,1.2863
individual,1,2,3,2.8e-05,6.5e-05,0.5054,0.5054
buying,3,0,3,8.4e-05,0.0,-1.2863,1.2863
2010,2,1,3,5.6e-05,3.2e-05,-0.3055,0.3055
necessary,2,1,3,5.6e-05,3.2e-05,-0.3055,0.3055
initial,0,3,3,0.0,9.7e-05,1.4862,1.4862
voter,2,1,3,5.6e-05,3.2e-05,-0.3055,0.3055
itunes,3,0,3,8.4e-05,0.0,-1.2863,1.2863
bottle,3,0,3,8.4e-05,0.0,-1.2863,1.2863
penalties,3,0,3,8.4e-05,0.0,-1.2863,1.2863
critical,2,1,3,5.6e-05,3.2e-05,-0.3055,0.3055
joke,2,1,3,5.6e-05,3.2e-05,-0.3055,0.3055
15km,0,3,3,0.0,9.7e-05,1.4862,1.4862
hike,2,1,3,5.6e-05,3.2e-05,-0.3055,0.3055
ptsd,2,1,3,5.6e-05,3.2e-05,-0.3055,0.3055
looping,0,3,3,0.0,9.7e-05,1.4862,1.4862
offers2go,1,2,3,2.8e-05,6.5e-05,0.5054,0.5054
boyfriend,3,0,3,8.4e-05,0.0,-1.2863,1.2863
metrofmtalk,3,0,3,8.4e-05,0.0,-1.2863,1.2863
cryptic,0,3,3,0.0,9.7e-05,1.4862,1.4862
bot,2,1,3,5.6e-05,3.2e-05,-0.3055,0.3055
declared,0,3,3,0.0,9.7e-05,1.4862,1.4862
runner,1,2,3,2.8e-05,6.5e-05,0.5054,0.5054
buddys,1,2,3,2.8e-05,6.5e-05,0.5054,0.5054
gmt,1,2,3,2.8e-05,6.5e-05,0.5054,0.5054
blanket,2,1,3,5.6e-05,3.2e-05,-0.3055,0.3055
hurry,1,2,3,2.8e-05,6.5e-05,0.5054,0.5054
lighting,1,2,3,2.8e-05,6.5e-05,0.5054,0.5054
chain,3,0,3,8.4e-05,0.0,-1.2863,1.2863
resources,1,2,3,2.8e-05,6.5e-05,0.5054,0.5054
solitude,1,2,3,2.8e-05,6.5e-05,0.5054,0.5054
drives,0,3,3,0.0,9.7e-05,1.4862,1.4862
auto,1,2,3,2.8e-05,6.5e-05,0.5054,0.5054
ukraine,0,3,3,0.0,9.7e-05,1.4862,1.4862
jon,2,1,3,5.6e-05,3.2e-05,-0.3055,0.3055
shoot,2,1,3,5.6e-05,3.2e-05,-0.3055,0.3055
stick,3,0,3,8.4e-05,0.0,-1.2863,1.2863
indonesia,0,3,3,0.0,9.7e-05,1.4862,1.4862
acid,0,3,3,0.0,9.7e-05,1.4862,1.4862
tested,2,1,3,5.6e-05,3.2e-05,-0.3055,0.3055
gopdebate,2,1,3,5.6e-05,3.2e-05,-0.3055,0.3055
hamilton,0,3,3,0.0,9.7e-05,1.4862,1.4862
hampshire,1,2,3,2.8e-05,6.5e-05,0.5054,0.5054
affecting,1,2,3,2.8e-05,6.5e-05,0.5054,0.5054
rainfall,0,3,3,0.0,9.7e-05,1.4862,1.4862
cash,2,1,3,5.6e-05,3.2e-05,-0.3055,0.3055
fuckin,3,0,3,8.4e-05,0.0,-1.2863,1.2863
adventures,2,1,3,5.6e-05,3.2e-05,-0.3055,0.3055
believing,3,0,3,8.4e-05,0.0,-1.2863,1.2863
stylish,3,0,3,8.4e-05,0.0,-1.2863,1.2863
flaming,3,0,3,8.4e-05,0.0,-1.2863,1.2863
icymi,2,1,3,5.6e-05,3.2e-05,-0.3055,0.3055
vid,3,0,3,8.4e-05,0.0,-1.2863,1.2863
magginoodle,1,2,3,2.8e-05,6.5e-05,0.5054,0.5054
pizza,1,2,3,2.8e-05,6.5e-05,0.5054,0.5054
leo,2,1,3,5.6e-05,3.2e-05,-0.3055,0.3055
modiministry,0,3,3,0.0,9.7e-05,1.4862,1.4862
healing,3,0,3,8.4e-05,0.0,-1.2863,1.2863
hoping,2,1,3,5.6e-05,3.2e-05,-0.3055,0.3055
consequences,0,3,3,0.0,9.7e-05,1.4862,1.4862
comedy,2,1,3,5.6e-05,3.2e-05,-0.3055,0.3055
sight,2,1,3,5.6e-05,3.2e-05,-0.3055,0.3055
breathe,3,0,3,8.4e-05,0.0,-1.2863,1.2863
jail,2,1,3,5.6e-05,3.2e-05,-0.3055,0.3055
omars,1,2,3,2.8e-05,6.5e-05,0.5054,0.5054
stressed,3,0,3,8.4e-05,0.0,-1.2863,1.2863
growth,1,2,3,2.8e-05,6.5e-05,0.5054,0.5054
acting,2,1,3,5.6e-05,3.2e-05,-0.3055,0.3055
thanku,2,1,3,5.6e-05,3.2e-05,-0.3055,0.3055
nhs,2,1,3,5.6e-05,3.2e-05,-0.3055,0.3055
rating,1,2,3,2.8e-05,6.5e-05,0.5054,0.5054
balance,2,1,3,5.6e-05,3.2e-05,-0.3055,0.3055
melt,1,2,3,2.8e-05,6.5e-05,0.5054,0.5054
droid,2,1,3,5.6e-05,3.2e-05,-0.3055,0.3055
commit,1,2,3,2.8e-05,6.5e-05,0.5054,0.5054
frozen,3,0,3,8.4e-05,0.0,-1.2863,1.2863
concept,2,1,3,5.6e-05,3.2e-05,-0.3055,0.3055
citizens,0,3,3,0.0,9.7e-05,1.4862,1.4862
200,1,2,3,2.8e-05,6.5e-05,0.5054,0.5054
constant,1,2,3,2.8e-05,6.5e-05,0.5054,0.5054
bother,2,1,3,5.6e-05,3.2e-05,-0.3055,0.3055
older,1,2,3,2.8e-05,6.5e-05,0.5054,0.5054
background,2,1,3,5.6e-05,3.2e-05,-0.3055,0.3055
particularly,1,2,3,2.8e-05,6.5e-05,0.5054,0.5054
hunk,1,2,3,2.8e-05,6.5e-05,0.5054,0.5054
songs,3,0,3,8.4e-05,0.0,-1.2863,1.2863
lay,3,0,3,8.4e-05,0.0,-1.2863,1.2863
context,1,2,3,2.8e-05,6.5e-05,0.5054,0.5054
offs,2,1,3,5.6e-05,3.2e-05,-0.3055,0.3055
noise,2,1,3,5.6e-05,3.2e-05,-0.3055,0.3055
square,3,0,3,8.4e-05,0.0,-1.2863,1.2863
freezing,3,0,3,8.4e-05,0.0,-1.2863,1.2863
surge,0,3,3,0.0,9.7e-05,1.4862,1.4862
circle,2,1,3,5.6e-05,3.2e-05,-0.3055,0.3055
abcnews,0,3,3,0.0,9.7e-05,1.4862,1.4862
vacation,2,1,3,5.6e-05,3.2e-05,-0.3055,0.3055
brand,3,0,3,8.4e-05,0.0,-1.2863,1.2863
factors,1,2,3,2.8e-05,6.5e-05,0.5054,0.5054
abandon,2,1,3,5.6e-05,3.2e-05,-0.3055,0.3055
memphis,2,1,3,5.6e-05,3.2e-05,-0.3055,0.3055
warships,3,0,3,8.4e-05,0.0,-1.2863,1.2863
neil,1,2,3,2.8e-05,6.5e-05,0.5054,0.5054
reopening,1,2,3,2.8e-05,6.5e-05,0.5054,0.5054
circuit,0,3,3,0.0,9.7e-05,1.4862,1.4862
ud,1,2,3,2.8e-05,6.5e-05,0.5054,0.5054
encouragement,1,2,3,2.8e-05,6.5e-05,0.5054,0.5054
hillary,2,1,3,5.6e-05,3.2e-05,-0.3055,0.3055
bb4sp,2,1,3,5.6e-05,3.2e-05,-0.3055,0.3055
attendance,2,1,3,5.6e-05,3.2e-05,-0.3055,0.3055
corners,1,2,3,2.8e-05,6.5e-05,0.5054,0.5054
suppose,1,2,3,2.8e-05,6.5e-05,0.5054,0.5054
whales,1,2,3,2.8e-05,6.5e-05,0.5054,0.5054
tyre,1,2,3,2.8e-05,6.5e-05,0.5054,0.5054
len,3,0,3,8.4e-05,0.0,-1.2863,1.2863
idis,0,3,3,0.0,9.7e-05,1.4862,1.4862
describes,2,1,3,5.6e-05,3.2e-05,-0.3055,0.3055
sassy,1,2,3,2.8e-05,6.5e-05,0.5054,0.5054
wi,2,1,3,5.6e-05,3.2e-05,-0.3055,0.3055
agents,0,3,3,0.0,9.7e-05,1.4862,1.4862
skirt,3,0,3,8.4e-05,0.0,-1.2863,1.2863
reshapes,1,2,3,2.8e-05,6.5e-05,0.5054,0.5054
bee,2,1,3,5.6e-05,3.2e-05,-0.3055,0.3055
voting,2,1,3,5.6e-05,3.2e-05,-0.3055,0.3055
finger,2,1,3,5.6e-05,3.2e-05,-0.3055,0.3055
tb,3,0,3,8.4e-05,0.0,-1.2863,1.2863
disappearance,2,1,3,5.6e-05,3.2e-05,-0.3055,0.3055
retweet,2,1,3,5.6e-05,3.2e-05,-0.3055,0.3055
1200,3,0,3,8.4e-05,0.0,-1.2863,1.2863
entering,3,0,3,8.4e-05,0.0,-1.2863,1.2863
paris,1,2,3,2.8e-05,6.5e-05,0.5054,0.5054
languages,3,0,3,8.4e-05,0.0,-1.2863,1.2863
leadership,3,0,3,8.4e-05,0.0,-1.2863,1.2863
gf,2,1,3,5.6e-05,3.2e-05,-0.3055,0.3055
capsized,0,3,3,0.0,9.7e-05,1.4862,1.4862
college,1,2,3,2.8e-05,6.5e-05,0.5054,0.5054
dudes,1,2,3,2.8e-05,6.5e-05,0.5054,0.5054
email,0,3,3,0.0,9.7e-05,1.4862,1.4862
gunsense,2,1,3,5.6e-05,3.2e-05,-0.3055,0.3055
wee,3,0,3,8.4e-05,0.0,-1.2863,1.2863
yugvani,0,3,3,0.0,9.7e-05,1.4862,1.4862
ages,3,0,3,8.4e-05,0.0,-1.2863,1.2863
haiyan,0,3,3,0.0,9.7e-05,1.4862,1.4862
fixing,3,0,3,8.4e-05,0.0,-1.2863,1.2863
warcraft,3,0,3,8.4e-05,0.0,-1.2863,1.2863
gadgets,2,1,3,5.6e-05,3.2e-05,-0.3055,0.3055
titan,3,0,3,8.4e-05,0.0,-1.2863,1.2863
modi,2,1,3,5.6e-05,3.2e-05,-0.3055,0.3055
90blks,0,3,3,0.0,9.7e-05,1.4862,1.4862
ruined,2,1,3,5.6e-05,3.2e-05,-0.3055,0.3055
8th,1,2,3,2.8e-05,6.5e-05,0.5054,0.5054
gym,3,0,3,8.4e-05,0.0,-1.2863,1.2863
sin,3,0,3,8.4e-05,0.0,-1.2863,1.2863
op,2,1,3,5.6e-05,3.2e-05,-0.3055,0.3055
railway,0,3,3,0.0,9.7e-05,1.4862,1.4862
deliver,1,2,3,2.8e-05,6.5e-05,0.5054,0.5054
yycstorm,0,3,3,0.0,9.7e-05,1.4862,1.4862
nude,2,1,3,5.6e-05,3.2e-05,-0.3055,0.3055
eu,2,1,3,5.6e-05,3.2e-05,-0.3055,0.3055
kings,1,2,3,2.8e-05,6.5e-05,0.5054,0.5054
anxiety,3,0,3,8.4e-05,0.0,-1.2863,1.2863
usnwsgov,0,3,3,0.0,9.7e-05,1.4862,1.4862
independent,2,1,3,5.6e-05,3.2e-05,-0.3055,0.3055
buried,2,1,3,5.6e-05,3.2e-05,-0.3055,0.3055
breaks,2,1,3,5.6e-05,3.2e-05,-0.3055,0.3055
openly,2,1,3,5.6e-05,3.2e-05,-0.3055,0.3055
installation,2,1,3,5.6e-05,3.2e-05,-0.3055,0.3055
split,2,1,3,5.6e-05,3.2e-05,-0.3055,0.3055
demonstratio,3,0,3,8.4e-05,0.0,-1.2863,1.2863
gel,3,0,3,8.4e-05,0.0,-1.2863,1.2863
neighborhood,1,2,3,2.8e-05,6.5e-05,0.5054,0.5054
asshole,3,0,3,8.4e-05,0.0,-1.2863,1.2863
abe,1,2,3,2.8e-05,6.5e-05,0.5054,0.5054
mountaineering,2,1,3,5.6e-05,3.2e-05,-0.3055,0.3055
supernatural,3,0,3,8.4e-05,0.0,-1.2863,1.2863
hybrid,2,1,3,5.6e-05,3.2e-05,-0.3055,0.3055
northwest,0,3,3,0.0,9.7e-05,1.4862,1.4862
decades,0,3,3,0.0,9.7e-05,1.4862,1.4862
delay,1,2,3,2.8e-05,6.5e-05,0.5054,0.5054
reminder,0,3,3,0.0,9.7e-05,1.4862,1.4862
lego,3,0,3,8.4e-05,0.0,-1.2863,1.2863
zionism,0,3,3,0.0,9.7e-05,1.4862,1.4862
scifi,2,1,3,5.6e-05,3.2e-05,-0.3055,0.3055
chris,1,2,3,2.8e-05,6.5e-05,0.5054,0.5054
btwn,0,3,3,0.0,9.7e-05,1.4862,1.4862
log,2,1,3,5.6e-05,3.2e-05,-0.3055,0.3055
digits,1,2,3,2.8e-05,6.5e-05,0.5054,0.5054
connecto,3,0,3,8.4e-05,0.0,-1.2863,1.2863
nm,3,0,3,8.4e-05,0.0,-1.2863,1.2863
protests,1,2,3,2.8e-05,6.5e-05,0.5054,0.5054
birth,2,1,3,5.6e-05,3.2e-05,-0.3055,0.3055
lock,1,2,3,2.8e-05,6.5e-05,0.5054,0.5054
detroit,2,1,3,5.6e-05,3.2e-05,-0.3055,0.3055
virgil,1,2,3,2.8e-05,6.5e-05,0.5054,0.5054
bio,3,0,3,8.4e-05,0.0,-1.2863,1.2863
wom,2,1,3,5.6e-05,3.2e-05,-0.3055,0.3055
ohio,2,1,3,5.6e-05,3.2e-05,-0.3055,0.3055
bones,2,1,3,5.6e-05,3.2e-05,-0.3055,0.3055
beard,1,2,3,2.8e-05,6.5e-05,0.5054,0.5054
terms,1,2,3,2.8e-05,6.5e-05,0.5054,0.5054
blah,0,3,3,0.0,9.7e-05,1.4862,1.4862
latestnews,0,3,3,0.0,9.7e-05,1.4862,1.4862
logic,2,1,3,5.6e-05,3.2e-05,-0.3055,0.3055
vest,2,1,3,5.6e-05,3.2e-05,-0.3055,0.3055
ma,0,3,3,0.0,9.7e-05,1.4862,1.4862
bend,0,3,3,0.0,9.7e-05,1.4862,1.4862
alex,3,0,3,8.4e-05,0.0,-1.2863,1.2863
choices,3,0,3,8.4e-05,0.0,-1.2863,1.2863
journalist,1,2,3,2.8e-05,6.5e-05,0.5054,0.5054
limit,1,2,3,2.8e-05,6.5e-05,0.5054,0.5054
dating,2,1,3,5.6e-05,3.2e-05,-0.3055,0.3055
southbound,0,3,3,0.0,9.7e-05,1.4862,1.4862
standing,2,1,3,5.6e-05,3.2e-05,-0.3055,0.3055
walls,1,2,3,2.8e-05,6.5e-05,0.5054,0.5054
prayers,2,1,3,5.6e-05,3.2e-05,-0.3055,0.3055
arizona,3,0,3,8.4e-05,0.0,-1.2863,1.2863
quake,0,3,3,0.0,9.7e-05,1.4862,1.4862
medieval,1,2,3,2.8e-05,6.5e-05,0.5054,0.5054
sends,1,2,3,2.8e-05,6.5e-05,0.5054,0.5054
popular,3,0,3,8.4e-05,0.0,-1.2863,1.2863
gateau,2,1,3,5.6e-05,3.2e-05,-0.3055,0.3055
hinton,0,3,3,0.0,9.7e-05,1.4862,1.4862
xxx,3,0,3,8.4e-05,0.0,-1.2863,1.2863
interviews,3,0,3,8.4e-05,0.0,-1.2863,1.2863
bully,2,1,3,5.6e-05,3.2e-05,-0.3055,0.3055
dijk,1,2,3,2.8e-05,6.5e-05,0.5054,0.5054
las,2,1,3,5.6e-05,3.2e-05,-0.3055,0.3055
oper,3,0,3,8.4e-05,0.0,-1.2863,1.2863
favourite,3,0,3,8.4e-05,0.0,-1.2863,1.2863
behalf,2,1,3,5.6e-05,3.2e-05,-0.3055,0.3055
jr,3,0,3,8.4e-05,0.0,-1.2863,1.2863
belt,3,0,3,8.4e-05,0.0,-1.2863,1.2863
destroying,2,1,3,5.6e-05,3.2e-05,-0.3055,0.3055
donate,1,2,3,2.8e-05,6.5e-05,0.5054,0.5054
showcase,3,0,3,8.4e-05,0.0,-1.2863,1.2863
wwi,3,0,3,8.4e-05,0.0,-1.2863,1.2863
ontario,2,1,3,5.6e-05,3.2e-05,-0.3055,0.3055
78,1,2,3,2.8e-05,6.5e-05,0.5054,0.5054
bts,3,0,3,8.4e-05,0.0,-1.2863,1.2863
87,2,1,3,5.6e-05,3.2e-05,-0.3055,0.3055
q,3,0,3,8.4e-05,0.0,-1.2863,1.2863
nsfw,3,0,3,8.4e-05,0.0,-1.2863,1.2863
genuine,2,1,3,5.6e-05,3.2e-05,-0.3055,0.3055
lone,1,2,3,2.8e-05,6.5e-05,0.5054,0.5054
bars,2,1,3,5.6e-05,3.2e-05,-0.3055,0.3055
mattson,3,0,3,8.4e-05,0.0,-1.2863,1.2863
charges,1,2,3,2.8e-05,6.5e-05,0.5054,0.5054
reflect,2,1,3,5.6e-05,3.2e-05,-0.3055,0.3055
notifications,3,0,3,8.4e-05,0.0,-1.2863,1.2863
meaning,3,0,3,8.4e-05,0.0,-1.2863,1.2863
crosses,2,1,3,5.6e-05,3.2e-05,-0.3055,0.3055
whipped,2,1,3,5.6e-05,3.2e-05,-0.3055,0.3055
leisure,2,1,3,5.6e-05,3.2e-05,-0.3055,0.3055
tape,2,1,3,5.6e-05,3.2e-05,-0.3055,0.3055
premature,0,3,3,0.0,9.7e-05,1.4862,1.4862
suffered,1,2,3,2.8e-05,6.5e-05,0.5054,0.5054
hall,3,0,3,8.4e-05,0.0,-1.2863,1.2863
pair,3,0,3,8.4e-05,0.0,-1.2863,1.2863
madison,1,2,3,2.8e-05,6.5e-05,0.5054,0.5054
disasters,3,0,3,8.4e-05,0.0,-1.2863,1.2863
pedestrian,1,2,3,2.8e-05,6.5e-05,0.5054,0.5054
palin,2,1,3,5.6e-05,3.2e-05,-0.3055,0.3055
cecilthelion,2,1,3,5.6e-05,3.2e-05,-0.3055,0.3055
outflow,0,3,3,0.0,9.7e-05,1.4862,1.4862
throwingknifes,3,0,3,8.4e-05,0.0,-1.2863,1.2863
symphony,3,0,3,8.4e-05,0.0,-1.2863,1.2863
pisgah,0,3,3,0.0,9.7e-05,1.4862,1.4862
glorious,2,1,3,5.6e-05,3.2e-05,-0.3055,0.3055
grove,1,2,3,2.8e-05,6.5e-05,0.5054,0.5054
visited,0,3,3,0.0,9.7e-05,1.4862,1.4862
tooth,2,1,3,5.6e-05,3.2e-05,-0.3055,0.3055
ripped,2,1,3,5.6e-05,3.2e-05,-0.3055,0.3055
13000,0,3,3,0.0,9.7e-05,1.4862,1.4862
widespread,1,2,3,2.8e-05,6.5e-05,0.5054,0.5054
tahoe,2,1,3,5.6e-05,3.2e-05,-0.3055,0.3055
shipwreck,1,2,3,2.8e-05,6.5e-05,0.5054,0.5054
fuels,1,2,3,2.8e-05,6.5e-05,0.5054,0.5054
ordered,0,3,3,0.0,9.7e-05,1.4862,1.4862
300000,1,2,3,2.8e-05,6.5e-05,0.5054,0.5054
joining,2,1,3,5.6e-05,3.2e-05,-0.3055,0.3055
ra,0,3,3,0.0,9.7e-05,1.4862,1.4862
curb,0,3,3,0.0,9.7e-05,1.4862,1.4862
random,2,1,3,5.6e-05,3.2e-05,-0.3055,0.3055
gunshot,2,1,3,5.6e-05,3.2e-05,-0.3055,0.3055
hahaha,3,0,3,8.4e-05,0.0,-1.2863,1.2863
luis,1,2,3,2.8e-05,6.5e-05,0.5054,0.5054
saddlebrooke,3,0,3,8.4e-05,0.0,-1.2863,1.2863
butt,2,1,3,5.6e-05,3.2e-05,-0.3055,0.3055
trials,1,2,3,2.8e-05,6.5e-05,0.5054,0.5054
horrors,1,2,3,2.8e-05,6.5e-05,0.5054,0.5054
tab,2,1,3,5.6e-05,3.2e-05,-0.3055,0.3055
mentally,2,1,3,5.6e-05,3.2e-05,-0.3055,0.3055
teachers,2,1,3,5.6e-05,3.2e-05,-0.3055,0.3055
blowout,2,1,3,5.6e-05,3.2e-05,-0.3055,0.3055
restaurant,2,1,3,5.6e-05,3.2e-05,-0.3055,0.3055
sand,2,1,3,5.6e-05,3.2e-05,-0.3055,0.3055
christie,3,0,3,8.4e-05,0.0,-1.2863,1.2863
ooh,2,1,3,5.6e-05,3.2e-05,-0.3055,0.3055
marine,1,2,3,2.8e-05,6.5e-05,0.5054,0.5054
startup,3,0,3,8.4e-05,0.0,-1.2863,1.2863
waters,1,2,3,2.8e-05,6.5e-05,0.5054,0.5054
sympathy,0,3,3,0.0,9.7e-05,1.4862,1.4862
swiss,0,3,3,0.0,9.7e-05,1.4862,1.4862
cafe,1,2,3,2.8e-05,6.5e-05,0.5054,0.5054
shocked,1,2,3,2.8e-05,6.5e-05,0.5054,0.5054
mf,3,0,3,8.4e-05,0.0,-1.2863,1.2863
chunks,0,3,3,0.0,9.7e-05,1.4862,1.4862
suddenly,1,2,3,2.8e-05,6.5e-05,0.5054,0.5054
shark,3,0,3,8.4e-05,0.0,-1.2863,1.2863
wnd,3,0,3,8.4e-05,0.0,-1.2863,1.2863
lover,3,0,3,8.4e-05,0.0,-1.2863,1.2863
enrt,0,3,3,0.0,9.7e-05,1.4862,1.4862
earthquakes,1,2,3,2.8e-05,6.5e-05,0.5054,0.5054
abortion,2,1,3,5.6e-05,3.2e-05,-0.3055,0.3055
cuban,0,3,3,0.0,9.7e-05,1.4862,1.4862
frog,1,2,3,2.8e-05,6.5e-05,0.5054,0.5054
pattern,3,0,3,8.4e-05,0.0,-1.2863,1.2863
cage,1,2,3,2.8e-05,6.5e-05,0.5054,0.5054
fed,0,3,3,0.0,9.7e-05,1.4862,1.4862
foreign,0,3,3,0.0,9.7e-05,1.4862,1.4862
sf,2,1,3,5.6e-05,3.2e-05,-0.3055,0.3055
declined,1,2,3,2.8e-05,6.5e-05,0.5054,0.5054
mkx,3,0,3,8.4e-05,0.0,-1.2863,1.2863
matters,2,1,3,5.6e-05,3.2e-05,-0.3055,0.3055
laid,3,0,3,8.4e-05,0.0,-1.2863,1.2863
minaj,3,0,3,8.4e-05,0.0,-1.2863,1.2863
nail,2,1,3,5.6e-05,3.2e-05,-0.3055,0.3055
tie,1,2,3,2.8e-05,6.5e-05,0.5054,0.5054
devalue,3,0,3,8.4e-05,0.0,-1.2863,1.2863
conversations,3,0,3,8.4e-05,0.0,-1.2863,1.2863
scotland,2,1,3,5.6e-05,3.2e-05,-0.3055,0.3055
1976,1,2,3,2.8e-05,6.5e-05,0.5054,0.5054
sweat,2,1,3,5.6e-05,3.2e-05,-0.3055,0.3055
stewart,2,1,3,5.6e-05,3.2e-05,-0.3055,0.3055
snapchat,3,0,3,8.4e-05,0.0,-1.2863,1.2863
prone,2,1,3,5.6e-05,3.2e-05,-0.3055,0.3055
variety,3,0,3,8.4e-05,0.0,-1.2863,1.2863
ts,0,3,3,0.0,9.7e-05,1.4862,1.4862
cargo,2,1,3,5.6e-05,3.2e-05,-0.3055,0.3055
adding,2,1,3,5.6e-05,3.2e-05,-0.3055,0.3055
applications,3,0,3,8.4e-05,0.0,-1.2863,1.2863
quotes,3,0,3,8.4e-05,0.0,-1.2863,1.2863
waterways,2,1,3,5.6e-05,3.2e-05,-0.3055,0.3055
farm,2,1,3,5.6e-05,3.2e-05,-0.3055,0.3055
tomorrows,1,2,3,2.8e-05,6.5e-05,0.5054,0.5054
consequence,2,1,3,5.6e-05,3.2e-05,-0.3055,0.3055
affects,2,1,3,5.6e-05,3.2e-05,-0.3055,0.3055
arriving,1,2,3,2.8e-05,6.5e-05,0.5054,0.5054
greeces,0,3,3,0.0,9.7e-05,1.4862,1.4862
showed,2,1,3,5.6e-05,3.2e-05,-0.3055,0.3055
controlled,2,1,3,5.6e-05,3.2e-05,-0.3055,0.3055
chewing,2,1,3,5.6e-05,3.2e-05,-0.3055,0.3055
venezuela,1,2,3,2.8e-05,6.5e-05,0.5054,0.5054
tr,0,3,3,0.0,9.7e-05,1.4862,1.4862
oak,2,1,3,5.6e-05,3.2e-05,-0.3055,0.3055
usatoday,1,2,3,2.8e-05,6.5e-05,0.5054,0.5054
vladimir,1,2,3,2.8e-05,6.5e-05,0.5054,0.5054
christ,2,1,3,5.6e-05,3.2e-05,-0.3055,0.3055
camping,2,1,3,5.6e-05,3.2e-05,-0.3055,0.3055
slowly,2,1,3,5.6e-05,3.2e-05,-0.3055,0.3055
object,2,1,3,5.6e-05,3.2e-05,-0.3055,0.3055
sws,3,0,3,8.4e-05,0.0,-1.2863,1.2863
dept,3,0,3,8.4e-05,0.0,-1.2863,1.2863
briefing,0,3,3,0.0,9.7e-05,1.4862,1.4862
heartless,2,1,3,5.6e-05,3.2e-05,-0.3055,0.3055
wayne,2,1,3,5.6e-05,3.2e-05,-0.3055,0.3055
talks,1,2,3,2.8e-05,6.5e-05,0.5054,0.5054
faroeislands,1,2,3,2.8e-05,6.5e-05,0.5054,0.5054
daesh,0,3,3,0.0,9.7e-05,1.4862,1.4862
mud,2,1,3,5.6e-05,3.2e-05,-0.3055,0.3055
referring,1,2,3,2.8e-05,6.5e-05,0.5054,0.5054
catches,0,3,3,0.0,9.7e-05,1.4862,1.4862
procedures,2,1,3,5.6e-05,3.2e-05,-0.3055,0.3055
onlinecommunities,2,1,3,5.6e-05,3.2e-05,-0.3055,0.3055
posting,3,0,3,8.4e-05,0.0,-1.2863,1.2863
casper,0,3,3,0.0,9.7e-05,1.4862,1.4862
tonights,2,1,3,5.6e-05,3.2e-05,-0.3055,0.3055
conversation,3,0,3,8.4e-05,0.0,-1.2863,1.2863
scale,2,1,3,5.6e-05,3.2e-05,-0.3055,0.3055
brian,3,0,3,8.4e-05,0.0,-1.2863,1.2863
cunts,3,0,3,8.4e-05,0.0,-1.2863,1.2863
nap,3,0,3,8.4e-05,0.0,-1.2863,1.2863
knoxville,1,2,3,2.8e-05,6.5e-05,0.5054,0.5054
refused,0,3,3,0.0,9.7e-05,1.4862,1.4862
patched,3,0,3,8.4e-05,0.0,-1.2863,1.2863
nike,3,0,3,8.4e-05,0.0,-1.2863,1.2863
slayer,3,0,3,8.4e-05,0.0,-1.2863,1.2863
moral,1,2,3,2.8e-05,6.5e-05,0.5054,0.5054
provide,0,3,3,0.0,9.7e-05,1.4862,1.4862
kalle,3,0,3,8.4e-05,0.0,-1.2863,1.2863
repeat,0,3,3,0.0,9.7e-05,1.4862,1.4862
works,3,0,3,8.4e-05,0.0,-1.2863,1.2863
tmp,3,0,3,8.4e-05,0.0,-1.2863,1.2863
stays,3,0,3,8.4e-05,0.0,-1.2863,1.2863
ee,1,2,3,2.8e-05,6.5e-05,0.5054,0.5054
newsintweets,1,2,3,2.8e-05,6.5e-05,0.5054,0.5054
panel,1,2,3,2.8e-05,6.5e-05,0.5054,0.5054
ahh,2,1,3,5.6e-05,3.2e-05,-0.3055,0.3055
hamas,0,3,3,0.0,9.7e-05,1.4862,1.4862
blocks,2,1,3,5.6e-05,3.2e-05,-0.3055,0.3055
deserves,1,2,3,2.8e-05,6.5e-05,0.5054,0.5054
feast,3,0,3,8.4e-05,0.0,-1.2863,1.2863
sites,0,3,3,0.0,9.7e-05,1.4862,1.4862
cycling,1,2,3,2.8e-05,6.5e-05,0.5054,0.5054
anna,3,0,3,8.4e-05,0.0,-1.2863,1.2863
frank,2,1,3,5.6e-05,3.2e-05,-0.3055,0.3055
salmon,2,1,3,5.6e-05,3.2e-05,-0.3055,0.3055
password,3,0,3,8.4e-05,0.0,-1.2863,1.2863
greg,1,2,3,2.8e-05,6.5e-05,0.5054,0.5054
chernobyl,1,2,3,2.8e-05,6.5e-05,0.5054,0.5054
nb,0,3,3,0.0,9.7e-05,1.4862,1.4862
exploit,3,0,3,8.4e-05,0.0,-1.2863,1.2863
turning,2,1,3,5.6e-05,3.2e-05,-0.3055,0.3055
bluedio,3,0,3,8.4e-05,0.0,-1.2863,1.2863
lifting,3,0,3,8.4e-05,0.0,-1.2863,1.2863
rush,1,2,3,2.8e-05,6.5e-05,0.5054,0.5054
sigalert,0,3,3,0.0,9.7e-05,1.4862,1.4862
55,0,3,3,0.0,9.7e-05,1.4862,1.4862
hardy,3,0,3,8.4e-05,0.0,-1.2863,1.2863
abomination,3,0,3,8.4e-05,0.0,-1.2863,1.2863
virus,2,1,3,5.6e-05,3.2e-05,-0.3055,0.3055
inning,3,0,3,8.4e-05,0.0,-1.2863,1.2863
villagers,0,3,3,0.0,9.7e-05,1.4862,1.4862
paramedic,1,2,3,2.8e-05,6.5e-05,0.5054,0.5054
courts,1,2,3,2.8e-05,6.5e-05,0.5054,0.5054
ne,0,3,3,0.0,9.7e-05,1.4862,1.4862
dublin,0,3,3,0.0,9.7e-05,1.4862,1.4862
encounter,0,3,3,0.0,9.7e-05,1.4862,1.4862
bore,1,2,3,2.8e-05,6.5e-05,0.5054,0.5054
avenue,2,1,3,5.6e-05,3.2e-05,-0.3055,0.3055
belongs,1,2,3,2.8e-05,6.5e-05,0.5054,0.5054
pets,3,0,3,8.4e-05,0.0,-1.2863,1.2863
locke,2,1,3,5.6e-05,3.2e-05,-0.3055,0.3055
savebees,3,0,3,8.4e-05,0.0,-1.2863,1.2863
soviet,2,1,3,5.6e-05,3.2e-05,-0.3055,0.3055
gem,3,0,3,8.4e-05,0.0,-1.2863,1.2863
croat,0,3,3,0.0,9.7e-05,1.4862,1.4862
dorret,3,0,3,8.4e-05,0.0,-1.2863,1.2863
lauren,3,0,3,8.4e-05,0.0,-1.2863,1.2863
psychological,0,3,3,0.0,9.7e-05,1.4862,1.4862
legendary,1,2,3,2.8e-05,6.5e-05,0.5054,0.5054
capital,0,3,3,0.0,9.7e-05,1.4862,1.4862
kuwait,0,3,3,0.0,9.7e-05,1.4862,1.4862
bigamist,2,1,3,5.6e-05,3.2e-05,-0.3055,0.3055
trend,2,1,3,5.6e-05,3.2e-05,-0.3055,0.3055
murderers,2,1,3,5.6e-05,3.2e-05,-0.3055,0.3055
43rd,0,3,3,0.0,9.7e-05,1.4862,1.4862
tdp,0,3,3,0.0,9.7e-05,1.4862,1.4862
artistsunited,3,0,3,8.4e-05,0.0,-1.2863,1.2863
robinson,2,1,3,5.6e-05,3.2e-05,-0.3055,0.3055
bunch,2,1,3,5.6e-05,3.2e-05,-0.3055,0.3055
relationship,2,1,3,5.6e-05,3.2e-05,-0.3055,0.3055
bs,1,2,3,2.8e-05,6.5e-05,0.5054,0.5054
construction,0,3,3,0.0,9.7e-05,1.4862,1.4862
trs,0,3,3,0.0,9.7e-05,1.4862,1.4862
blacklivesmatter,1,2,3,2.8e-05,6.5e-05,0.5054,0.5054
idiot,2,1,3,5.6e-05,3.2e-05,-0.3055,0.3055
ticket,3,0,3,8.4e-05,0.0,-1.2863,1.2863
undercover,2,1,3,5.6e-05,3.2e-05,-0.3055,0.3055
damaging,0,3,3,0.0,9.7e-05,1.4862,1.4862
yazidi,0,3,3,0.0,9.7e-05,1.4862,1.4862
grand,2,1,3,5.6e-05,3.2e-05,-0.3055,0.3055
donald,1,2,3,2.8e-05,6.5e-05,0.5054,0.5054
unknown,1,2,3,2.8e-05,6.5e-05,0.5054,0.5054
stressful,2,1,3,5.6e-05,3.2e-05,-0.3055,0.3055
swear,3,0,3,8.4e-05,0.0,-1.2863,1.2863
vermont,0,3,3,0.0,9.7e-05,1.4862,1.4862
swarm,1,2,3,2.8e-05,6.5e-05,0.5054,0.5054
koin6news,0,3,3,0.0,9.7e-05,1.4862,1.4862
lessons,0,3,3,0.0,9.7e-05,1.4862,1.4862
casual,3,0,3,8.4e-05,0.0,-1.2863,1.2863
camps,1,2,3,2.8e-05,6.5e-05,0.5054,0.5054
cow,1,2,3,2.8e-05,6.5e-05,0.5054,0.5054
intact,1,2,3,2.8e-05,6.5e-05,0.5054,0.5054
hype,3,0,3,8.4e-05,0.0,-1.2863,1.2863
drinks,3,0,3,8.4e-05,0.0,-1.2863,1.2863
instant,2,1,3,5.6e-05,3.2e-05,-0.3055,0.3055
workout,3,0,3,8.4e-05,0.0,-1.2863,1.2863
ns,1,2,3,2.8e-05,6.5e-05,0.5054,0.5054
1620,3,0,3,8.4e-05,0.0,-1.2863,1.2863
systems,1,2,3,2.8e-05,6.5e-05,0.5054,0.5054
marvel,3,0,3,8.4e-05,0.0,-1.2863,1.2863
meme,3,0,3,8.4e-05,0.0,-1.2863,1.2863
gates,3,0,3,8.4e-05,0.0,-1.2863,1.2863
flower,2,1,3,5.6e-05,3.2e-05,-0.3055,0.3055
nations,3,0,3,8.4e-05,0.0,-1.2863,1.2863
mcdonalds,3,0,3,8.4e-05,0.0,-1.2863,1.2863
lived,1,2,3,2.8e-05,6.5e-05,0.5054,0.5054
evacuations,0,3,3,0.0,9.7e-05,1.4862,1.4862
helps,2,1,3,5.6e-05,3.2e-05,-0.3055,0.3055
spinning,2,1,3,5.6e-05,3.2e-05,-0.3055,0.3055
johannesburg,0,3,3,0.0,9.7e-05,1.4862,1.4862
lifetime,3,0,3,8.4e-05,0.0,-1.2863,1.2863
speak,1,2,3,2.8e-05,6.5e-05,0.5054,0.5054
dental,1,2,3,2.8e-05,6.5e-05,0.5054,0.5054
creativity,2,1,3,5.6e-05,3.2e-05,-0.3055,0.3055
fireman,2,1,3,5.6e-05,3.2e-05,-0.3055,0.3055
quarter,1,2,3,2.8e-05,6.5e-05,0.5054,0.5054
rickperry,1,2,3,2.8e-05,6.5e-05,0.5054,0.5054
steam,3,0,3,8.4e-05,0.0,-1.2863,1.2863
wrap,1,2,3,2.8e-05,6.5e-05,0.5054,0.5054
1141,0,3,3,0.0,9.7e-05,1.4862,1.4862
embroidered,3,0,3,8.4e-05,0.0,-1.2863,1.2863
shakes,2,1,3,5.6e-05,3.2e-05,-0.3055,0.3055
regret,3,0,3,8.4e-05,0.0,-1.2863,1.2863
transfer,1,2,3,2.8e-05,6.5e-05,0.5054,0.5054
royal,2,1,3,5.6e-05,3.2e-05,-0.3055,0.3055
vi,3,0,3,8.4e-05,0.0,-1.2863,1.2863
reaches,0,3,3,0.0,9.7e-05,1.4862,1.4862
rover,0,2,2,0.0,6.5e-05,1.1986,1.1986
alarmed,0,2,2,0.0,6.5e-05,1.1986,1.1986
anonymous,1,1,2,2.8e-05,3.2e-05,0.0999,0.0999
flashbacks,2,0,2,5.6e-05,0.0,-0.9987,0.9987
newberg,2,0,2,5.6e-05,0.0,-0.9987,0.9987
ratings,1,1,2,2.8e-05,3.2e-05,0.0999,0.0999
committed,0,2,2,0.0,6.5e-05,1.1986,1.1986
arnley,1,1,2,2.8e-05,3.2e-05,0.0999,0.0999
jurors,0,2,2,0.0,6.5e-05,1.1986,1.1986
monkeys,2,0,2,5.6e-05,0.0,-0.9987,0.9987
sto,1,1,2,2.8e-05,3.2e-05,0.0999,0.0999
obsessed,2,0,2,5.6e-05,0.0,-0.9987,0.9987
2k15,2,0,2,5.6e-05,0.0,-0.9987,0.9987
ptbo,0,2,2,0.0,6.5e-05,1.1986,1.1986
kowing,0,2,2,0.0,6.5e-05,1.1986,1.1986
globe,0,2,2,0.0,6.5e-05,1.1986,1.1986
mic,2,0,2,5.6e-05,0.0,-0.9987,0.9987
disruptive,1,1,2,2.8e-05,3.2e-05,0.0999,0.0999
conservative,2,0,2,5.6e-05,0.0,-0.9987,0.9987
featured,1,1,2,2.8e-05,3.2e-05,0.0999,0.0999
coat,1,1,2,2.8e-05,3.2e-05,0.0999,0.0999
himalaya,0,2,2,0.0,6.5e-05,1.1986,1.1986
lit,0,2,2,0.0,6.5e-05,1.1986,1.1986
shaped,2,0,2,5.6e-05,0.0,-0.9987,0.9987
piner,0,2,2,0.0,6.5e-05,1.1986,1.1986
smells,1,1,2,2.8e-05,3.2e-05,0.0999,0.0999
gust,0,2,2,0.0,6.5e-05,1.1986,1.1986
lamha,2,0,2,5.6e-05,0.0,-0.9987,0.9987
cape,0,2,2,0.0,6.5e-05,1.1986,1.1986
64,1,1,2,2.8e-05,3.2e-05,0.0999,0.0999
bitcoin,2,0,2,5.6e-05,0.0,-0.9987,0.9987
treating,1,1,2,2.8e-05,3.2e-05,0.0999,0.0999
pancakes,2,0,2,5.6e-05,0.0,-0.9987,0.9987
corey,1,1,2,2.8e-05,3.2e-05,0.0999,0.0999
walter,1,1,2,2.8e-05,3.2e-05,0.0999,0.0999
chairman,1,1,2,2.8e-05,3.2e-05,0.0999,0.0999
rudd,2,0,2,5.6e-05,0.0,-0.9987,0.9987
strengthening,0,2,2,0.0,6.5e-05,1.1986,1.1986
coincide,2,0,2,5.6e-05,0.0,-0.9987,0.9987
receive,0,2,2,0.0,6.5e-05,1.1986,1.1986
loading,1,1,2,2.8e-05,3.2e-05,0.0999,0.0999
technique,1,1,2,2.8e-05,3.2e-05,0.0999,0.0999
responder,0,2,2,0.0,6.5e-05,1.1986,1.1986
athlete,1,1,2,2.8e-05,3.2e-05,0.0999,0.0999
michelebachman,1,1,2,2.8e-05,3.2e-05,0.0999,0.0999
tyler,2,0,2,5.6e-05,0.0,-0.9987,0.9987
census,1,1,2,2.8e-05,3.2e-05,0.0999,0.0999
pickerel,0,2,2,0.0,6.5e-05,1.1986,1.1986
entrepreneur,1,1,2,2.8e-05,3.2e-05,0.0999,0.0999
bullseye,0,2,2,0.0,6.5e-05,1.1986,1.1986
goat,2,0,2,5.6e-05,0.0,-0.9987,0.9987
unstable,0,2,2,0.0,6.5e-05,1.1986,1.1986
examiner,1,1,2,2.8e-05,3.2e-05,0.0999,0.0999
batteries,1,1,2,2.8e-05,3.2e-05,0.0999,0.0999
zippednews,1,1,2,2.8e-05,3.2e-05,0.0999,0.0999
bullet,1,1,2,2.8e-05,3.2e-05,0.0999,0.0999
rappers,2,0,2,5.6e-05,0.0,-0.9987,0.9987
fueled,1,1,2,2.8e-05,3.2e-05,0.0999,0.0999
stuns,2,0,2,5.6e-05,0.0,-0.9987,0.9987
nwo,1,1,2,2.8e-05,3.2e-05,0.0999,0.0999
goodbye,2,0,2,5.6e-05,0.0,-0.9987,0.9987
slammed,2,0,2,5.6e-05,0.0,-0.9987,0.9987
striker,1,1,2,2.8e-05,3.2e-05,0.0999,0.0999
wolves,2,0,2,5.6e-05,0.0,-0.9987,0.9987
drew,2,0,2,5.6e-05,0.0,-0.9987,0.9987
ccot,2,0,2,5.6e-05,0.0,-0.9987,0.9987
startups,2,0,2,5.6e-05,0.0,-0.9987,0.9987
vocal,2,0,2,5.6e-05,0.0,-0.9987,0.9987
jonvoyage,2,0,2,5.6e-05,0.0,-0.9987,0.9987
omega,2,0,2,5.6e-05,0.0,-0.9987,0.9987
performance,2,0,2,5.6e-05,0.0,-0.9987,0.9987
politifiact,2,0,2,5.6e-05,0.0,-0.9987,0.9987
simon,2,0,2,5.6e-05,0.0,-0.9987,0.9987
38,1,1,2,2.8e-05,3.2e-05,0.0999,0.0999
chick,1,1,2,2.8e-05,3.2e-05,0.0999,0.0999
eastward,0,2,2,0.0,6.5e-05,1.1986,1.1986
adoption,1,1,2,2.8e-05,3.2e-05,0.0999,0.0999
affect,0,2,2,0.0,6.5e-05,1.1986,1.1986
raynor,2,0,2,5.6e-05,0.0,-0.9987,0.9987
chills,1,1,2,2.8e-05,3.2e-05,0.0999,0.0999
versions,1,1,2,2.8e-05,3.2e-05,0.0999,0.0999
snowball,1,1,2,2.8e-05,3.2e-05,0.0999,0.0999
brunette,2,0,2,5.6e-05,0.0,-0.9987,0.9987
leaks,2,0,2,5.6e-05,0.0,-0.9987,0.9987
certified,1,1,2,2.8e-05,3.2e-05,0.0999,0.0999
si,2,0,2,5.6e-05,0.0,-0.9987,0.9987
salvadoran,0,2,2,0.0,6.5e-05,1.1986,1.1986
mercados,0,2,2,0.0,6.5e-05,1.1986,1.1986
types,2,0,2,5.6e-05,0.0,-0.9987,0.9987
paints,2,0,2,5.6e-05,0.0,-0.9987,0.9987
trusty,0,2,2,0.0,6.5e-05,1.1986,1.1986
jacket,2,0,2,5.6e-05,0.0,-0.9987,0.9987
kodiak,2,0,2,5.6e-05,0.0,-0.9987,0.9987
adam,2,0,2,5.6e-05,0.0,-0.9987,0.9987
ipad,2,0,2,5.6e-05,0.0,-0.9987,0.9987
dock,1,1,2,2.8e-05,3.2e-05,0.0999,0.0999
pileup,0,2,2,0.0,6.5e-05,1.1986,1.1986
permanently,2,0,2,5.6e-05,0.0,-0.9987,0.9987
consent,0,2,2,0.0,6.5e-05,1.1986,1.1986
videoveranomtv,2,0,2,5.6e-05,0.0,-0.9987,0.9987
pledge,1,1,2,2.8e-05,3.2e-05,0.0999,0.0999
acted,1,1,2,2.8e-05,3.2e-05,0.0999,0.0999
moms,2,0,2,5.6e-05,0.0,-0.9987,0.9987
wod,1,1,2,2.8e-05,3.2e-05,0.0999,0.0999
impulse,0,2,2,0.0,6.5e-05,1.1986,1.1986
bieber,2,0,2,5.6e-05,0.0,-0.9987,0.9987
rtrrt,2,0,2,5.6e-05,0.0,-0.9987,0.9987
monday,1,1,2,2.8e-05,3.2e-05,0.0999,0.0999
106,2,0,2,5.6e-05,0.0,-0.9987,0.9987
infinity,2,0,2,5.6e-05,0.0,-0.9987,0.9987
deputy,0,2,2,0.0,6.5e-05,1.1986,1.1986
absolute,1,1,2,2.8e-05,3.2e-05,0.0999,0.0999
roger,2,0,2,5.6e-05,0.0,-0.9987,0.9987
krefeld,0,2,2,0.0,6.5e-05,1.1986,1.1986
grande,2,0,2,5.6e-05,0.0,-0.9987,0.9987
coyotes,1,1,2,2.8e-05,3.2e-05,0.0999,0.0999
musik,2,0,2,5.6e-05,0.0,-0.9987,0.9987
preparing,2,0,2,5.6e-05,0.0,-0.9987,0.9987
institute,1,1,2,2.8e-05,3.2e-05,0.0999,0.0999
wilshere,1,1,2,2.8e-05,3.2e-05,0.0999,0.0999
sportwatch,2,0,2,5.6e-05,0.0,-0.9987,0.9987
inspections,1,1,2,2.8e-05,3.2e-05,0.0999,0.0999
noonan,1,1,2,2.8e-05,3.2e-05,0.0999,0.0999
vicinity,0,2,2,0.0,6.5e-05,1.1986,1.1986
pinpoint,0,2,2,0.0,6.5e-05,1.1986,1.1986
earbuds,2,0,2,5.6e-05,0.0,-0.9987,0.9987
extensive,1,1,2,2.8e-05,3.2e-05,0.0999,0.0999
butterfinger,2,0,2,5.6e-05,0.0,-0.9987,0.9987
generational,2,0,2,5.6e-05,0.0,-0.9987,0.9987
maketh,2,0,2,5.6e-05,0.0,-0.9987,0.9987
looters,0,2,2,0.0,6.5e-05,1.1986,1.1986
wmur9,0,2,2,0.0,6.5e-05,1.1986,1.1986
rages,0,2,2,0.0,6.5e-05,1.1986,1.1986
loseit,2,0,2,5.6e-05,0.0,-0.9987,0.9987
inevitably,1,1,2,2.8e-05,3.2e-05,0.0999,0.0999
pounded,1,1,2,2.8e-05,3.2e-05,0.0999,0.0999
handed,0,2,2,0.0,6.5e-05,1.1986,1.1986
faulty,1,1,2,2.8e-05,3.2e-05,0.0999,0.0999
thankfully,0,2,2,0.0,6.5e-05,1.1986,1.1986
torching,1,1,2,2.8e-05,3.2e-05,0.0999,0.0999
specialist,0,2,2,0.0,6.5e-05,1.1986,1.1986
blackpool,0,2,2,0.0,6.5e-05,1.1986,1.1986
phil,2,0,2,5.6e-05,0.0,-0.9987,0.9987
snacks,1,1,2,2.8e-05,3.2e-05,0.0999,0.0999
exhibition,0,2,2,0.0,6.5e-05,1.1986,1.1986
pickup,1,1,2,2.8e-05,3.2e-05,0.0999,0.0999
messi,1,1,2,2.8e-05,3.2e-05,0.0999,0.0999
forgive,1,1,2,2.8e-05,3.2e-05,0.0999,0.0999
strikers,0,2,2,0.0,6.5e-05,1.1986,1.1986
ruins,2,0,2,5.6e-05,0.0,-0.9987,0.9987
activities,2,0,2,5.6e-05,0.0,-0.9987,0.9987
pennington,0,2,2,0.0,6.5e-05,1.1986,1.1986
spots,2,0,2,5.6e-05,0.0,-0.9987,0.9987
skyline,2,0,2,5.6e-05,0.0,-0.9987,0.9987
veteran,0,2,2,0.0,6.5e-05,1.1986,1.1986
rossum,0,2,2,0.0,6.5e-05,1.1986,1.1986
reid,0,2,2,0.0,6.5e-05,1.1986,1.1986
harms,0,2,2,0.0,6.5e-05,1.1986,1.1986
shutdown,1,1,2,2.8e-05,3.2e-05,0.0999,0.0999
sr,1,1,2,2.8e-05,3.2e-05,0.0999,0.0999
nick,1,1,2,2.8e-05,3.2e-05,0.0999,0.0999
tragic,0,2,2,0.0,6.5e-05,1.1986,1.1986
idol,2,0,2,5.6e-05,0.0,-0.9987,0.9987
reflects,2,0,2,5.6e-05,0.0,-0.9987,0.9987
dears,1,1,2,2.8e-05,3.2e-05,0.0999,0.0999
bundled,1,1,2,2.8e-05,3.2e-05,0.0999,0.0999
negros,1,1,2,2.8e-05,3.2e-05,0.0999,0.0999
ambulances,0,2,2,0.0,6.5e-05,1.1986,1.1986
1943,0,2,2,0.0,6.5e-05,1.1986,1.1986
daniels,1,1,2,2.8e-05,3.2e-05,0.0999,0.0999
s2g,2,0,2,5.6e-05,0.0,-0.9987,0.9987
esteemed,1,1,2,2.8e-05,3.2e-05,0.0999,0.0999
60000,0,2,2,0.0,6.5e-05,1.1986,1.1986
scare,1,1,2,2.8e-05,3.2e-05,0.0999,0.0999
trinity,1,1,2,2.8e-05,3.2e-05,0.0999,0.0999
lotz,2,0,2,5.6e-05,0.0,-0.9987,0.9987
revolt,2,0,2,5.6e-05,0.0,-0.9987,0.9987
trusting,2,0,2,5.6e-05,0.0,-0.9987,0.9987
fool,0,2,2,0.0,6.5e-05,1.1986,1.1986
93,0,2,2,0.0,6.5e-05,1.1986,1.1986
km,2,0,2,5.6e-05,0.0,-0.9987,0.9987
collins,1,1,2,2.8e-05,3.2e-05,0.0999,0.0999
assistant,1,1,2,2.8e-05,3.2e-05,0.0999,0.0999
investigate,2,0,2,5.6e-05,0.0,-0.9987,0.9987
landscape,1,1,2,2.8e-05,3.2e-05,0.0999,0.0999
penalty,1,1,2,2.8e-05,3.2e-05,0.0999,0.0999
inspiring,1,1,2,2.8e-05,3.2e-05,0.0999,0.0999
coal,1,1,2,2.8e-05,3.2e-05,0.0999,0.0999
unprecedented,1,1,2,2.8e-05,3.2e-05,0.0999,0.0999
outbid,2,0,2,5.6e-05,0.0,-0.9987,0.9987
knob,1,1,2,2.8e-05,3.2e-05,0.0999,0.0999
bal,1,1,2,2.8e-05,3.2e-05,0.0999,0.0999
vice,0,2,2,0.0,6.5e-05,1.1986,1.1986
fourth,1,1,2,2.8e-05,3.2e-05,0.0999,0.0999
lifts,0,2,2,0.0,6.5e-05,1.1986,1.1986
liable,2,0,2,5.6e-05,0.0,-0.9987,0.9987
salvis,2,0,2,5.6e-05,0.0,-0.9987,0.9987
imperfect,2,0,2,5.6e-05,0.0,-0.9987,0.9987
crane,0,2,2,0.0,6.5e-05,1.1986,1.1986
rey,2,0,2,5.6e-05,0.0,-0.9987,0.9987
coaster,2,0,2,5.6e-05,0.0,-0.9987,0.9987
organic,2,0,2,5.6e-05,0.0,-0.9987,0.9987
react,1,1,2,2.8e-05,3.2e-05,0.0999,0.0999
anyways,2,0,2,5.6e-05,0.0,-0.9987,0.9987
perfectly,2,0,2,5.6e-05,0.0,-0.9987,0.9987
dates,2,0,2,5.6e-05,0.0,-0.9987,0.9987
fled,1,1,2,2.8e-05,3.2e-05,0.0999,0.0999
countrys,0,2,2,0.0,6.5e-05,1.1986,1.1986
utv,2,0,2,5.6e-05,0.0,-0.9987,0.9987
homs,0,2,2,0.0,6.5e-05,1.1986,1.1986
julian,1,1,2,2.8e-05,3.2e-05,0.0999,0.0999
enormous,1,1,2,2.8e-05,3.2e-05,0.0999,0.0999
protection,1,1,2,2.8e-05,3.2e-05,0.0999,0.0999
request,2,0,2,5.6e-05,0.0,-0.9987,0.9987
loaded,2,0,2,5.6e-05,0.0,-0.9987,0.9987
intersection,0,2,2,0.0,6.5e-05,1.1986,1.1986
cowboys,2,0,2,5.6e-05,0.0,-0.9987,0.9987
marlon,2,0,2,5.6e-05,0.0,-0.9987,0.9987
gays,1,1,2,2.8e-05,3.2e-05,0.0999,0.0999
rio,0,2,2,0.0,6.5e-05,1.1986,1.1986
poplar,1,1,2,2.8e-05,3.2e-05,0.0999,0.0999
enabled,2,0,2,5.6e-05,0.0,-0.9987,0.9987
infamous,1,1,2,2.8e-05,3.2e-05,0.0999,0.0999
admit,2,0,2,5.6e-05,0.0,-0.9987,0.9987
compound,0,2,2,0.0,6.5e-05,1.1986,1.1986
wealthy,2,0,2,5.6e-05,0.0,-0.9987,0.9987
netanyahu,1,1,2,2.8e-05,3.2e-05,0.0999,0.0999
conspiracy,2,0,2,5.6e-05,0.0,-0.9987,0.9987
nrc,1,1,2,2.8e-05,3.2e-05,0.0999,0.0999
simply,0,2,2,0.0,6.5e-05,1.1986,1.1986
oped,2,0,2,5.6e-05,0.0,-0.9987,0.9987
explodes,0,2,2,0.0,6.5e-05,1.1986,1.1986
vabengal,2,0,2,5.6e-05,0.0,-0.9987,0.9987
rays,2,0,2,5.6e-05,0.0,-0.9987,0.9987
explain,1,1,2,2.8e-05,3.2e-05,0.0999,0.0999
housed,0,2,2,0.0,6.5e-05,1.1986,1.1986
stu,2,0,2,5.6e-05,0.0,-0.9987,0.9987
journalism,1,1,2,2.8e-05,3.2e-05,0.0999,0.0999
transformed,2,0,2,5.6e-05,0.0,-0.9987,0.9987
unr,0,2,2,0.0,6.5e-05,1.1986,1.1986
hottest,2,0,2,5.6e-05,0.0,-0.9987,0.9987
pdx911,1,1,2,2.8e-05,3.2e-05,0.0999,0.0999
magnitude,1,1,2,2.8e-05,3.2e-05,0.0999,0.0999
elijah,0,2,2,0.0,6.5e-05,1.1986,1.1986
pauls,1,1,2,2.8e-05,3.2e-05,0.0999,0.0999
heels,2,0,2,5.6e-05,0.0,-0.9987,0.9987
custom,2,0,2,5.6e-05,0.0,-0.9987,0.9987
429cj,1,1,2,2.8e-05,3.2e-05,0.0999,0.0999
appropriation,0,2,2,0.0,6.5e-05,1.1986,1.1986
ef,0,2,2,0.0,6.5e-05,1.1986,1.1986
condolence,0,2,2,0.0,6.5e-05,1.1986,1.1986
brief,1,1,2,2.8e-05,3.2e-05,0.0999,0.0999
insas,0,2,2,0.0,6.5e-05,1.1986,1.1986
pity,2,0,2,5.6e-05,0.0,-0.9987,0.9987
mc,2,0,2,5.6e-05,0.0,-0.9987,0.9987
contruction,0,2,2,0.0,6.5e-05,1.1986,1.1986
golem,0,2,2,0.0,6.5e-05,1.1986,1.1986
cherry,2,0,2,5.6e-05,0.0,-0.9987,0.9987
exhausted,2,0,2,5.6e-05,0.0,-0.9987,0.9987
bistro,2,0,2,5.6e-05,0.0,-0.9987,0.9987
freeway,1,1,2,2.8e-05,3.2e-05,0.0999,0.0999
boundaries,2,0,2,5.6e-05,0.0,-0.9987,0.9987
removing,1,1,2,2.8e-05,3.2e-05,0.0999,0.0999
wattpad,2,0,2,5.6e-05,0.0,-0.9987,0.9987
blueprint,2,0,2,5.6e-05,0.0,-0.9987,0.9987
xoxo,2,0,2,5.6e-05,0.0,-0.9987,0.9987
deserve,2,0,2,5.6e-05,0.0,-0.9987,0.9987
stout,2,0,2,5.6e-05,0.0,-0.9987,0.9987
1880,2,0,2,5.6e-05,0.0,-0.9987,0.9987
european,1,1,2,2.8e-05,3.2e-05,0.0999,0.0999
centers,1,1,2,2.8e-05,3.2e-05,0.0999,0.0999
saturn,1,1,2,2.8e-05,3.2e-05,0.0999,0.0999
ushanka,2,0,2,5.6e-05,0.0,-0.9987,0.9987
advice,2,0,2,5.6e-05,0.0,-0.9987,0.9987
nasahurricane,0,2,2,0.0,6.5e-05,1.1986,1.1986
ushed,0,2,2,0.0,6.5e-05,1.1986,1.1986
coursing,2,0,2,5.6e-05,0.0,-0.9987,0.9987
chase,2,0,2,5.6e-05,0.0,-0.9987,0.9987
ruining,0,2,2,0.0,6.5e-05,1.1986,1.1986
teslas,2,0,2,5.6e-05,0.0,-0.9987,0.9987
kerry,1,1,2,2.8e-05,3.2e-05,0.0999,0.0999
discussion,1,1,2,2.8e-05,3.2e-05,0.0999,0.0999
summit,1,1,2,2.8e-05,3.2e-05,0.0999,0.0999
fathers,0,2,2,0.0,6.5e-05,1.1986,1.1986
ferry,1,1,2,2.8e-05,3.2e-05,0.0999,0.0999
nj,1,1,2,2.8e-05,3.2e-05,0.0999,0.0999
showing,0,2,2,0.0,6.5e-05,1.1986,1.1986
dollars,1,1,2,2.8e-05,3.2e-05,0.0999,0.0999
greedy,2,0,2,5.6e-05,0.0,-0.9987,0.9987
actress,0,2,2,0.0,6.5e-05,1.1986,1.1986
controllers,1,1,2,2.8e-05,3.2e-05,0.0999,0.0999
saturated,0,2,2,0.0,6.5e-05,1.1986,1.1986
faceless,1,1,2,2.8e-05,3.2e-05,0.0999,0.0999
kraft,1,1,2,2.8e-05,3.2e-05,0.0999,0.0999
helicopters,1,1,2,2.8e-05,3.2e-05,0.0999,0.0999
visits,0,2,2,0.0,6.5e-05,1.1986,1.1986
oth,1,1,2,2.8e-05,3.2e-05,0.0999,0.0999
rivers,0,2,2,0.0,6.5e-05,1.1986,1.1986
britons,0,2,2,0.0,6.5e-05,1.1986,1.1986
zabadani,2,0,2,5.6e-05,0.0,-0.9987,0.9987
justified,0,2,2,0.0,6.5e-05,1.1986,1.1986
unto,1,1,2,2.8e-05,3.2e-05,0.0999,0.0999
sixpenceee,2,0,2,5.6e-05,0.0,-0.9987,0.9987
surgery,1,1,2,2.8e-05,3.2e-05,0.0999,0.0999
jake,2,0,2,5.6e-05,0.0,-0.9987,0.9987
trail,2,0,2,5.6e-05,0.0,-0.9987,0.9987
rec,2,0,2,5.6e-05,0.0,-0.9987,0.9987
rotator,2,0,2,5.6e-05,0.0,-0.9987,0.9987
talkradio,1,1,2,2.8e-05,3.2e-05,0.0999,0.0999
bolt,2,0,2,5.6e-05,0.0,-0.9987,0.9987
travis,0,2,2,0.0,6.5e-05,1.1986,1.1986
cyber,1,1,2,2.8e-05,3.2e-05,0.0999,0.0999
fluid,1,1,2,2.8e-05,3.2e-05,0.0999,0.0999
empire,2,0,2,5.6e-05,0.0,-0.9987,0.9987
alllivesmatter,2,0,2,5.6e-05,0.0,-0.9987,0.9987
sept,1,1,2,2.8e-05,3.2e-05,0.0999,0.0999
cooper,1,1,2,2.8e-05,3.2e-05,0.0999,0.0999
cannon,1,1,2,2.8e-05,3.2e-05,0.0999,0.0999
marketforce,2,0,2,5.6e-05,0.0,-0.9987,0.9987
deeds,1,1,2,2.8e-05,3.2e-05,0.0999,0.0999
dressed,0,2,2,0.0,6.5e-05,1.1986,1.1986
assholes,2,0,2,5.6e-05,0.0,-0.9987,0.9987
tops,0,2,2,0.0,6.5e-05,1.1986,1.1986
pointing,0,2,2,0.0,6.5e-05,1.1986,1.1986
que,2,0,2,5.6e-05,0.0,-0.9987,0.9987
ev,1,1,2,2.8e-05,3.2e-05,0.0999,0.0999
ori,0,2,2,0.0,6.5e-05,1.1986,1.1986
suru,0,2,2,0.0,6.5e-05,1.1986,1.1986
doublecups,2,0,2,5.6e-05,0.0,-0.9987,0.9987
builds,1,1,2,2.8e-05,3.2e-05,0.0999,0.0999
urs,2,0,2,5.6e-05,0.0,-0.9987,0.9987
descriptions,2,0,2,5.6e-05,0.0,-0.9987,0.9987
ivanberroa,0,2,2,0.0,6.5e-05,1.1986,1.1986
battles,1,1,2,2.8e-05,3.2e-05,0.0999,0.0999
cld,2,0,2,5.6e-05,0.0,-0.9987,0.9987
patriot,1,1,2,2.8e-05,3.2e-05,0.0999,0.0999
feinstein,0,2,2,0.0,6.5e-05,1.1986,1.1986
scorpions,2,0,2,5.6e-05,0.0,-0.9987,0.9987
standwithpp,2,0,2,5.6e-05,0.0,-0.9987,0.9987
enemies,0,2,2,0.0,6.5e-05,1.1986,1.1986
whale,1,1,2,2.8e-05,3.2e-05,0.0999,0.0999
topstories,0,2,2,0.0,6.5e-05,1.1986,1.1986
noted,0,2,2,0.0,6.5e-05,1.1986,1.1986
37,1,1,2,2.8e-05,3.2e-05,0.0999,0.0999
johns,1,1,2,2.8e-05,3.2e-05,0.0999,0.0999
zarry,2,0,2,5.6e-05,0.0,-0.9987,0.9987
beauty,1,1,2,2.8e-05,3.2e-05,0.0999,0.0999
quarters,1,1,2,2.8e-05,3.2e-05,0.0999,0.0999
hoped,1,1,2,2.8e-05,3.2e-05,0.0999,0.0999
gd,2,0,2,5.6e-05,0.0,-0.9987,0.9987
fallacy,2,0,2,5.6e-05,0.0,-0.9987,0.9987
800000,1,1,2,2.8e-05,3.2e-05,0.0999,0.0999
et,0,2,2,0.0,6.5e-05,1.1986,1.1986
hazmat,0,2,2,0.0,6.5e-05,1.1986,1.1986
oun,0,2,2,0.0,6.5e-05,1.1986,1.1986
develop,2,0,2,5.6e-05,0.0,-0.9987,0.9987
badge,1,1,2,2.8e-05,3.2e-05,0.0999,0.0999
coahuila,0,2,2,0.0,6.5e-05,1.1986,1.1986
gardens,1,1,2,2.8e-05,3.2e-05,0.0999,0.0999
equate,0,2,2,0.0,6.5e-05,1.1986,1.1986
gmmbc,1,1,2,2.8e-05,3.2e-05,0.0999,0.0999
combust,0,2,2,0.0,6.5e-05,1.1986,1.1986
jones,2,0,2,5.6e-05,0.0,-0.9987,0.9987
cracks,1,1,2,2.8e-05,3.2e-05,0.0999,0.0999
twentynine,0,2,2,0.0,6.5e-05,1.1986,1.1986
hack,2,0,2,5.6e-05,0.0,-0.9987,0.9987
mchenry,0,2,2,0.0,6.5e-05,1.1986,1.1986
distinct,1,1,2,2.8e-05,3.2e-05,0.0999,0.0999
diageos,2,0,2,5.6e-05,0.0,-0.9987,0.9987
remorse,2,0,2,5.6e-05,0.0,-0.9987,0.9987
afc,2,0,2,5.6e-05,0.0,-0.9987,0.9987
nostrils,2,0,2,5.6e-05,0.0,-0.9987,0.9987
palermo,0,2,2,0.0,6.5e-05,1.1986,1.1986
sunnis,1,1,2,2.8e-05,3.2e-05,0.0999,0.0999
vida,2,0,2,5.6e-05,0.0,-0.9987,0.9987
xb1,2,0,2,5.6e-05,0.0,-0.9987,0.9987
loans,2,0,2,5.6e-05,0.0,-0.9987,0.9987
astrology,2,0,2,5.6e-05,0.0,-0.9987,0.9987
wd,1,1,2,2.8e-05,3.2e-05,0.0999,0.0999
motorcraft,2,0,2,5.6e-05,0.0,-0.9987,0.9987
indie,1,1,2,2.8e-05,3.2e-05,0.0999,0.0999
hoe,1,1,2,2.8e-05,3.2e-05,0.0999,0.0999
downpours,0,2,2,0.0,6.5e-05,1.1986,1.1986
gordon,1,1,2,2.8e-05,3.2e-05,0.0999,0.0999
leagues,2,0,2,5.6e-05,0.0,-0.9987,0.9987
10km,0,2,2,0.0,6.5e-05,1.1986,1.1986
voodoo,2,0,2,5.6e-05,0.0,-0.9987,0.9987
plenty,2,0,2,5.6e-05,0.0,-0.9987,0.9987
hidden,1,1,2,2.8e-05,3.2e-05,0.0999,0.0999
gum,2,0,2,5.6e-05,0.0,-0.9987,0.9987
ergo,2,0,2,5.6e-05,0.0,-0.9987,0.9987
hasbro,1,1,2,2.8e-05,3.2e-05,0.0999,0.0999
wine,2,0,2,5.6e-05,0.0,-0.9987,0.9987
alloy,2,0,2,5.6e-05,0.0,-0.9987,0.9987
auspol,2,0,2,5.6e-05,0.0,-0.9987,0.9987
headquarters,1,1,2,2.8e-05,3.2e-05,0.0999,0.0999
microsofts,2,0,2,5.6e-05,0.0,-0.9987,0.9987
sts,0,2,2,0.0,6.5e-05,1.1986,1.1986
knife,1,1,2,2.8e-05,3.2e-05,0.0999,0.0999
weighs,1,1,2,2.8e-05,3.2e-05,0.0999,0.0999
27w,2,0,2,5.6e-05,0.0,-0.9987,0.9987
2000,0,2,2,0.0,6.5e-05,1.1986,1.1986
mcmahon,2,0,2,5.6e-05,0.0,-0.9987,0.9987
fresno,1,1,2,2.8e-05,3.2e-05,0.0999,0.0999
routecomplex,0,2,2,0.0,6.5e-05,1.1986,1.1986
committee,2,0,2,5.6e-05,0.0,-0.9987,0.9987
reject,2,0,2,5.6e-05,0.0,-0.9987,0.9987
greek,2,0,2,5.6e-05,0.0,-0.9987,0.9987
taylor,2,0,2,5.6e-05,0.0,-0.9987,0.9987
fez,1,1,2,2.8e-05,3.2e-05,0.0999,0.0999
evacuating,0,2,2,0.0,6.5e-05,1.1986,1.1986
westeros,1,1,2,2.8e-05,3.2e-05,0.0999,0.0999
telly,2,0,2,5.6e-05,0.0,-0.9987,0.9987
karma,1,1,2,2.8e-05,3.2e-05,0.0999,0.0999
manufactured,0,2,2,0.0,6.5e-05,1.1986,1.1986
justifying,2,0,2,5.6e-05,0.0,-0.9987,0.9987
iredell,0,2,2,0.0,6.5e-05,1.1986,1.1986
opera,1,1,2,2.8e-05,3.2e-05,0.0999,0.0999
escaping,1,1,2,2.8e-05,3.2e-05,0.0999,0.0999
vibez,2,0,2,5.6e-05,0.0,-0.9987,0.9987
dambisa,2,0,2,5.6e-05,0.0,-0.9987,0.9987
admin,1,1,2,2.8e-05,3.2e-05,0.0999,0.0999
snd,1,1,2,2.8e-05,3.2e-05,0.0999,0.0999
curiosity,2,0,2,5.6e-05,0.0,-0.9987,0.9987
tee,2,0,2,5.6e-05,0.0,-0.9987,0.9987
governments,0,2,2,0.0,6.5e-05,1.1986,1.1986
1a,1,1,2,2.8e-05,3.2e-05,0.0999,0.0999
turkmen,0,2,2,0.0,6.5e-05,1.1986,1.1986
serve,2,0,2,5.6e-05,0.0,-0.9987,0.9987
sturgis,0,2,2,0.0,6.5e-05,1.1986,1.1986
06jst,2,0,2,5.6e-05,0.0,-0.9987,0.9987
director,1,1,2,2.8e-05,3.2e-05,0.0999,0.0999
reads,2,0,2,5.6e-05,0.0,-0.9987,0.9987
foxnew,0,2,2,0.0,6.5e-05,1.1986,1.1986
autoinsurance,1,1,2,2.8e-05,3.2e-05,0.0999,0.0999
canadas,0,2,2,0.0,6.5e-05,1.1986,1.1986
tattoo,1,1,2,2.8e-05,3.2e-05,0.0999,0.0999
prediction,0,2,2,0.0,6.5e-05,1.1986,1.1986
lous,1,1,2,2.8e-05,3.2e-05,0.0999,0.0999
imdb,2,0,2,5.6e-05,0.0,-0.9987,0.9987
hahahah,2,0,2,5.6e-05,0.0,-0.9987,0.9987
23km,0,2,2,0.0,6.5e-05,1.1986,1.1986
corner,1,1,2,2.8e-05,3.2e-05,0.0999,0.0999
mobile,1,1,2,2.8e-05,3.2e-05,0.0999,0.0999
backyards,0,2,2,0.0,6.5e-05,1.1986,1.1986
wolf,1,1,2,2.8e-05,3.2e-05,0.0999,0.0999
forex,2,0,2,5.6e-05,0.0,-0.9987,0.9987
98,2,0,2,5.6e-05,0.0,-0.9987,0.9987
sweater,2,0,2,5.6e-05,0.0,-0.9987,0.9987
murfreesboro,0,2,2,0.0,6.5e-05,1.1986,1.1986
vince,2,0,2,5.6e-05,0.0,-0.9987,0.9987
studio,1,1,2,2.8e-05,3.2e-05,0.0999,0.0999
coping,2,0,2,5.6e-05,0.0,-0.9987,0.9987
duck,2,0,2,5.6e-05,0.0,-0.9987,0.9987
chilling,2,0,2,5.6e-05,0.0,-0.9987,0.9987
chairs,1,1,2,2.8e-05,3.2e-05,0.0999,0.0999
messed,2,0,2,5.6e-05,0.0,-0.9987,0.9987
phew,2,0,2,5.6e-05,0.0,-0.9987,0.9987
misses,0,2,2,0.0,6.5e-05,1.1986,1.1986
canvas,2,0,2,5.6e-05,0.0,-0.9987,0.9987
030,2,0,2,5.6e-05,0.0,-0.9987,0.9987
intelligence,2,0,2,5.6e-05,0.0,-0.9987,0.9987
solo,2,0,2,5.6e-05,0.0,-0.9987,0.9987
shizune,2,0,2,5.6e-05,0.0,-0.9987,0.9987
heroine,1,1,2,2.8e-05,3.2e-05,0.0999,0.0999
bancodeseries,2,0,2,5.6e-05,0.0,-0.9987,0.9987
vegetable,1,1,2,2.8e-05,3.2e-05,0.0999,0.0999
favs,2,0,2,5.6e-05,0.0,-0.9987,0.9987
jim,2,0,2,5.6e-05,0.0,-0.9987,0.9987
angels,1,1,2,2.8e-05,3.2e-05,0.0999,0.0999
likes,2,0,2,5.6e-05,0.0,-0.9987,0.9987
c4news,1,1,2,2.8e-05,3.2e-05,0.0999,0.0999
happily,1,1,2,2.8e-05,3.2e-05,0.0999,0.0999
aquarium,0,2,2,0.0,6.5e-05,1.1986,1.1986
reopen,1,1,2,2.8e-05,3.2e-05,0.0999,0.0999
vital,1,1,2,2.8e-05,3.2e-05,0.0999,0.0999
trunk,1,1,2,2.8e-05,3.2e-05,0.0999,0.0999
pendleton,0,2,2,0.0,6.5e-05,1.1986,1.1986
arena,1,1,2,2.8e-05,3.2e-05,0.0999,0.0999
candle,2,0,2,5.6e-05,0.0,-0.9987,0.9987
wheel,1,1,2,2.8e-05,3.2e-05,0.0999,0.0999
41,0,2,2,0.0,6.5e-05,1.1986,1.1986
sheer,0,2,2,0.0,6.5e-05,1.1986,1.1986
hamburg,1,1,2,2.8e-05,3.2e-05,0.0999,0.0999
1970,1,1,2,2.8e-05,3.2e-05,0.0999,0.0999
jkl,0,2,2,0.0,6.5e-05,1.1986,1.1986
dutton,1,1,2,2.8e-05,3.2e-05,0.0999,0.0999
define,2,0,2,5.6e-05,0.0,-0.9987,0.9987
excuses,2,0,2,5.6e-05,0.0,-0.9987,0.9987
condemn,0,2,2,0.0,6.5e-05,1.1986,1.1986
cas,0,2,2,0.0,6.5e-05,1.1986,1.1986
upwards,2,0,2,5.6e-05,0.0,-0.9987,0.9987
103,1,1,2,2.8e-05,3.2e-05,0.0999,0.0999
125,1,1,2,2.8e-05,3.2e-05,0.0999,0.0999
platform,1,1,2,2.8e-05,3.2e-05,0.0999,0.0999
homeland,1,1,2,2.8e-05,3.2e-05,0.0999,0.0999
fading,2,0,2,5.6e-05,0.0,-0.9987,0.9987
multidimensi,1,1,2,2.8e-05,3.2e-05,0.0999,0.0999
jp,1,1,2,2.8e-05,3.2e-05,0.0999,0.0999
beck,1,1,2,2.8e-05,3.2e-05,0.0999,0.0999
thyroid,0,2,2,0.0,6.5e-05,1.1986,1.1986
mutant,1,1,2,2.8e-05,3.2e-05,0.0999,0.0999
raw,0,2,2,0.0,6.5e-05,1.1986,1.1986
bundle,2,0,2,5.6e-05,0.0,-0.9987,0.9987
dropping,2,0,2,5.6e-05,0.0,-0.9987,0.9987
respected,2,0,2,5.6e-05,0.0,-0.9987,0.9987
pops,2,0,2,5.6e-05,0.0,-0.9987,0.9987
grounds,0,2,2,0.0,6.5e-05,1.1986,1.1986
samaritans,0,2,2,0.0,6.5e-05,1.1986,1.1986
fieg,2,0,2,5.6e-05,0.0,-0.9987,0.9987
horndale,0,2,2,0.0,6.5e-05,1.1986,1.1986
software,2,0,2,5.6e-05,0.0,-0.9987,0.9987
dw,1,1,2,2.8e-05,3.2e-05,0.0999,0.0999
tornados,0,2,2,0.0,6.5e-05,1.1986,1.1986
regard,2,0,2,5.6e-05,0.0,-0.9987,0.9987
various,1,1,2,2.8e-05,3.2e-05,0.0999,0.0999
drivers,1,1,2,2.8e-05,3.2e-05,0.0999,0.0999
accounts,1,1,2,2.8e-05,3.2e-05,0.0999,0.0999
marquei,2,0,2,5.6e-05,0.0,-0.9987,0.9987
venice,0,2,2,0.0,6.5e-05,1.1986,1.1986
custer,0,2,2,0.0,6.5e-05,1.1986,1.1986
advanced,2,0,2,5.6e-05,0.0,-0.9987,0.9987
younger,0,2,2,0.0,6.5e-05,1.1986,1.1986
journeys,1,1,2,2.8e-05,3.2e-05,0.0999,0.0999
disappear,0,2,2,0.0,6.5e-05,1.1986,1.1986
megadeth,2,0,2,5.6e-05,0.0,-0.9987,0.9987
theological,2,0,2,5.6e-05,0.0,-0.9987,0.9987
measles,0,2,2,0.0,6.5e-05,1.1986,1.1986
gear,2,0,2,5.6e-05,0.0,-0.9987,0.9987
askcharley,2,0,2,5.6e-05,0.0,-0.9987,0.9987
leaked,2,0,2,5.6e-05,0.0,-0.9987,0.9987
elliott,1,1,2,2.8e-05,3.2e-05,0.0999,0.0999
subway,2,0,2,5.6e-05,0.0,-0.9987,0.9987
resulting,1,1,2,2.8e-05,3.2e-05,0.0999,0.0999
sewer,1,1,2,2.8e-05,3.2e-05,0.0999,0.0999
distributed,1,1,2,2.8e-05,3.2e-05,0.0999,0.0999
fleeing,0,2,2,0.0,6.5e-05,1.1986,1.1986
defendant,1,1,2,2.8e-05,3.2e-05,0.0999,0.0999
dolphin,0,2,2,0.0,6.5e-05,1.1986,1.1986
mutual,2,0,2,5.6e-05,0.0,-0.9987,0.9987
democrats,2,0,2,5.6e-05,0.0,-0.9987,0.9987
johnny,2,0,2,5.6e-05,0.0,-0.9987,0.9987
yahistorical,1,1,2,2.8e-05,3.2e-05,0.0999,0.0999
aniston,2,0,2,5.6e-05,0.0,-0.9987,0.9987
familia,1,1,2,2.8e-05,3.2e-05,0.0999,0.0999
65,0,2,2,0.0,6.5e-05,1.1986,1.1986
keratin,2,0,2,5.6e-05,0.0,-0.9987,0.9987
architect,2,0,2,5.6e-05,0.0,-0.9987,0.9987
accustomed,2,0,2,5.6e-05,0.0,-0.9987,0.9987
fortunately,1,1,2,2.8e-05,3.2e-05,0.0999,0.0999
yelling,1,1,2,2.8e-05,3.2e-05,0.0999,0.0999
bengal,0,2,2,0.0,6.5e-05,1.1986,1.1986
surfers,1,1,2,2.8e-05,3.2e-05,0.0999,0.0999
friggin,1,1,2,2.8e-05,3.2e-05,0.0999,0.0999
cope,2,0,2,5.6e-05,0.0,-0.9987,0.9987
sides,2,0,2,5.6e-05,0.0,-0.9987,0.9987
insight,1,1,2,2.8e-05,3.2e-05,0.0999,0.0999
agency,2,0,2,5.6e-05,0.0,-0.9987,0.9987
billion,1,1,2,2.8e-05,3.2e-05,0.0999,0.0999
wce,2,0,2,5.6e-05,0.0,-0.9987,0.9987
trancy,2,0,2,5.6e-05,0.0,-0.9987,0.9987
volcanoes,0,2,2,0.0,6.5e-05,1.1986,1.1986
precious,1,1,2,2.8e-05,3.2e-05,0.0999,0.0999
delta,1,1,2,2.8e-05,3.2e-05,0.0999,0.0999
asf,2,0,2,5.6e-05,0.0,-0.9987,0.9987
shoe,0,2,2,0.0,6.5e-05,1.1986,1.1986
ante,0,2,2,0.0,6.5e-05,1.1986,1.1986
compete,2,0,2,5.6e-05,0.0,-0.9987,0.9987
indi,0,2,2,0.0,6.5e-05,1.1986,1.1986
mamata,0,2,2,0.0,6.5e-05,1.1986,1.1986
sunny,2,0,2,5.6e-05,0.0,-0.9987,0.9987
roses,2,0,2,5.6e-05,0.0,-0.9987,0.9987
complaints,2,0,2,5.6e-05,0.0,-0.9987,0.9987
hatred,1,1,2,2.8e-05,3.2e-05,0.0999,0.0999
extender,1,1,2,2.8e-05,3.2e-05,0.0999,0.0999
trick,2,0,2,5.6e-05,0.0,-0.9987,0.9987
correspondent,0,2,2,0.0,6.5e-05,1.1986,1.1986
techesback,2,0,2,5.6e-05,0.0,-0.9987,0.9987
backyard,2,0,2,5.6e-05,0.0,-0.9987,0.9987
engineers,1,1,2,2.8e-05,3.2e-05,0.0999,0.0999
shocking,1,1,2,2.8e-05,3.2e-05,0.0999,0.0999
customs,1,1,2,2.8e-05,3.2e-05,0.0999,0.0999
micom,2,0,2,5.6e-05,0.0,-0.9987,0.9987
earned,2,0,2,5.6e-05,0.0,-0.9987,0.9987
console,2,0,2,5.6e-05,0.0,-0.9987,0.9987
evansville,0,2,2,0.0,6.5e-05,1.1986,1.1986
psalms,2,0,2,5.6e-05,0.0,-0.9987,0.9987
dwarves,2,0,2,5.6e-05,0.0,-0.9987,0.9987
107,2,0,2,5.6e-05,0.0,-0.9987,0.9987
brighton,0,2,2,0.0,6.5e-05,1.1986,1.1986
mohammed,1,1,2,2.8e-05,3.2e-05,0.0999,0.0999
wheeler,0,2,2,0.0,6.5e-05,1.1986,1.1986
quartz,2,0,2,5.6e-05,0.0,-0.9987,0.9987
server,1,1,2,2.8e-05,3.2e-05,0.0999,0.0999
6773,0,2,2,0.0,6.5e-05,1.1986,1.1986
039,0,2,2,0.0,6.5e-05,1.1986,1.1986
oooh,1,1,2,2.8e-05,3.2e-05,0.0999,0.0999
esh,2,0,2,5.6e-05,0.0,-0.9987,0.9987
costly,1,1,2,2.8e-05,3.2e-05,0.0999,0.0999
pkwy,0,2,2,0.0,6.5e-05,1.1986,1.1986
ron,1,1,2,2.8e-05,3.2e-05,0.0999,0.0999
gr,1,1,2,2.8e-05,3.2e-05,0.0999,0.0999
therapies,2,0,2,5.6e-05,0.0,-0.9987,0.9987
latimes,0,2,2,0.0,6.5e-05,1.1986,1.1986
cont,1,1,2,2.8e-05,3.2e-05,0.0999,0.0999
matching,2,0,2,5.6e-05,0.0,-0.9987,0.9987
jedi,1,1,2,2.8e-05,3.2e-05,0.0999,0.0999
missionhills,2,0,2,5.6e-05,0.0,-0.9987,0.9987
cocaine,0,2,2,0.0,6.5e-05,1.1986,1.1986
northland,0,2,2,0.0,6.5e-05,1.1986,1.1986
islands,0,2,2,0.0,6.5e-05,1.1986,1.1986
legislation,1,1,2,2.8e-05,3.2e-05,0.0999,0.0999
pjnet,1,1,2,2.8e-05,3.2e-05,0.0999,0.0999
posters,2,0,2,5.6e-05,0.0,-0.9987,0.9987
growing,2,0,2,5.6e-05,0.0,-0.9987,0.9987
worker,1,1,2,2.8e-05,3.2e-05,0.0999,0.0999
fruits,2,0,2,5.6e-05,0.0,-0.9987,0.9987
raised,1,1,2,2.8e-05,3.2e-05,0.0999,0.0999
hahahaha,2,0,2,5.6e-05,0.0,-0.9987,0.9987
amp,0,2,2,0.0,6.5e-05,1.1986,1.1986
actor,2,0,2,5.6e-05,0.0,-0.9987,0.9987
versethe,2,0,2,5.6e-05,0.0,-0.9987,0.9987
fi,2,0,2,5.6e-05,0.0,-0.9987,0.9987
njturnpike,0,2,2,0.0,6.5e-05,1.1986,1.1986
chonce,2,0,2,5.6e-05,0.0,-0.9987,0.9987
sputnik,2,0,2,5.6e-05,0.0,-0.9987,0.9987
layout,2,0,2,5.6e-05,0.0,-0.9987,0.9987
punjab,0,2,2,0.0,6.5e-05,1.1986,1.1986
cheyenne,0,2,2,0.0,6.5e-05,1.1986,1.1986
rapping,2,0,2,5.6e-05,0.0,-0.9987,0.9987
creating,2,0,2,5.6e-05,0.0,-0.9987,0.9987
iranians,1,1,2,2.8e-05,3.2e-05,0.0999,0.0999
summary,0,2,2,0.0,6.5e-05,1.1986,1.1986
challenged,1,1,2,2.8e-05,3.2e-05,0.0999,0.0999
plants,1,1,2,2.8e-05,3.2e-05,0.0999,0.0999
ag,0,2,2,0.0,6.5e-05,1.1986,1.1986
fiasco,2,0,2,5.6e-05,0.0,-0.9987,0.9987
protecting,0,2,2,0.0,6.5e-05,1.1986,1.1986
clueless,1,1,2,2.8e-05,3.2e-05,0.0999,0.0999
cfc,2,0,2,5.6e-05,0.0,-0.9987,0.9987
dreaming,1,1,2,2.8e-05,3.2e-05,0.0999,0.0999
dems,2,0,2,5.6e-05,0.0,-0.9987,0.9987
softenza,2,0,2,5.6e-05,0.0,-0.9987,0.9987
grrrr,0,2,2,0.0,6.5e-05,1.1986,1.1986
striking,1,1,2,2.8e-05,3.2e-05,0.0999,0.0999
mole,1,1,2,2.8e-05,3.2e-05,0.0999,0.0999
pushing,0,2,2,0.0,6.5e-05,1.1986,1.1986
reckless,2,0,2,5.6e-05,0.0,-0.9987,0.9987
championship,2,0,2,5.6e-05,0.0,-0.9987,0.9987
sheet,0,2,2,0.0,6.5e-05,1.1986,1.1986
june,1,1,2,2.8e-05,3.2e-05,0.0999,0.0999
challenges,2,0,2,5.6e-05,0.0,-0.9987,0.9987
boring,2,0,2,5.6e-05,0.0,-0.9987,0.9987
material,0,2,2,0.0,6.5e-05,1.1986,1.1986
downfall,1,1,2,2.8e-05,3.2e-05,0.0999,0.0999
names,2,0,2,5.6e-05,0.0,-0.9987,0.9987
tower,2,0,2,5.6e-05,0.0,-0.9987,0.9987
jumped,2,0,2,5.6e-05,0.0,-0.9987,0.9987
minerals,1,1,2,2.8e-05,3.2e-05,0.0999,0.0999
primarily,0,2,2,0.0,6.5e-05,1.1986,1.1986
approval,1,1,2,2.8e-05,3.2e-05,0.0999,0.0999
dvc,0,2,2,0.0,6.5e-05,1.1986,1.1986
smart,1,1,2,2.8e-05,3.2e-05,0.0999,0.0999
ps4,2,0,2,5.6e-05,0.0,-0.9987,0.9987
instantly,1,1,2,2.8e-05,3.2e-05,0.0999,0.0999
flow,1,1,2,2.8e-05,3.2e-05,0.0999,0.0999
pits,1,1,2,2.8e-05,3.2e-05,0.0999,0.0999
sn,2,0,2,5.6e-05,0.0,-0.9987,0.9987
packed,0,2,2,0.0,6.5e-05,1.1986,1.1986
tan,2,0,2,5.6e-05,0.0,-0.9987,0.9987
killings,0,2,2,0.0,6.5e-05,1.1986,1.1986
anza,0,2,2,0.0,6.5e-05,1.1986,1.1986
met,2,0,2,5.6e-05,0.0,-0.9987,0.9987
function,2,0,2,5.6e-05,0.0,-0.9987,0.9987
bummer,1,1,2,2.8e-05,3.2e-05,0.0999,0.0999
uber,2,0,2,5.6e-05,0.0,-0.9987,0.9987
osborn,0,2,2,0.0,6.5e-05,1.1986,1.1986
prez,1,1,2,2.8e-05,3.2e-05,0.0999,0.0999
achimota,2,0,2,5.6e-05,0.0,-0.9987,0.9987
pill,2,0,2,5.6e-05,0.0,-0.9987,0.9987
ani,0,2,2,0.0,6.5e-05,1.1986,1.1986
innovation,2,0,2,5.6e-05,0.0,-0.9987,0.9987
sons,1,1,2,2.8e-05,3.2e-05,0.0999,0.0999
pcps,2,0,2,5.6e-05,0.0,-0.9987,0.9987
contain,1,1,2,2.8e-05,3.2e-05,0.0999,0.0999
trek,1,1,2,2.8e-05,3.2e-05,0.0999,0.0999
kittens,2,0,2,5.6e-05,0.0,-0.9987,0.9987
doctors,1,1,2,2.8e-05,3.2e-05,0.0999,0.0999
realtime,1,1,2,2.8e-05,3.2e-05,0.0999,0.0999
argument,1,1,2,2.8e-05,3.2e-05,0.0999,0.0999
citys,0,2,2,0.0,6.5e-05,1.1986,1.1986
logan,0,2,2,0.0,6.5e-05,1.1986,1.1986
tor,0,2,2,0.0,6.5e-05,1.1986,1.1986
mistreated,1,1,2,2.8e-05,3.2e-05,0.0999,0.0999
mechanical,1,1,2,2.8e-05,3.2e-05,0.0999,0.0999
grains,2,0,2,5.6e-05,0.0,-0.9987,0.9987
soak,2,0,2,5.6e-05,0.0,-0.9987,0.9987
countynews,0,2,2,0.0,6.5e-05,1.1986,1.1986
denier,0,2,2,0.0,6.5e-05,1.1986,1.1986
myfitnesspal,1,1,2,2.8e-05,3.2e-05,0.0999,0.0999
patna,0,2,2,0.0,6.5e-05,1.1986,1.1986
tlc,2,0,2,5.6e-05,0.0,-0.9987,0.9987
gravel,2,0,2,5.6e-05,0.0,-0.9987,0.9987
parties,2,0,2,5.6e-05,0.0,-0.9987,0.9987
dmpl,2,0,2,5.6e-05,0.0,-0.9987,0.9987
royals,1,1,2,2.8e-05,3.2e-05,0.0999,0.0999
calumet,0,2,2,0.0,6.5e-05,1.1986,1.1986
horn,1,1,2,2.8e-05,3.2e-05,0.0999,0.0999
72w,2,0,2,5.6e-05,0.0,-0.9987,0.9987
hurricanes,1,1,2,2.8e-05,3.2e-05,0.0999,0.0999
shouting,1,1,2,2.8e-05,3.2e-05,0.0999,0.0999
mil,2,0,2,5.6e-05,0.0,-0.9987,0.9987
photoset,1,1,2,2.8e-05,3.2e-05,0.0999,0.0999
standards,0,2,2,0.0,6.5e-05,1.1986,1.1986
protectdenaliwolves,1,1,2,2.8e-05,3.2e-05,0.0999,0.0999
surrounding,0,2,2,0.0,6.5e-05,1.1986,1.1986
ovo,1,1,2,2.8e-05,3.2e-05,0.0999,0.0999
explosives,0,2,2,0.0,6.5e-05,1.1986,1.1986
meg,0,2,2,0.0,6.5e-05,1.1986,1.1986
antonio,1,1,2,2.8e-05,3.2e-05,0.0999,0.0999
outlet,2,0,2,5.6e-05,0.0,-0.9987,0.9987
sponsor,1,1,2,2.8e-05,3.2e-05,0.0999,0.0999
lesson,1,1,2,2.8e-05,3.2e-05,0.0999,0.0999
puppy,2,0,2,5.6e-05,0.0,-0.9987,0.9987
okinawa,0,2,2,0.0,6.5e-05,1.1986,1.1986
thuggin,2,0,2,5.6e-05,0.0,-0.9987,0.9987
ttes,0,2,2,0.0,6.5e-05,1.1986,1.1986
siding,2,0,2,5.6e-05,0.0,-0.9987,0.9987
volleyball,0,2,2,0.0,6.5e-05,1.1986,1.1986
niagara,1,1,2,2.8e-05,3.2e-05,0.0999,0.0999
sorrows,2,0,2,5.6e-05,0.0,-0.9987,0.9987
facility,2,0,2,5.6e-05,0.0,-0.9987,0.9987
generalnews,0,2,2,0.0,6.5e-05,1.1986,1.1986
sharing,2,0,2,5.6e-05,0.0,-0.9987,0.9987
158,1,1,2,2.8e-05,3.2e-05,0.0999,0.0999
motivation,2,0,2,5.6e-05,0.0,-0.9987,0.9987
throat,1,1,2,2.8e-05,3.2e-05,0.0999,0.0999
yesterdays,1,1,2,2.8e-05,3.2e-05,0.0999,0.0999
rainier,1,1,2,2.8e-05,3.2e-05,0.0999,0.0999
3m,2,0,2,5.6e-05,0.0,-0.9987,0.9987
punch,1,1,2,2.8e-05,3.2e-05,0.0999,0.0999
m4,1,1,2,2.8e-05,3.2e-05,0.0999,0.0999
moderate,0,2,2,0.0,6.5e-05,1.1986,1.1986
cement,1,1,2,2.8e-05,3.2e-05,0.0999,0.0999
nuff,0,2,2,0.0,6.5e-05,1.1986,1.1986
contributing,2,0,2,5.6e-05,0.0,-0.9987,0.9987
bestseller,2,0,2,5.6e-05,0.0,-0.9987,0.9987
puncture,1,1,2,2.8e-05,3.2e-05,0.0999,0.0999
dopey,2,0,2,5.6e-05,0.0,-0.9987,0.9987
kisses,2,0,2,5.6e-05,0.0,-0.9987,0.9987
tremor,0,2,2,0.0,6.5e-05,1.1986,1.1986
diaporama,2,0,2,5.6e-05,0.0,-0.9987,0.9987
singles,1,1,2,2.8e-05,3.2e-05,0.0999,0.0999
circus,2,0,2,5.6e-05,0.0,-0.9987,0.9987
junk,2,0,2,5.6e-05,0.0,-0.9987,0.9987
puppies,2,0,2,5.6e-05,0.0,-0.9987,0.9987
available,2,0,2,5.6e-05,0.0,-0.9987,0.9987
auction,2,0,2,5.6e-05,0.0,-0.9987,0.9987
winning,2,0,2,5.6e-05,0.0,-0.9987,0.9987
vault,2,0,2,5.6e-05,0.0,-0.9987,0.9987
delete,2,0,2,5.6e-05,0.0,-0.9987,0.9987
april,1,1,2,2.8e-05,3.2e-05,0.0999,0.0999
remix,2,0,2,5.6e-05,0.0,-0.9987,0.9987
indiannews,0,2,2,0.0,6.5e-05,1.1986,1.1986
banquet,1,1,2,2.8e-05,3.2e-05,0.0999,0.0999
programme,1,1,2,2.8e-05,3.2e-05,0.0999,0.0999
nhl,2,0,2,5.6e-05,0.0,-0.9987,0.9987
hiphop,1,1,2,2.8e-05,3.2e-05,0.0999,0.0999
glasses,1,1,2,2.8e-05,3.2e-05,0.0999,0.0999
grandpa,2,0,2,5.6e-05,0.0,-0.9987,0.9987
exposure,0,2,2,0.0,6.5e-05,1.1986,1.1986
eurotunnel,0,2,2,0.0,6.5e-05,1.1986,1.1986
2012,1,1,2,2.8e-05,3.2e-05,0.0999,0.0999
condos,2,0,2,5.6e-05,0.0,-0.9987,0.9987
looses,0,2,2,0.0,6.5e-05,1.1986,1.1986
cherokee,1,1,2,2.8e-05,3.2e-05,0.0999,0.0999
wowo,1,1,2,2.8e-05,3.2e-05,0.0999,0.0999
indifference,2,0,2,5.6e-05,0.0,-0.9987,0.9987
kiss,1,1,2,2.8e-05,3.2e-05,0.0999,0.0999
proper,2,0,2,5.6e-05,0.0,-0.9987,0.9987
punished,2,0,2,5.6e-05,0.0,-0.9987,0.9987
cards,1,1,2,2.8e-05,3.2e-05,0.0999,0.0999
scenes,1,1,2,2.8e-05,3.2e-05,0.0999,0.0999
nda,2,0,2,5.6e-05,0.0,-0.9987,0.9987
perquisite,1,1,2,2.8e-05,3.2e-05,0.0999,0.0999
oregon,1,1,2,2.8e-05,3.2e-05,0.0999,0.0999
lith,2,0,2,5.6e-05,0.0,-0.9987,0.9987
any1,1,1,2,2.8e-05,3.2e-05,0.0999,0.0999
9am,2,0,2,5.6e-05,0.0,-0.9987,0.9987
whoops,2,0,2,5.6e-05,0.0,-0.9987,0.9987
intensifies,0,2,2,0.0,6.5e-05,1.1986,1.1986
atlantic,1,1,2,2.8e-05,3.2e-05,0.0999,0.0999
showers,1,1,2,2.8e-05,3.2e-05,0.0999,0.0999
inferno,1,1,2,2.8e-05,3.2e-05,0.0999,0.0999
def,2,0,2,5.6e-05,0.0,-0.9987,0.9987
es,1,1,2,2.8e-05,3.2e-05,0.0999,0.0999
encore,2,0,2,5.6e-05,0.0,-0.9987,0.9987
celebrations,2,0,2,5.6e-05,0.0,-0.9987,0.9987
nights,1,1,2,2.8e-05,3.2e-05,0.0999,0.0999
hiding,0,2,2,0.0,6.5e-05,1.1986,1.1986
buffer,1,1,2,2.8e-05,3.2e-05,0.0999,0.0999
gtfo,2,0,2,5.6e-05,0.0,-0.9987,0.9987
vods,1,1,2,2.8e-05,3.2e-05,0.0999,0.0999
finding,1,1,2,2.8e-05,3.2e-05,0.0999,0.0999
ctd,0,2,2,0.0,6.5e-05,1.1986,1.1986
closest,0,2,2,0.0,6.5e-05,1.1986,1.1986
weallheartonedirection,2,0,2,5.6e-05,0.0,-0.9987,0.9987
xv,2,0,2,5.6e-05,0.0,-0.9987,0.9987
woods,0,2,2,0.0,6.5e-05,1.1986,1.1986
wo,1,1,2,2.8e-05,3.2e-05,0.0999,0.0999
upgrading,0,2,2,0.0,6.5e-05,1.1986,1.1986
guides,0,2,2,0.0,6.5e-05,1.1986,1.1986
edge,2,0,2,5.6e-05,0.0,-0.9987,0.9987
delayed,0,2,2,0.0,6.5e-05,1.1986,1.1986
thirst,2,0,2,5.6e-05,0.0,-0.9987,0.9987
sketch,1,1,2,2.8e-05,3.2e-05,0.0999,0.0999
etisalat,2,0,2,5.6e-05,0.0,-0.9987,0.9987
darkest,2,0,2,5.6e-05,0.0,-0.9987,0.9987
stans,2,0,2,5.6e-05,0.0,-0.9987,0.9987
learned,1,1,2,2.8e-05,3.2e-05,0.0999,0.0999
unrest,1,1,2,2.8e-05,3.2e-05,0.0999,0.0999
threaten,0,2,2,0.0,6.5e-05,1.1986,1.1986
hew,2,0,2,5.6e-05,0.0,-0.9987,0.9987
124,1,1,2,2.8e-05,3.2e-05,0.0999,0.0999
uploading,2,0,2,5.6e-05,0.0,-0.9987,0.9987
debatequestionswewanttohear,0,2,2,0.0,6.5e-05,1.1986,1.1986
5s,1,1,2,2.8e-05,3.2e-05,0.0999,0.0999
rails,1,1,2,2.8e-05,3.2e-05,0.0999,0.0999
banerjee,0,2,2,0.0,6.5e-05,1.1986,1.1986
fabric,2,0,2,5.6e-05,0.0,-0.9987,0.9987
pol,1,1,2,2.8e-05,3.2e-05,0.0999,0.0999
fairfax,2,0,2,5.6e-05,0.0,-0.9987,0.9987
treated,0,2,2,0.0,6.5e-05,1.1986,1.1986
carlos,2,0,2,5.6e-05,0.0,-0.9987,0.9987
wedn,0,2,2,0.0,6.5e-05,1.1986,1.1986
brock,2,0,2,5.6e-05,0.0,-0.9987,0.9987
ally,1,1,2,2.8e-05,3.2e-05,0.0999,0.0999
pathogen,1,1,2,2.8e-05,3.2e-05,0.0999,0.0999
trillion,1,1,2,2.8e-05,3.2e-05,0.0999,0.0999
overload,2,0,2,5.6e-05,0.0,-0.9987,0.9987
worldwide,2,0,2,5.6e-05,0.0,-0.9987,0.9987
locked,2,0,2,5.6e-05,0.0,-0.9987,0.9987
nv,0,2,2,0.0,6.5e-05,1.1986,1.1986
chem,2,0,2,5.6e-05,0.0,-0.9987,0.9987
shooter,1,1,2,2.8e-05,3.2e-05,0.0999,0.0999
douchebag,1,1,2,2.8e-05,3.2e-05,0.0999,0.0999
fist,2,0,2,5.6e-05,0.0,-0.9987,0.9987
announces,1,1,2,2.8e-05,3.2e-05,0.0999,0.0999
whoa,1,1,2,2.8e-05,3.2e-05,0.0999,0.0999
nylon,2,0,2,5.6e-05,0.0,-0.9987,0.9987
rogue,0,2,2,0.0,6.5e-05,1.1986,1.1986
tunein,1,1,2,2.8e-05,3.2e-05,0.0999,0.0999
authentic,2,0,2,5.6e-05,0.0,-0.9987,0.9987
ihhen,0,2,2,0.0,6.5e-05,1.1986,1.1986
freespeech,1,1,2,2.8e-05,3.2e-05,0.0999,0.0999
yonews,0,2,2,0.0,6.5e-05,1.1986,1.1986
dozen,0,2,2,0.0,6.5e-05,1.1986,1.1986
interstate,0,2,2,0.0,6.5e-05,1.1986,1.1986
tanzania,1,1,2,2.8e-05,3.2e-05,0.0999,0.0999
seal,0,2,2,0.0,6.5e-05,1.1986,1.1986
dystopian,2,0,2,5.6e-05,0.0,-0.9987,0.9987
chat,2,0,2,5.6e-05,0.0,-0.9987,0.9987
emails,2,0,2,5.6e-05,0.0,-0.9987,0.9987
mmmmmm,1,1,2,2.8e-05,3.2e-05,0.0999,0.0999
ironic,0,2,2,0.0,6.5e-05,1.1986,1.1986
bumper,2,0,2,5.6e-05,0.0,-0.9987,0.9987
rapidcity,0,2,2,0.0,6.5e-05,1.1986,1.1986
mississauga,1,1,2,2.8e-05,3.2e-05,0.0999,0.0999
saint,1,1,2,2.8e-05,3.2e-05,0.0999,0.0999
slipped,0,2,2,0.0,6.5e-05,1.1986,1.1986
knight,1,1,2,2.8e-05,3.2e-05,0.0999,0.0999
peak,1,1,2,2.8e-05,3.2e-05,0.0999,0.0999
talkin,1,1,2,2.8e-05,3.2e-05,0.0999,0.0999
oneself,2,0,2,5.6e-05,0.0,-0.9987,0.9987
sica,0,2,2,0.0,6.5e-05,1.1986,1.1986
hockey,2,0,2,5.6e-05,0.0,-0.9987,0.9987
horizon,1,1,2,2.8e-05,3.2e-05,0.0999,0.0999
scwx,1,1,2,2.8e-05,3.2e-05,0.0999,0.0999
typical,2,0,2,5.6e-05,0.0,-0.9987,0.9987
nor,2,0,2,5.6e-05,0.0,-0.9987,0.9987
adults,1,1,2,2.8e-05,3.2e-05,0.0999,0.0999
mafia,2,0,2,5.6e-05,0.0,-0.9987,0.9987
ac,2,0,2,5.6e-05,0.0,-0.9987,0.9987
jennifer,2,0,2,5.6e-05,0.0,-0.9987,0.9987
appointment,1,1,2,2.8e-05,3.2e-05,0.0999,0.0999
mooresville,0,2,2,0.0,6.5e-05,1.1986,1.1986
gloucester,0,2,2,0.0,6.5e-05,1.1986,1.1986
thief,2,0,2,5.6e-05,0.0,-0.9987,0.9987
paid,2,0,2,5.6e-05,0.0,-0.9987,0.9987
tak,1,1,2,2.8e-05,3.2e-05,0.0999,0.0999
gary,1,1,2,2.8e-05,3.2e-05,0.0999,0.0999
proposed,0,2,2,0.0,6.5e-05,1.1986,1.1986
rammed,0,2,2,0.0,6.5e-05,1.1986,1.1986
geometric,2,0,2,5.6e-05,0.0,-0.9987,0.9987
hadnt,1,1,2,2.8e-05,3.2e-05,0.0999,0.0999
stocks,2,0,2,5.6e-05,0.0,-0.9987,0.9987
wrist,2,0,2,5.6e-05,0.0,-0.9987,0.9987
cracking,2,0,2,5.6e-05,0.0,-0.9987,0.9987
facing,1,1,2,2.8e-05,3.2e-05,0.0999,0.0999
garfield,0,2,2,0.0,6.5e-05,1.1986,1.1986
giveaway,2,0,2,5.6e-05,0.0,-0.9987,0.9987
dakota,1,1,2,2.8e-05,3.2e-05,0.0999,0.0999
touched,1,1,2,2.8e-05,3.2e-05,0.0999,0.0999
pan,1,1,2,2.8e-05,3.2e-05,0.0999,0.0999
asics,2,0,2,5.6e-05,0.0,-0.9987,0.9987
raung,0,2,2,0.0,6.5e-05,1.1986,1.1986
cm,0,2,2,0.0,6.5e-05,1.1986,1.1986
po,2,0,2,5.6e-05,0.0,-0.9987,0.9987
wpri,2,0,2,5.6e-05,0.0,-0.9987,0.9987
spontaneously,0,2,2,0.0,6.5e-05,1.1986,1.1986
lines,0,2,2,0.0,6.5e-05,1.1986,1.1986
wipp,1,1,2,2.8e-05,3.2e-05,0.0999,0.0999
1023,1,1,2,2.8e-05,3.2e-05,0.0999,0.0999
complications,0,2,2,0.0,6.5e-05,1.1986,1.1986
dickheads,2,0,2,5.6e-05,0.0,-0.9987,0.9987
lubbock,0,2,2,0.0,6.5e-05,1.1986,1.1986
uh,2,0,2,5.6e-05,0.0,-0.9987,0.9987
feelin,2,0,2,5.6e-05,0.0,-0.9987,0.9987
bail,0,2,2,0.0,6.5e-05,1.1986,1.1986
placing,1,1,2,2.8e-05,3.2e-05,0.0999,0.0999
ruebs,2,0,2,5.6e-05,0.0,-0.9987,0.9987
stresses,2,0,2,5.6e-05,0.0,-0.9987,0.9987
whomever,2,0,2,5.6e-05,0.0,-0.9987,0.9987
exterminate,1,1,2,2.8e-05,3.2e-05,0.0999,0.0999
product,2,0,2,5.6e-05,0.0,-0.9987,0.9987
plummeted,1,1,2,2.8e-05,3.2e-05,0.0999,0.0999
planes,1,1,2,2.8e-05,3.2e-05,0.0999,0.0999
busy,1,1,2,2.8e-05,3.2e-05,0.0999,0.0999
restive,0,2,2,0.0,6.5e-05,1.1986,1.1986
ignore,0,2,2,0.0,6.5e-05,1.1986,1.1986
wud,1,1,2,2.8e-05,3.2e-05,0.0999,0.0999
killers,1,1,2,2.8e-05,3.2e-05,0.0999,0.0999
everybody,2,0,2,5.6e-05,0.0,-0.9987,0.9987
bago,0,2,2,0.0,6.5e-05,1.1986,1.1986
tigers,1,1,2,2.8e-05,3.2e-05,0.0999,0.0999
49,1,1,2,2.8e-05,3.2e-05,0.0999,0.0999
a1,1,1,2,2.8e-05,3.2e-05,0.0999,0.0999
creates,2,0,2,5.6e-05,0.0,-0.9987,0.9987
didn,1,1,2,2.8e-05,3.2e-05,0.0999,0.0999
ki,1,1,2,2.8e-05,3.2e-05,0.0999,0.0999
master,2,0,2,5.6e-05,0.0,-0.9987,0.9987
michele,2,0,2,5.6e-05,0.0,-0.9987,0.9987
growingupblack,2,0,2,5.6e-05,0.0,-0.9987,0.9987
chevrolet,1,1,2,2.8e-05,3.2e-05,0.0999,0.0999
wannabe,2,0,2,5.6e-05,0.0,-0.9987,0.9987
sell,1,1,2,2.8e-05,3.2e-05,0.0999,0.0999
pretend,1,1,2,2.8e-05,3.2e-05,0.0999,0.0999
decor,0,2,2,0.0,6.5e-05,1.1986,1.1986
civilization,1,1,2,2.8e-05,3.2e-05,0.0999,0.0999
rene,2,0,2,5.6e-05,0.0,-0.9987,0.9987
selection,1,1,2,2.8e-05,3.2e-05,0.0999,0.0999
skanndtyagi,2,0,2,5.6e-05,0.0,-0.9987,0.9987
sounding,1,1,2,2.8e-05,3.2e-05,0.0999,0.0999
atk,2,0,2,5.6e-05,0.0,-0.9987,0.9987
skys,1,1,2,2.8e-05,3.2e-05,0.0999,0.0999
cleric,0,2,2,0.0,6.5e-05,1.1986,1.1986
elsa,2,0,2,5.6e-05,0.0,-0.9987,0.9987
dealbreaker,0,2,2,0.0,6.5e-05,1.1986,1.1986
troubling,0,2,2,0.0,6.5e-05,1.1986,1.1986
cyprus,0,2,2,0.0,6.5e-05,1.1986,1.1986
diff,2,0,2,5.6e-05,0.0,-0.9987,0.9987
hiroshima70,0,2,2,0.0,6.5e-05,1.1986,1.1986
trading,2,0,2,5.6e-05,0.0,-0.9987,0.9987
zones,1,1,2,2.8e-05,3.2e-05,0.0999,0.0999
steal,2,0,2,5.6e-05,0.0,-0.9987,0.9987
retract,0,2,2,0.0,6.5e-05,1.1986,1.1986
tens,1,1,2,2.8e-05,3.2e-05,0.0999,0.0999
favor,2,0,2,5.6e-05,0.0,-0.9987,0.9987
kurd,0,2,2,0.0,6.5e-05,1.1986,1.1986
5sos,2,0,2,5.6e-05,0.0,-0.9987,0.9987
9pm,2,0,2,5.6e-05,0.0,-0.9987,0.9987
titanic,1,1,2,2.8e-05,3.2e-05,0.0999,0.0999
loads,2,0,2,5.6e-05,0.0,-0.9987,0.9987
ohh,0,2,2,0.0,6.5e-05,1.1986,1.1986
twos,1,1,2,2.8e-05,3.2e-05,0.0999,0.0999
clever,2,0,2,5.6e-05,0.0,-0.9987,0.9987
tc,2,0,2,5.6e-05,0.0,-0.9987,0.9987
customers,1,1,2,2.8e-05,3.2e-05,0.0999,0.0999
fantasticfour,2,0,2,5.6e-05,0.0,-0.9987,0.9987
contrast,2,0,2,5.6e-05,0.0,-0.9987,0.9987
detouring,0,2,2,0.0,6.5e-05,1.1986,1.1986
12news,0,2,2,0.0,6.5e-05,1.1986,1.1986
temperature,1,1,2,2.8e-05,3.2e-05,0.0999,0.0999
fella,2,0,2,5.6e-05,0.0,-0.9987,0.9987
parade,1,1,2,2.8e-05,3.2e-05,0.0999,0.0999
handling,0,2,2,0.0,6.5e-05,1.1986,1.1986
starving,1,1,2,2.8e-05,3.2e-05,0.0999,0.0999
pickens,0,2,2,0.0,6.5e-05,1.1986,1.1986
ay,1,1,2,2.8e-05,3.2e-05,0.0999,0.0999
cheat,2,0,2,5.6e-05,0.0,-0.9987,0.9987
neighbors,0,2,2,0.0,6.5e-05,1.1986,1.1986
artist,2,0,2,5.6e-05,0.0,-0.9987,0.9987
rss,1,1,2,2.8e-05,3.2e-05,0.0999,0.0999
seduction,2,0,2,5.6e-05,0.0,-0.9987,0.9987
hypocrisy,1,1,2,2.8e-05,3.2e-05,0.0999,0.0999
fm,1,1,2,2.8e-05,3.2e-05,0.0999,0.0999
fold,1,1,2,2.8e-05,3.2e-05,0.0999,0.0999
strict,0,2,2,0.0,6.5e-05,1.1986,1.1986
sibling,2,0,2,5.6e-05,0.0,-0.9987,0.9987
brazilian,2,0,2,5.6e-05,0.0,-0.9987,0.9987
elizabeth,1,1,2,2.8e-05,3.2e-05,0.0999,0.0999
rejects,1,1,2,2.8e-05,3.2e-05,0.0999,0.0999
supply,1,1,2,2.8e-05,3.2e-05,0.0999,0.0999
gif,1,1,2,2.8e-05,3.2e-05,0.0999,0.0999
cosponsor,0,2,2,0.0,6.5e-05,1.1986,1.1986
cbs,0,2,2,0.0,6.5e-05,1.1986,1.1986
linerless,2,0,2,5.6e-05,0.0,-0.9987,0.9987
scuf,2,0,2,5.6e-05,0.0,-0.9987,0.9987
cliffs,2,0,2,5.6e-05,0.0,-0.9987,0.9987
announced,0,2,2,0.0,6.5e-05,1.1986,1.1986
bugs,2,0,2,5.6e-05,0.0,-0.9987,0.9987
witness,1,1,2,2.8e-05,3.2e-05,0.0999,0.0999
refuse,1,1,2,2.8e-05,3.2e-05,0.0999,0.0999
taught,0,2,2,0.0,6.5e-05,1.1986,1.1986
unrelenting,0,2,2,0.0,6.5e-05,1.1986,1.1986
relive,2,0,2,5.6e-05,0.0,-0.9987,0.9987
escaped,1,1,2,2.8e-05,3.2e-05,0.0999,0.0999
redeemeth,2,0,2,5.6e-05,0.0,-0.9987,0.9987
lt,0,2,2,0.0,6.5e-05,1.1986,1.1986
phase,0,2,2,0.0,6.5e-05,1.1986,1.1986
cheap,1,1,2,2.8e-05,3.2e-05,0.0999,0.0999
demi,1,1,2,2.8e-05,3.2e-05,0.0999,0.0999
lawsuit,2,0,2,5.6e-05,0.0,-0.9987,0.9987
pocket,2,0,2,5.6e-05,0.0,-0.9987,0.9987
backpack,1,1,2,2.8e-05,3.2e-05,0.0999,0.0999
lansdowne,0,2,2,0.0,6.5e-05,1.1986,1.1986
61st,0,2,2,0.0,6.5e-05,1.1986,1.1986
mukilteo,0,2,2,0.0,6.5e-05,1.1986,1.1986
incredibly,1,1,2,2.8e-05,3.2e-05,0.0999,0.0999
endures,2,0,2,5.6e-05,0.0,-0.9987,0.9987
ntsb,0,2,2,0.0,6.5e-05,1.1986,1.1986
chattanooga,0,2,2,0.0,6.5e-05,1.1986,1.1986
avengers,1,1,2,2.8e-05,3.2e-05,0.0999,0.0999
teeth,2,0,2,5.6e-05,0.0,-0.9987,0.9987
tha,1,1,2,2.8e-05,3.2e-05,0.0999,0.0999
murders,0,2,2,0.0,6.5e-05,1.1986,1.1986
completed,1,1,2,2.8e-05,3.2e-05,0.0999,0.0999
115,0,2,2,0.0,6.5e-05,1.1986,1.1986
requiring,1,1,2,2.8e-05,3.2e-05,0.0999,0.0999
rcmp,0,2,2,0.0,6.5e-05,1.1986,1.1986
scream,2,0,2,5.6e-05,0.0,-0.9987,0.9987
basis,2,0,2,5.6e-05,0.0,-0.9987,0.9987
swept,1,1,2,2.8e-05,3.2e-05,0.0999,0.0999
lions,1,1,2,2.8e-05,3.2e-05,0.0999,0.0999
kidding,2,0,2,5.6e-05,0.0,-0.9987,0.9987
barrier,0,2,2,0.0,6.5e-05,1.1986,1.1986
thrones,2,0,2,5.6e-05,0.0,-0.9987,0.9987
magner,2,0,2,5.6e-05,0.0,-0.9987,0.9987
9000,0,2,2,0.0,6.5e-05,1.1986,1.1986
count,0,2,2,0.0,6.5e-05,1.1986,1.1986
prevention,1,1,2,2.8e-05,3.2e-05,0.0999,0.0999
guest,2,0,2,5.6e-05,0.0,-0.9987,0.9987
sony,2,0,2,5.6e-05,0.0,-0.9987,0.9987
58,0,2,2,0.0,6.5e-05,1.1986,1.1986
cuff,2,0,2,5.6e-05,0.0,-0.9987,0.9987
henry,1,1,2,2.8e-05,3.2e-05,0.0999,0.0999
ashley,1,1,2,2.8e-05,3.2e-05,0.0999,0.0999
alois,2,0,2,5.6e-05,0.0,-0.9987,0.9987
lmfaoooo,1,1,2,2.8e-05,3.2e-05,0.0999,0.0999
birmingham,0,2,2,0.0,6.5e-05,1.1986,1.1986
edit,2,0,2,5.6e-05,0.0,-0.9987,0.9987
tita,2,0,2,5.6e-05,0.0,-0.9987,0.9987
elbow,2,0,2,5.6e-05,0.0,-0.9987,0.9987
fir,2,0,2,5.6e-05,0.0,-0.9987,0.9987
firefighting,0,2,2,0.0,6.5e-05,1.1986,1.1986
furious,1,1,2,2.8e-05,3.2e-05,0.0999,0.0999
hospitals,0,2,2,0.0,6.5e-05,1.1986,1.1986
carolina,0,2,2,0.0,6.5e-05,1.1986,1.1986
wfp,0,2,2,0.0,6.5e-05,1.1986,1.1986
affiliate,2,0,2,5.6e-05,0.0,-0.9987,0.9987
apt,0,2,2,0.0,6.5e-05,1.1986,1.1986
ssw,0,2,2,0.0,6.5e-05,1.1986,1.1986
steak,2,0,2,5.6e-05,0.0,-0.9987,0.9987
premiere,1,1,2,2.8e-05,3.2e-05,0.0999,0.0999
7a,1,1,2,2.8e-05,3.2e-05,0.0999,0.0999
dumb,1,1,2,2.8e-05,3.2e-05,0.0999,0.0999
fragile,1,1,2,2.8e-05,3.2e-05,0.0999,0.0999
bloomberg,1,1,2,2.8e-05,3.2e-05,0.0999,0.0999
3x,2,0,2,5.6e-05,0.0,-0.9987,0.9987
simulation,1,1,2,2.8e-05,3.2e-05,0.0999,0.0999
hysteria,1,1,2,2.8e-05,3.2e-05,0.0999,0.0999
ironically,2,0,2,5.6e-05,0.0,-0.9987,0.9987
cried,2,0,2,5.6e-05,0.0,-0.9987,0.9987
mariah,1,1,2,2.8e-05,3.2e-05,0.0999,0.0999
visibility,0,2,2,0.0,6.5e-05,1.1986,1.1986
throwback,2,0,2,5.6e-05,0.0,-0.9987,0.9987
slides,1,1,2,2.8e-05,3.2e-05,0.0999,0.0999
managed,1,1,2,2.8e-05,3.2e-05,0.0999,0.0999
satan,2,0,2,5.6e-05,0.0,-0.9987,0.9987
laois,2,0,2,5.6e-05,0.0,-0.9987,0.9987
samel,2,0,2,5.6e-05,0.0,-0.9987,0.9987
scariest,0,2,2,0.0,6.5e-05,1.1986,1.1986
mania,1,1,2,2.8e-05,3.2e-05,0.0999,0.0999
autistic,0,2,2,0.0,6.5e-05,1.1986,1.1986
upgraded,1,1,2,2.8e-05,3.2e-05,0.0999,0.0999
excuse,1,1,2,2.8e-05,3.2e-05,0.0999,0.0999
appreciated,1,1,2,2.8e-05,3.2e-05,0.0999,0.0999
56,0,2,2,0.0,6.5e-05,1.1986,1.1986
retweeted,2,0,2,5.6e-05,0.0,-0.9987,0.9987
njenga,0,2,2,0.0,6.5e-05,1.1986,1.1986
push,1,1,2,2.8e-05,3.2e-05,0.0999,0.0999
4500,2,0,2,5.6e-05,0.0,-0.9987,0.9987
ks94,0,2,2,0.0,6.5e-05,1.1986,1.1986
poorly,2,0,2,5.6e-05,0.0,-0.9987,0.9987
diarrhea,2,0,2,5.6e-05,0.0,-0.9987,0.9987
applies,1,1,2,2.8e-05,3.2e-05,0.0999,0.0999
2016,1,1,2,2.8e-05,3.2e-05,0.0999,0.0999
pit,0,2,2,0.0,6.5e-05,1.1986,1.1986
wouldn,2,0,2,5.6e-05,0.0,-0.9987,0.9987
shore,0,2,2,0.0,6.5e-05,1.1986,1.1986
channels,2,0,2,5.6e-05,0.0,-0.9987,0.9987
bright,2,0,2,5.6e-05,0.0,-0.9987,0.9987
association,1,1,2,2.8e-05,3.2e-05,0.0999,0.0999
sail,2,0,2,5.6e-05,0.0,-0.9987,0.9987
settle,1,1,2,2.8e-05,3.2e-05,0.0999,0.0999
thighs,2,0,2,5.6e-05,0.0,-0.9987,0.9987
tutor,1,1,2,2.8e-05,3.2e-05,0.0999,0.0999
offr,0,2,2,0.0,6.5e-05,1.1986,1.1986
208,0,2,2,0.0,6.5e-05,1.1986,1.1986
rotten,2,0,2,5.6e-05,0.0,-0.9987,0.9987
recommended,1,1,2,2.8e-05,3.2e-05,0.0999,0.0999
belief,1,1,2,2.8e-05,3.2e-05,0.0999,0.0999
offices,1,1,2,2.8e-05,3.2e-05,0.0999,0.0999
hush,2,0,2,5.6e-05,0.0,-0.9987,0.9987
float,1,1,2,2.8e-05,3.2e-05,0.0999,0.0999
syndrome,1,1,2,2.8e-05,3.2e-05,0.0999,0.0999
acc,1,1,2,2.8e-05,3.2e-05,0.0999,0.0999
shelli,2,0,2,5.6e-05,0.0,-0.9987,0.9987
publicizing,1,1,2,2.8e-05,3.2e-05,0.0999,0.0999
shantae,2,0,2,5.6e-05,0.0,-0.9987,0.9987
holmgren,1,1,2,2.8e-05,3.2e-05,0.0999,0.0999
violations,0,2,2,0.0,6.5e-05,1.1986,1.1986
rifles,1,1,2,2.8e-05,3.2e-05,0.0999,0.0999
themed,1,1,2,2.8e-05,3.2e-05,0.0999,0.0999
weakening,0,2,2,0.0,6.5e-05,1.1986,1.1986
barry,2,0,2,5.6e-05,0.0,-0.9987,0.9987
bread,2,0,2,5.6e-05,0.0,-0.9987,0.9987
enhanced,1,1,2,2.8e-05,3.2e-05,0.0999,0.0999
cart,2,0,2,5.6e-05,0.0,-0.9987,0.9987
holds,2,0,2,5.6e-05,0.0,-0.9987,0.9987
impending,1,1,2,2.8e-05,3.2e-05,0.0999,0.0999
troy,1,1,2,2.8e-05,3.2e-05,0.0999,0.0999
firetruck,1,1,2,2.8e-05,3.2e-05,0.0999,0.0999
muzzamil,0,2,2,0.0,6.5e-05,1.1986,1.1986
pp,1,1,2,2.8e-05,3.2e-05,0.0999,0.0999
cameo,2,0,2,5.6e-05,0.0,-0.9987,0.9987
batting,1,1,2,2.8e-05,3.2e-05,0.0999,0.0999
forbid,1,1,2,2.8e-05,3.2e-05,0.0999,0.0999
insomnia,0,2,2,0.0,6.5e-05,1.1986,1.1986
oooooohhhh,1,1,2,2.8e-05,3.2e-05,0.0999,0.0999
bump,1,1,2,2.8e-05,3.2e-05,0.0999,0.0999
proud,1,1,2,2.8e-05,3.2e-05,0.0999,0.0999
friendly,0,2,2,0.0,6.5e-05,1.1986,1.1986
tides,1,1,2,2.8e-05,3.2e-05,0.0999,0.0999
breathing,1,1,2,2.8e-05,3.2e-05,0.0999,0.0999
jacque,2,0,2,5.6e-05,0.0,-0.9987,0.9987
boise,0,2,2,0.0,6.5e-05,1.1986,1.1986
personally,2,0,2,5.6e-05,0.0,-0.9987,0.9987
diplomacy,0,2,2,0.0,6.5e-05,1.1986,1.1986
equally,2,0,2,5.6e-05,0.0,-0.9987,0.9987
bicep,1,1,2,2.8e-05,3.2e-05,0.0999,0.0999
tanks,1,1,2,2.8e-05,3.2e-05,0.0999,0.0999
lakes,1,1,2,2.8e-05,3.2e-05,0.0999,0.0999
kosciusko,1,1,2,2.8e-05,3.2e-05,0.0999,0.0999
fees,1,1,2,2.8e-05,3.2e-05,0.0999,0.0999
diego,1,1,2,2.8e-05,3.2e-05,0.0999,0.0999
bounds,1,1,2,2.8e-05,3.2e-05,0.0999,0.0999
jonathanferrell,1,1,2,2.8e-05,3.2e-05,0.0999,0.0999
artificial,1,1,2,2.8e-05,3.2e-05,0.0999,0.0999
midwest,0,2,2,0.0,6.5e-05,1.1986,1.1986
desk,2,0,2,5.6e-05,0.0,-0.9987,0.9987
163,0,2,2,0.0,6.5e-05,1.1986,1.1986
jose,2,0,2,5.6e-05,0.0,-0.9987,0.9987
sham,2,0,2,5.6e-05,0.0,-0.9987,0.9987
sticks,2,0,2,5.6e-05,0.0,-0.9987,0.9987
forth,2,0,2,5.6e-05,0.0,-0.9987,0.9987
brooke,2,0,2,5.6e-05,0.0,-0.9987,0.9987
reinstate,1,1,2,2.8e-05,3.2e-05,0.0999,0.0999
austin,1,1,2,2.8e-05,3.2e-05,0.0999,0.0999
96,1,1,2,2.8e-05,3.2e-05,0.0999,0.0999
elkhorn,0,2,2,0.0,6.5e-05,1.1986,1.1986
pillows,2,0,2,5.6e-05,0.0,-0.9987,0.9987
betz,2,0,2,5.6e-05,0.0,-0.9987,0.9987
dhs,0,2,2,0.0,6.5e-05,1.1986,1.1986
truelove,2,0,2,5.6e-05,0.0,-0.9987,0.9987
crude,0,2,2,0.0,6.5e-05,1.1986,1.1986
lolol,2,0,2,5.6e-05,0.0,-0.9987,0.9987
zimbabwe,2,0,2,5.6e-05,0.0,-0.9987,0.9987
teases,2,0,2,5.6e-05,0.0,-0.9987,0.9987
1600,1,1,2,2.8e-05,3.2e-05,0.0999,0.0999
wednesdays,2,0,2,5.6e-05,0.0,-0.9987,0.9987
monitoring,1,1,2,2.8e-05,3.2e-05,0.0999,0.0999
approach,0,2,2,0.0,6.5e-05,1.1986,1.1986
mourns,1,1,2,2.8e-05,3.2e-05,0.0999,0.0999
attraction,2,0,2,5.6e-05,0.0,-0.9987,0.9987
heartbreak,1,1,2,2.8e-05,3.2e-05,0.0999,0.0999
teens,2,0,2,5.6e-05,0.0,-0.9987,0.9987
bethlehem,0,2,2,0.0,6.5e-05,1.1986,1.1986
gambit,1,1,2,2.8e-05,3.2e-05,0.0999,0.0999
railways,0,2,2,0.0,6.5e-05,1.1986,1.1986
zss,2,0,2,5.6e-05,0.0,-0.9987,0.9987
dukes,2,0,2,5.6e-05,0.0,-0.9987,0.9987
purchased,1,1,2,2.8e-05,3.2e-05,0.0999,0.0999
headlines,1,1,2,2.8e-05,3.2e-05,0.0999,0.0999
continually,0,2,2,0.0,6.5e-05,1.1986,1.1986
aggressive,2,0,2,5.6e-05,0.0,-0.9987,0.9987
lionel,2,0,2,5.6e-05,0.0,-0.9987,0.9987
bakeofffriends,2,0,2,5.6e-05,0.0,-0.9987,0.9987
underwater,1,1,2,2.8e-05,3.2e-05,0.0999,0.0999
pitchers,2,0,2,5.6e-05,0.0,-0.9987,0.9987
priority,0,2,2,0.0,6.5e-05,1.1986,1.1986
downstairs,2,0,2,5.6e-05,0.0,-0.9987,0.9987
tweetlikeitsseptember11th2001,0,2,2,0.0,6.5e-05,1.1986,1.1986
climatechange,0,2,2,0.0,6.5e-05,1.1986,1.1986
tasmanias,0,2,2,0.0,6.5e-05,1.1986,1.1986
unnecessary,1,1,2,2.8e-05,3.2e-05,0.0999,0.0999
razing,0,2,2,0.0,6.5e-05,1.1986,1.1986
cairo,0,2,2,0.0,6.5e-05,1.1986,1.1986
cta,0,2,2,0.0,6.5e-05,1.1986,1.1986
musicians,2,0,2,5.6e-05,0.0,-0.9987,0.9987
dlh,0,2,2,0.0,6.5e-05,1.1986,1.1986
gallipoli,1,1,2,2.8e-05,3.2e-05,0.0999,0.0999
diablo,2,0,2,5.6e-05,0.0,-0.9987,0.9987
excitement,2,0,2,5.6e-05,0.0,-0.9987,0.9987
sis,1,1,2,2.8e-05,3.2e-05,0.0999,0.0999
helpline,0,2,2,0.0,6.5e-05,1.1986,1.1986
a5,0,2,2,0.0,6.5e-05,1.1986,1.1986
certificate,1,1,2,2.8e-05,3.2e-05,0.0999,0.0999
stockton,0,2,2,0.0,6.5e-05,1.1986,1.1986
gaining,1,1,2,2.8e-05,3.2e-05,0.0999,0.0999
glenn,1,1,2,2.8e-05,3.2e-05,0.0999,0.0999
trash,0,2,2,0.0,6.5e-05,1.1986,1.1986
nan,2,0,2,5.6e-05,0.0,-0.9987,0.9987
windy,1,1,2,2.8e-05,3.2e-05,0.0999,0.0999
cancelled,1,1,2,2.8e-05,3.2e-05,0.0999,0.0999
summertime,1,1,2,2.8e-05,3.2e-05,0.0999,0.0999
awwww,1,1,2,2.8e-05,3.2e-05,0.0999,0.0999
montgomery,0,2,2,0.0,6.5e-05,1.1986,1.1986
como,2,0,2,5.6e-05,0.0,-0.9987,0.9987
tokyo,1,1,2,2.8e-05,3.2e-05,0.0999,0.0999
moulding,1,1,2,2.8e-05,3.2e-05,0.0999,0.0999
emerg,0,2,2,0.0,6.5e-05,1.1986,1.1986
native,1,1,2,2.8e-05,3.2e-05,0.0999,0.0999
hood,1,1,2,2.8e-05,3.2e-05,0.0999,0.0999
assisting,0,2,2,0.0,6.5e-05,1.1986,1.1986
miyagi,0,2,2,0.0,6.5e-05,1.1986,1.1986
hutch,2,0,2,5.6e-05,0.0,-0.9987,0.9987
novel,0,2,2,0.0,6.5e-05,1.1986,1.1986
cheryl,2,0,2,5.6e-05,0.0,-0.9987,0.9987
epicenter,0,2,2,0.0,6.5e-05,1.1986,1.1986
luchaunderground,2,0,2,5.6e-05,0.0,-0.9987,0.9987
267,0,2,2,0.0,6.5e-05,1.1986,1.1986
tony,0,2,2,0.0,6.5e-05,1.1986,1.1986
squeeze,2,0,2,5.6e-05,0.0,-0.9987,0.9987
coworker,1,1,2,2.8e-05,3.2e-05,0.0999,0.0999
watertown,0,2,2,0.0,6.5e-05,1.1986,1.1986
cawx,0,2,2,0.0,6.5e-05,1.1986,1.1986
copycats,2,0,2,5.6e-05,0.0,-0.9987,0.9987
ouvindo,2,0,2,5.6e-05,0.0,-0.9987,0.9987
priorities,2,0,2,5.6e-05,0.0,-0.9987,0.9987
rb,2,0,2,5.6e-05,0.0,-0.9987,0.9987
architecture,1,1,2,2.8e-05,3.2e-05,0.0999,0.0999
bites,1,1,2,2.8e-05,3.2e-05,0.0999,0.0999
personnel,1,1,2,2.8e-05,3.2e-05,0.0999,0.0999
investing,1,1,2,2.8e-05,3.2e-05,0.0999,0.0999
protesting,1,1,2,2.8e-05,3.2e-05,0.0999,0.0999
overtime,2,0,2,5.6e-05,0.0,-0.9987,0.9987
cancels,0,2,2,0.0,6.5e-05,1.1986,1.1986
albany,1,1,2,2.8e-05,3.2e-05,0.0999,0.0999
possibility,1,1,2,2.8e-05,3.2e-05,0.0999,0.0999
despair,2,0,2,5.6e-05,0.0,-0.9987,0.9987
barack,0,2,2,0.0,6.5e-05,1.1986,1.1986
approves,1,1,2,2.8e-05,3.2e-05,0.0999,0.0999
alerts,0,2,2,0.0,6.5e-05,1.1986,1.1986
concrete,2,0,2,5.6e-05,0.0,-0.9987,0.9987
firey,1,1,2,2.8e-05,3.2e-05,0.0999,0.0999
hoes,1,1,2,2.8e-05,3.2e-05,0.0999,0.0999
7p,0,2,2,0.0,6.5e-05,1.1986,1.1986
rich,2,0,2,5.6e-05,0.0,-0.9987,0.9987
lnp,2,0,2,5.6e-05,0.0,-0.9987,0.9987
battered,0,2,2,0.0,6.5e-05,1.1986,1.1986
backup,1,1,2,2.8e-05,3.2e-05,0.0999,0.0999
professional,1,1,2,2.8e-05,3.2e-05,0.0999,0.0999
grenades,0,2,2,0.0,6.5e-05,1.1986,1.1986
worn,2,0,2,5.6e-05,0.0,-0.9987,0.9987
ch4,1,1,2,2.8e-05,3.2e-05,0.0999,0.0999
mouth,1,1,2,2.8e-05,3.2e-05,0.0999,0.0999
1979,1,1,2,2.8e-05,3.2e-05,0.0999,0.0999
document,1,1,2,2.8e-05,3.2e-05,0.0999,0.0999
gawx,0,2,2,0.0,6.5e-05,1.1986,1.1986
drama,2,0,2,5.6e-05,0.0,-0.9987,0.9987
fortune,2,0,2,5.6e-05,0.0,-0.9987,0.9987
addiction,2,0,2,5.6e-05,0.0,-0.9987,0.9987
salty,2,0,2,5.6e-05,0.0,-0.9987,0.9987
arnhem,0,2,2,0.0,6.5e-05,1.1986,1.1986
defects,1,1,2,2.8e-05,3.2e-05,0.0999,0.0999
llf,0,2,2,0.0,6.5e-05,1.1986,1.1986
grandeur,2,0,2,5.6e-05,0.0,-0.9987,0.9987
engage,1,1,2,2.8e-05,3.2e-05,0.0999,0.0999
cab,1,1,2,2.8e-05,3.2e-05,0.0999,0.0999
partnerships,1,1,2,2.8e-05,3.2e-05,0.0999,0.0999
soft,1,1,2,2.8e-05,3.2e-05,0.0999,0.0999
sake,1,1,2,2.8e-05,3.2e-05,0.0999,0.0999
bits,1,1,2,2.8e-05,3.2e-05,0.0999,0.0999
expand,1,1,2,2.8e-05,3.2e-05,0.0999,0.0999
perspectives,0,2,2,0.0,6.5e-05,1.1986,1.1986
dances,2,0,2,5.6e-05,0.0,-0.9987,0.9987
accept,1,1,2,2.8e-05,3.2e-05,0.0999,0.0999
meets,0,2,2,0.0,6.5e-05,1.1986,1.1986
bn,1,1,2,2.8e-05,3.2e-05,0.0999,0.0999
diverse,2,0,2,5.6e-05,0.0,-0.9987,0.9987
ad,2,0,2,5.6e-05,0.0,-0.9987,0.9987
naval,0,2,2,0.0,6.5e-05,1.1986,1.1986
rick,2,0,2,5.6e-05,0.0,-0.9987,0.9987
cs,1,1,2,2.8e-05,3.2e-05,0.0999,0.0999
naked,2,0,2,5.6e-05,0.0,-0.9987,0.9987
crusty,2,0,2,5.6e-05,0.0,-0.9987,0.9987
regional,2,0,2,5.6e-05,0.0,-0.9987,0.9987
improve,1,1,2,2.8e-05,3.2e-05,0.0999,0.0999
washingtonpost,0,2,2,0.0,6.5e-05,1.1986,1.1986
japton,0,2,2,0.0,6.5e-05,1.1986,1.1986
dedicated,2,0,2,5.6e-05,0.0,-0.9987,0.9987
180,0,2,2,0.0,6.5e-05,1.1986,1.1986
90th,0,2,2,0.0,6.5e-05,1.1986,1.1986
totes,2,0,2,5.6e-05,0.0,-0.9987,0.9987
financing,2,0,2,5.6e-05,0.0,-0.9987,0.9987
baruch,0,2,2,0.0,6.5e-05,1.1986,1.1986
item,2,0,2,5.6e-05,0.0,-0.9987,0.9987
7000,0,2,2,0.0,6.5e-05,1.1986,1.1986
zero,2,0,2,5.6e-05,0.0,-0.9987,0.9987
obispo,0,2,2,0.0,6.5e-05,1.1986,1.1986
fran,2,0,2,5.6e-05,0.0,-0.9987,0.9987
exposed,1,1,2,2.8e-05,3.2e-05,0.0999,0.0999
affiliation,0,2,2,0.0,6.5e-05,1.1986,1.1986
jailed,1,1,2,2.8e-05,3.2e-05,0.0999,0.0999
rapper,2,0,2,5.6e-05,0.0,-0.9987,0.9987
dealing,1,1,2,2.8e-05,3.2e-05,0.0999,0.0999
joined,0,2,2,0.0,6.5e-05,1.1986,1.1986
nightmare,2,0,2,5.6e-05,0.0,-0.9987,0.9987
0l,2,0,2,5.6e-05,0.0,-0.9987,0.9987
spray,0,2,2,0.0,6.5e-05,1.1986,1.1986
cooking,2,0,2,5.6e-05,0.0,-0.9987,0.9987
disappeared,0,2,2,0.0,6.5e-05,1.1986,1.1986
gpm,0,2,2,0.0,6.5e-05,1.1986,1.1986
celtic,2,0,2,5.6e-05,0.0,-0.9987,0.9987
underwriter,2,0,2,5.6e-05,0.0,-0.9987,0.9987
brisk,1,1,2,2.8e-05,3.2e-05,0.0999,0.0999
1716,2,0,2,5.6e-05,0.0,-0.9987,0.9987
woodlawn,0,2,2,0.0,6.5e-05,1.1986,1.1986
thegame,2,0,2,5.6e-05,0.0,-0.9987,0.9987
ethiopian,1,1,2,2.8e-05,3.2e-05,0.0999,0.0999
dorman,1,1,2,2.8e-05,3.2e-05,0.0999,0.0999
alot,2,0,2,5.6e-05,0.0,-0.9987,0.9987
213,2,0,2,5.6e-05,0.0,-0.9987,0.9987
undergroundrailraod,1,1,2,2.8e-05,3.2e-05,0.0999,0.0999
medicine,2,0,2,5.6e-05,0.0,-0.9987,0.9987
brewing,1,1,2,2.8e-05,3.2e-05,0.0999,0.0999
wmv,2,0,2,5.6e-05,0.0,-0.9987,0.9987
gn,1,1,2,2.8e-05,3.2e-05,0.0999,0.0999
marines,1,1,2,2.8e-05,3.2e-05,0.0999,0.0999
lyrics,2,0,2,5.6e-05,0.0,-0.9987,0.9987
greece,0,2,2,0.0,6.5e-05,1.1986,1.1986
coverage,1,1,2,2.8e-05,3.2e-05,0.0999,0.0999
shania,2,0,2,5.6e-05,0.0,-0.9987,0.9987
religion,2,0,2,5.6e-05,0.0,-0.9987,0.9987
pony,2,0,2,5.6e-05,0.0,-0.9987,0.9987
discusses,2,0,2,5.6e-05,0.0,-0.9987,0.9987
jeep,2,0,2,5.6e-05,0.0,-0.9987,0.9987
torture,1,1,2,2.8e-05,3.2e-05,0.0999,0.0999
breakfast,1,1,2,2.8e-05,3.2e-05,0.0999,0.0999
sustainable,2,0,2,5.6e-05,0.0,-0.9987,0.9987
cared,2,0,2,5.6e-05,0.0,-0.9987,0.9987
bass,2,0,2,5.6e-05,0.0,-0.9987,0.9987
porridge,2,0,2,5.6e-05,0.0,-0.9987,0.9987
southdowns,1,1,2,2.8e-05,3.2e-05,0.0999,0.0999
sanctioned,1,1,2,2.8e-05,3.2e-05,0.0999,0.0999
sterling,1,1,2,2.8e-05,3.2e-05,0.0999,0.0999
chan,2,0,2,5.6e-05,0.0,-0.9987,0.9987
voted,2,0,2,5.6e-05,0.0,-0.9987,0.9987
laundry,2,0,2,5.6e-05,0.0,-0.9987,0.9987
sooo,1,1,2,2.8e-05,3.2e-05,0.0999,0.0999
800,0,2,2,0.0,6.5e-05,1.1986,1.1986
permits,2,0,2,5.6e-05,0.0,-0.9987,0.9987
attractive,1,1,2,2.8e-05,3.2e-05,0.0999,0.0999
deny,1,1,2,2.8e-05,3.2e-05,0.0999,0.0999
premonitions,0,2,2,0.0,6.5e-05,1.1986,1.1986
smugglers,0,2,2,0.0,6.5e-05,1.1986,1.1986
oso,0,2,2,0.0,6.5e-05,1.1986,1.1986
unique,2,0,2,5.6e-05,0.0,-0.9987,0.9987
honest,1,1,2,2.8e-05,3.2e-05,0.0999,0.0999
wildhorses,1,1,2,2.8e-05,3.2e-05,0.0999,0.0999
140,2,0,2,5.6e-05,0.0,-0.9987,0.9987
suh,2,0,2,5.6e-05,0.0,-0.9987,0.9987
changing,2,0,2,5.6e-05,0.0,-0.9987,0.9987
60mph,0,2,2,0.0,6.5e-05,1.1986,1.1986
bashes,1,1,2,2.8e-05,3.2e-05,0.0999,0.0999
goku,2,0,2,5.6e-05,0.0,-0.9987,0.9987
pulwama,0,2,2,0.0,6.5e-05,1.1986,1.1986
pa,0,2,2,0.0,6.5e-05,1.1986,1.1986
command,0,2,2,0.0,6.5e-05,1.1986,1.1986
bernardino,1,1,2,2.8e-05,3.2e-05,0.0999,0.0999
exc,0,2,2,0.0,6.5e-05,1.1986,1.1986
917,1,1,2,2.8e-05,3.2e-05,0.0999,0.0999
punk,2,0,2,5.6e-05,0.0,-0.9987,0.9987
928,0,2,2,0.0,6.5e-05,1.1986,1.1986
matthew,2,0,2,5.6e-05,0.0,-0.9987,0.9987
difference,2,0,2,5.6e-05,0.0,-0.9987,0.9987
priceless,2,0,2,5.6e-05,0.0,-0.9987,0.9987
form,2,0,2,5.6e-05,0.0,-0.9987,0.9987
hopes,2,0,2,5.6e-05,0.0,-0.9987,0.9987
uncle,2,0,2,5.6e-05,0.0,-0.9987,0.9987
andy,2,0,2,5.6e-05,0.0,-0.9987,0.9987
bruise,1,1,2,2.8e-05,3.2e-05,0.0999,0.0999
items,1,1,2,2.8e-05,3.2e-05,0.0999,0.0999
luka,2,0,2,5.6e-05,0.0,-0.9987,0.9987
rice,2,0,2,5.6e-05,0.0,-0.9987,0.9987
potentially,2,0,2,5.6e-05,0.0,-0.9987,0.9987
skill,2,0,2,5.6e-05,0.0,-0.9987,0.9987
1974,0,2,2,0.0,6.5e-05,1.1986,1.1986
eastbound,0,2,2,0.0,6.5e-05,1.1986,1.1986
avoided,1,1,2,2.8e-05,3.2e-05,0.0999,0.0999
kindly,2,0,2,5.6e-05,0.0,-0.9987,0.9987
tix,2,0,2,5.6e-05,0.0,-0.9987,0.9987
capitalism,2,0,2,5.6e-05,0.0,-0.9987,0.9987
britain,2,0,2,5.6e-05,0.0,-0.9987,0.9987
kissed,2,0,2,5.6e-05,0.0,-0.9987,0.9987
jealous,1,1,2,2.8e-05,3.2e-05,0.0999,0.0999
latin,2,0,2,5.6e-05,0.0,-0.9987,0.9987
unfolded,0,2,2,0.0,6.5e-05,1.1986,1.1986
pakistannews,0,2,2,0.0,6.5e-05,1.1986,1.1986
ranking,1,1,2,2.8e-05,3.2e-05,0.0999,0.0999
denali,1,1,2,2.8e-05,3.2e-05,0.0999,0.0999
messages,1,1,2,2.8e-05,3.2e-05,0.0999,0.0999
bobcats,0,2,2,0.0,6.5e-05,1.1986,1.1986
microphone,1,1,2,2.8e-05,3.2e-05,0.0999,0.0999
rates,1,1,2,2.8e-05,3.2e-05,0.0999,0.0999
autobiography,1,1,2,2.8e-05,3.2e-05,0.0999,0.0999
electricity,1,1,2,2.8e-05,3.2e-05,0.0999,0.0999
rooms,1,1,2,2.8e-05,3.2e-05,0.0999,0.0999
attempting,2,0,2,5.6e-05,0.0,-0.9987,0.9987
sippin,2,0,2,5.6e-05,0.0,-0.9987,0.9987
quoted,1,1,2,2.8e-05,3.2e-05,0.0999,0.0999
overlooking,0,2,2,0.0,6.5e-05,1.1986,1.1986
marshall,2,0,2,5.6e-05,0.0,-0.9987,0.9987
afp,0,2,2,0.0,6.5e-05,1.1986,1.1986
forsure,2,0,2,5.6e-05,0.0,-0.9987,0.9987
wing,0,2,2,0.0,6.5e-05,1.1986,1.1986
chp,0,2,2,0.0,6.5e-05,1.1986,1.1986
soo,2,0,2,5.6e-05,0.0,-0.9987,0.9987
correct,2,0,2,5.6e-05,0.0,-0.9987,0.9987
basic,0,2,2,0.0,6.5e-05,1.1986,1.1986
comp,1,1,2,2.8e-05,3.2e-05,0.0999,0.0999
vantage,1,1,2,2.8e-05,3.2e-05,0.0999,0.0999
2007,0,2,2,0.0,6.5e-05,1.1986,1.1986
405,0,2,2,0.0,6.5e-05,1.1986,1.1986
removed,1,1,2,2.8e-05,3.2e-05,0.0999,0.0999
15th,1,1,2,2.8e-05,3.2e-05,0.0999,0.0999
aunt,1,1,2,2.8e-05,3.2e-05,0.0999,0.0999
reids,2,0,2,5.6e-05,0.0,-0.9987,0.9987
coral,1,1,2,2.8e-05,3.2e-05,0.0999,0.0999
i405,0,2,2,0.0,6.5e-05,1.1986,1.1986
follower,2,0,2,5.6e-05,0.0,-0.9987,0.9987
deadliest,0,2,2,0.0,6.5e-05,1.1986,1.1986
colder,0,2,2,0.0,6.5e-05,1.1986,1.1986
rioters,0,2,2,0.0,6.5e-05,1.1986,1.1986
sequel,2,0,2,5.6e-05,0.0,-0.9987,0.9987
increasing,0,2,2,0.0,6.5e-05,1.1986,1.1986
i580,0,2,2,0.0,6.5e-05,1.1986,1.1986
strongly,1,1,2,2.8e-05,3.2e-05,0.0999,0.0999
folk,2,0,2,5.6e-05,0.0,-0.9987,0.9987
couldve,2,0,2,5.6e-05,0.0,-0.9987,0.9987
waist,2,0,2,5.6e-05,0.0,-0.9987,0.9987
revelation,0,2,2,0.0,6.5e-05,1.1986,1.1986
lemon,2,0,2,5.6e-05,0.0,-0.9987,0.9987
hella,0,2,2,0.0,6.5e-05,1.1986,1.1986
ronaldo,1,1,2,2.8e-05,3.2e-05,0.0999,0.0999
value,1,1,2,2.8e-05,3.2e-05,0.0999,0.0999
rat,1,1,2,2.8e-05,3.2e-05,0.0999,0.0999
1999,0,2,2,0.0,6.5e-05,1.1986,1.1986
repairs,0,2,2,0.0,6.5e-05,1.1986,1.1986
walerga,0,2,2,0.0,6.5e-05,1.1986,1.1986
irony,1,1,2,2.8e-05,3.2e-05,0.0999,0.0999
paved,2,0,2,5.6e-05,0.0,-0.9987,0.9987
portugal,0,2,2,0.0,6.5e-05,1.1986,1.1986
followback,1,1,2,2.8e-05,3.2e-05,0.0999,0.0999
evanston,0,2,2,0.0,6.5e-05,1.1986,1.1986
fossil,1,1,2,2.8e-05,3.2e-05,0.0999,0.0999
quot,2,0,2,5.6e-05,0.0,-0.9987,0.9987
restaurants,1,1,2,2.8e-05,3.2e-05,0.0999,0.0999
economies,2,0,2,5.6e-05,0.0,-0.9987,0.9987
ekiti,0,2,2,0.0,6.5e-05,1.1986,1.1986
beliefs,1,1,2,2.8e-05,3.2e-05,0.0999,0.0999
typos,2,0,2,5.6e-05,0.0,-0.9987,0.9987
administration,1,1,2,2.8e-05,3.2e-05,0.0999,0.0999
nazi,0,2,2,0.0,6.5e-05,1.1986,1.1986
presence,2,0,2,5.6e-05,0.0,-0.9987,0.9987
smiles,2,0,2,5.6e-05,0.0,-0.9987,0.9987
important,1,1,2,2.8e-05,3.2e-05,0.0999,0.0999
chose,1,1,2,2.8e-05,3.2e-05,0.0999,0.0999
obviously,1,1,2,2.8e-05,3.2e-05,0.0999,0.0999
abusing,0,2,2,0.0,6.5e-05,1.1986,1.1986
daniel,1,1,2,2.8e-05,3.2e-05,0.0999,0.0999
thu,1,1,2,2.8e-05,3.2e-05,0.0999,0.0999
campfire,1,1,2,2.8e-05,3.2e-05,0.0999,0.0999
addition,2,0,2,5.6e-05,0.0,-0.9987,0.9987
maps,2,0,2,5.6e-05,0.0,-0.9987,0.9987
thirsty,0,2,2,0.0,6.5e-05,1.1986,1.1986
snowden,0,2,2,0.0,6.5e-05,1.1986,1.1986
outage,1,1,2,2.8e-05,3.2e-05,0.0999,0.0999
fatally,0,2,2,0.0,6.5e-05,1.1986,1.1986
thy,2,0,2,5.6e-05,0.0,-0.9987,0.9987
wrapped,0,2,2,0.0,6.5e-05,1.1986,1.1986
ipod,0,2,2,0.0,6.5e-05,1.1986,1.1986
grills,2,0,2,5.6e-05,0.0,-0.9987,0.9987
schwarber,2,0,2,5.6e-05,0.0,-0.9987,0.9987
thurs,2,0,2,5.6e-05,0.0,-0.9987,0.9987
destructive,0,2,2,0.0,6.5e-05,1.1986,1.1986
notexplained,1,1,2,2.8e-05,3.2e-05,0.0999,0.0999
wpt,2,0,2,5.6e-05,0.0,-0.9987,0.9987
caps,2,0,2,5.6e-05,0.0,-0.9987,0.9987
hermancranston,2,0,2,5.6e-05,0.0,-0.9987,0.9987
hardly,2,0,2,5.6e-05,0.0,-0.9987,0.9987
legs,2,0,2,5.6e-05,0.0,-0.9987,0.9987
popularmmos,2,0,2,5.6e-05,0.0,-0.9987,0.9987
newbie,2,0,2,5.6e-05,0.0,-0.9987,0.9987
condemnation,0,2,2,0.0,6.5e-05,1.1986,1.1986
renison,0,2,2,0.0,6.5e-05,1.1986,1.1986
pleasure,2,0,2,5.6e-05,0.0,-0.9987,0.9987
draw,2,0,2,5.6e-05,0.0,-0.9987,0.9987
element,2,0,2,5.6e-05,0.0,-0.9987,0.9987
ypres,0,2,2,0.0,6.5e-05,1.1986,1.1986
fairy,2,0,2,5.6e-05,0.0,-0.9987,0.9987
katrina,1,1,2,2.8e-05,3.2e-05,0.0999,0.0999
lebanon,0,2,2,0.0,6.5e-05,1.1986,1.1986
1965,0,2,2,0.0,6.5e-05,1.1986,1.1986
fur,2,0,2,5.6e-05,0.0,-0.9987,0.9987
aliens,1,1,2,2.8e-05,3.2e-05,0.0999,0.0999
demons,1,1,2,2.8e-05,3.2e-05,0.0999,0.0999
screw,2,0,2,5.6e-05,0.0,-0.9987,0.9987
targeted,1,1,2,2.8e-05,3.2e-05,0.0999,0.0999
extinguished,0,2,2,0.0,6.5e-05,1.1986,1.1986
rev,2,0,2,5.6e-05,0.0,-0.9987,0.9987
everytime,1,1,2,2.8e-05,3.2e-05,0.0999,0.0999
snuff,2,0,2,5.6e-05,0.0,-0.9987,0.9987
philadelphia,1,1,2,2.8e-05,3.2e-05,0.0999,0.0999
sunshine,2,0,2,5.6e-05,0.0,-0.9987,0.9987
skipping,2,0,2,5.6e-05,0.0,-0.9987,0.9987
guaranteed,2,0,2,5.6e-05,0.0,-0.9987,0.9987
opp,0,2,2,0.0,6.5e-05,1.1986,1.1986
outfit,2,0,2,5.6e-05,0.0,-0.9987,0.9987
balls,0,2,2,0.0,6.5e-05,1.1986,1.1986
invaded,0,2,2,0.0,6.5e-05,1.1986,1.1986
mandatory,0,2,2,0.0,6.5e-05,1.1986,1.1986
3942,2,0,2,5.6e-05,0.0,-0.9987,0.9987
tear,2,0,2,5.6e-05,0.0,-0.9987,0.9987
globalwarming,1,1,2,2.8e-05,3.2e-05,0.0999,0.0999
pressed,1,1,2,2.8e-05,3.2e-05,0.0999,0.0999
moyo,2,0,2,5.6e-05,0.0,-0.9987,0.9987
acoustic,2,0,2,5.6e-05,0.0,-0.9987,0.9987
sheriff,0,2,2,0.0,6.5e-05,1.1986,1.1986
stroke,2,0,2,5.6e-05,0.0,-0.9987,0.9987
waits,1,1,2,2.8e-05,3.2e-05,0.0999,0.0999
performing,1,1,2,2.8e-05,3.2e-05,0.0999,0.0999
nurses,2,0,2,5.6e-05,0.0,-0.9987,0.9987
floyd,2,0,2,5.6e-05,0.0,-0.9987,0.9987
riders,1,1,2,2.8e-05,3.2e-05,0.0999,0.0999
emerges,1,1,2,2.8e-05,3.2e-05,0.0999,0.0999
journal,0,2,2,0.0,6.5e-05,1.1986,1.1986
grass,1,1,2,2.8e-05,3.2e-05,0.0999,0.0999
talibans,0,2,2,0.0,6.5e-05,1.1986,1.1986
scares,1,1,2,2.8e-05,3.2e-05,0.0999,0.0999
objects,0,2,2,0.0,6.5e-05,1.1986,1.1986
wen,2,0,2,5.6e-05,0.0,-0.9987,0.9987
letter,1,1,2,2.8e-05,3.2e-05,0.0999,0.0999
illustration,2,0,2,5.6e-05,0.0,-0.9987,0.9987
malik,0,2,2,0.0,6.5e-05,1.1986,1.1986
pictures,1,1,2,2.8e-05,3.2e-05,0.0999,0.0999
psa,2,0,2,5.6e-05,0.0,-0.9987,0.9987
stores,1,1,2,2.8e-05,3.2e-05,0.0999,0.0999
sandy,0,2,2,0.0,6.5e-05,1.1986,1.1986
inciweb,0,2,2,0.0,6.5e-05,1.1986,1.1986
bankstown,0,2,2,0.0,6.5e-05,1.1986,1.1986
ke,0,2,2,0.0,6.5e-05,1.1986,1.1986
warrior,1,1,2,2.8e-05,3.2e-05,0.0999,0.0999
kiev,1,1,2,2.8e-05,3.2e-05,0.0999,0.0999
atmospheric,0,2,2,0.0,6.5e-05,1.1986,1.1986
tumblr,2,0,2,5.6e-05,0.0,-0.9987,0.9987
socialmedia,2,0,2,5.6e-05,0.0,-0.9987,0.9987
bodys,1,1,2,2.8e-05,3.2e-05,0.0999,0.0999
interlaken,1,1,2,2.8e-05,3.2e-05,0.0999,0.0999
homie,2,0,2,5.6e-05,0.0,-0.9987,0.9987
carpet,0,2,2,0.0,6.5e-05,1.1986,1.1986
5sosfam,2,0,2,5.6e-05,0.0,-0.9987,0.9987
allegiance,1,1,2,2.8e-05,3.2e-05,0.0999,0.0999
attic,2,0,2,5.6e-05,0.0,-0.9987,0.9987
logistics,1,1,2,2.8e-05,3.2e-05,0.0999,0.0999
bbcnews,0,2,2,0.0,6.5e-05,1.1986,1.1986
blonde,2,0,2,5.6e-05,0.0,-0.9987,0.9987
brick,1,1,2,2.8e-05,3.2e-05,0.0999,0.0999
placed,2,0,2,5.6e-05,0.0,-0.9987,0.9987
rated,2,0,2,5.6e-05,0.0,-0.9987,0.9987
savings,0,2,2,0.0,6.5e-05,1.1986,1.1986
whatsapp,2,0,2,5.6e-05,0.0,-0.9987,0.9987
grants,0,2,2,0.0,6.5e-05,1.1986,1.1986
retro,2,0,2,5.6e-05,0.0,-0.9987,0.9987
sponge,1,1,2,2.8e-05,3.2e-05,0.0999,0.0999
beneath,1,1,2,2.8e-05,3.2e-05,0.0999,0.0999
missiles,1,1,2,2.8e-05,3.2e-05,0.0999,0.0999
shira,2,0,2,5.6e-05,0.0,-0.9987,0.9987
ars,2,0,2,5.6e-05,0.0,-0.9987,0.9987
teenagers,0,2,2,0.0,6.5e-05,1.1986,1.1986
hackers,2,0,2,5.6e-05,0.0,-0.9987,0.9987
advised,0,2,2,0.0,6.5e-05,1.1986,1.1986
rightways,1,1,2,2.8e-05,3.2e-05,0.0999,0.0999
bills,2,0,2,5.6e-05,0.0,-0.9987,0.9987
chances,1,1,2,2.8e-05,3.2e-05,0.0999,0.0999
awkward,2,0,2,5.6e-05,0.0,-0.9987,0.9987
setlist,2,0,2,5.6e-05,0.0,-0.9987,0.9987
vashon,0,2,2,0.0,6.5e-05,1.1986,1.1986
amageddon,1,1,2,2.8e-05,3.2e-05,0.0999,0.0999
freshman,1,1,2,2.8e-05,3.2e-05,0.0999,0.0999
whistle,1,1,2,2.8e-05,3.2e-05,0.0999,0.0999
technica,2,0,2,5.6e-05,0.0,-0.9987,0.9987
countless,0,2,2,0.0,6.5e-05,1.1986,1.1986
acquisitions,2,0,2,5.6e-05,0.0,-0.9987,0.9987
shout,2,0,2,5.6e-05,0.0,-0.9987,0.9987
sahib,0,2,2,0.0,6.5e-05,1.1986,1.1986
dignity,1,1,2,2.8e-05,3.2e-05,0.0999,0.0999
kindness,2,0,2,5.6e-05,0.0,-0.9987,0.9987
kashmir,0,2,2,0.0,6.5e-05,1.1986,1.1986
premier,1,1,2,2.8e-05,3.2e-05,0.0999,0.0999
acdelco,2,0,2,5.6e-05,0.0,-0.9987,0.9987
midget,2,0,2,5.6e-05,0.0,-0.9987,0.9987
jets,0,2,2,0.0,6.5e-05,1.1986,1.1986
5c,1,1,2,2.8e-05,3.2e-05,0.0999,0.0999
nuggets,1,1,2,2.8e-05,3.2e-05,0.0999,0.0999
secured,2,0,2,5.6e-05,0.0,-0.9987,0.9987
4km,1,1,2,2.8e-05,3.2e-05,0.0999,0.0999
blunt,2,0,2,5.6e-05,0.0,-0.9987,0.9987
hide,2,0,2,5.6e-05,0.0,-0.9987,0.9987
atmosphere,2,0,2,5.6e-05,0.0,-0.9987,0.9987
destroyer,0,2,2,0.0,6.5e-05,1.1986,1.1986
mock,1,1,2,2.8e-05,3.2e-05,0.0999,0.0999
infectious,2,0,2,5.6e-05,0.0,-0.9987,0.9987
30a,1,1,2,2.8e-05,3.2e-05,0.0999,0.0999
regardless,2,0,2,5.6e-05,0.0,-0.9987,0.9987
awareness,0,2,2,0.0,6.5e-05,1.1986,1.1986
prepares,0,2,2,0.0,6.5e-05,1.1986,1.1986
jewelry,2,0,2,5.6e-05,0.0,-0.9987,0.9987
holed,0,2,2,0.0,6.5e-05,1.1986,1.1986
carr,0,2,2,0.0,6.5e-05,1.1986,1.1986
net,0,2,2,0.0,6.5e-05,1.1986,1.1986
depressing,1,1,2,2.8e-05,3.2e-05,0.0999,0.0999
imagined,2,0,2,5.6e-05,0.0,-0.9987,0.9987
awaits,2,0,2,5.6e-05,0.0,-0.9987,0.9987
fueling,1,1,2,2.8e-05,3.2e-05,0.0999,0.0999
poem,2,0,2,5.6e-05,0.0,-0.9987,0.9987
maker,1,1,2,2.8e-05,3.2e-05,0.0999,0.0999
tryout,0,2,2,0.0,6.5e-05,1.1986,1.1986
catfish,2,0,2,5.6e-05,0.0,-0.9987,0.9987
aogashima,0,2,2,0.0,6.5e-05,1.1986,1.1986
dm,1,1,2,2.8e-05,3.2e-05,0.0999,0.0999
sore,2,0,2,5.6e-05,0.0,-0.9987,0.9987
sundays,1,1,2,2.8e-05,3.2e-05,0.0999,0.0999
rayner,2,0,2,5.6e-05,0.0,-0.9987,0.9987
tch,0,2,2,0.0,6.5e-05,1.1986,1.1986
begging,1,1,2,2.8e-05,3.2e-05,0.0999,0.0999
questioning,2,0,2,5.6e-05,0.0,-0.9987,0.9987
ky,0,2,2,0.0,6.5e-05,1.1986,1.1986
rejected,1,1,2,2.8e-05,3.2e-05,0.0999,0.0999
agrees,2,0,2,5.6e-05,0.0,-0.9987,0.9987
letsfootball,2,0,2,5.6e-05,0.0,-0.9987,0.9987
ks,2,0,2,5.6e-05,0.0,-0.9987,0.9987
roh3,2,0,2,5.6e-05,0.0,-0.9987,0.9987
wb,1,1,2,2.8e-05,3.2e-05,0.0999,0.0999
renew911health,0,2,2,0.0,6.5e-05,1.1986,1.1986
fri,2,0,2,5.6e-05,0.0,-0.9987,0.9987
confirmation,0,2,2,0.0,6.5e-05,1.1986,1.1986
ferries,0,2,2,0.0,6.5e-05,1.1986,1.1986
heros,2,0,2,5.6e-05,0.0,-0.9987,0.9987
raiders,1,1,2,2.8e-05,3.2e-05,0.0999,0.0999
bean,2,0,2,5.6e-05,0.0,-0.9987,0.9987
wielding,0,2,2,0.0,6.5e-05,1.1986,1.1986
rap,2,0,2,5.6e-05,0.0,-0.9987,0.9987
iconic,2,0,2,5.6e-05,0.0,-0.9987,0.9987
selling,2,0,2,5.6e-05,0.0,-0.9987,0.9987
joint,1,1,2,2.8e-05,3.2e-05,0.0999,0.0999
knees,1,1,2,2.8e-05,3.2e-05,0.0999,0.0999
formation,1,1,2,2.8e-05,3.2e-05,0.0999,0.0999
bubble,2,0,2,5.6e-05,0.0,-0.9987,0.9987
sneak,1,1,2,2.8e-05,3.2e-05,0.0999,0.0999
approaching,0,2,2,0.0,6.5e-05,1.1986,1.1986
goulburn,0,2,2,0.0,6.5e-05,1.1986,1.1986
atm,1,1,2,2.8e-05,3.2e-05,0.0999,0.0999
solicitor,2,0,2,5.6e-05,0.0,-0.9987,0.9987
africans,1,1,2,2.8e-05,3.2e-05,0.0999,0.0999
engvaus,2,0,2,5.6e-05,0.0,-0.9987,0.9987
figure,2,0,2,5.6e-05,0.0,-0.9987,0.9987
aust,1,1,2,2.8e-05,3.2e-05,0.0999,0.0999
asks,2,0,2,5.6e-05,0.0,-0.9987,0.9987
humble,1,1,2,2.8e-05,3.2e-05,0.0999,0.0999
justin,2,0,2,5.6e-05,0.0,-0.9987,0.9987
specialists,1,1,2,2.8e-05,3.2e-05,0.0999,0.0999
infosec,2,0,2,5.6e-05,0.0,-0.9987,0.9987
uniforms,1,1,2,2.8e-05,3.2e-05,0.0999,0.0999
identitytheft,2,0,2,5.6e-05,0.0,-0.9987,0.9987
era,1,1,2,2.8e-05,3.2e-05,0.0999,0.0999
applaud,1,1,2,2.8e-05,3.2e-05,0.0999,0.0999
exacerbated,1,1,2,2.8e-05,3.2e-05,0.0999,0.0999
slicker,2,0,2,5.6e-05,0.0,-0.9987,0.9987
prod,2,0,2,5.6e-05,0.0,-0.9987,0.9987
cartoon,2,0,2,5.6e-05,0.0,-0.9987,0.9987
582,0,2,2,0.0,6.5e-05,1.1986,1.1986
endorses,0,2,2,0.0,6.5e-05,1.1986,1.1986
glimpses,0,2,2,0.0,6.5e-05,1.1986,1.1986
dothraki,0,2,2,0.0,6.5e-05,1.1986,1.1986
greenway,1,1,2,2.8e-05,3.2e-05,0.0999,0.0999
exercised,1,1,2,2.8e-05,3.2e-05,0.0999,0.0999
soaking,2,0,2,5.6e-05,0.0,-0.9987,0.9987
nowhere,1,1,2,2.8e-05,3.2e-05,0.0999,0.0999
najib,0,2,2,0.0,6.5e-05,1.1986,1.1986
denial,1,1,2,2.8e-05,3.2e-05,0.0999,0.0999
exciting,2,0,2,5.6e-05,0.0,-0.9987,0.9987
jenner,1,1,2,2.8e-05,3.2e-05,0.0999,0.0999
jamaicaplain,0,2,2,0.0,6.5e-05,1.1986,1.1986
repay,2,0,2,5.6e-05,0.0,-0.9987,0.9987
hug,2,0,2,5.6e-05,0.0,-0.9987,0.9987
tepco,0,2,2,0.0,6.5e-05,1.1986,1.1986
automation,2,0,2,5.6e-05,0.0,-0.9987,0.9987
digging,0,2,2,0.0,6.5e-05,1.1986,1.1986
inec,0,2,2,0.0,6.5e-05,1.1986,1.1986
goldstein,0,2,2,0.0,6.5e-05,1.1986,1.1986
087809233445,1,1,2,2.8e-05,3.2e-05,0.0999,0.0999
exclusive,1,1,2,2.8e-05,3.2e-05,0.0999,0.0999
pharaoh,1,1,2,2.8e-05,3.2e-05,0.0999,0.0999
nba,2,0,2,5.6e-05,0.0,-0.9987,0.9987
1m,1,1,2,2.8e-05,3.2e-05,0.0999,0.0999
reshape,1,1,2,2.8e-05,3.2e-05,0.0999,0.0999
blues,2,0,2,5.6e-05,0.0,-0.9987,0.9987
dixon,2,0,2,5.6e-05,0.0,-0.9987,0.9987
alien,0,2,2,0.0,6.5e-05,1.1986,1.1986
fest,0,2,2,0.0,6.5e-05,1.1986,1.1986
45pm,0,2,2,0.0,6.5e-05,1.1986,1.1986
nh,0,2,2,0.0,6.5e-05,1.1986,1.1986
testing,1,1,2,2.8e-05,3.2e-05,0.0999,0.0999
pt,0,2,2,0.0,6.5e-05,1.1986,1.1986
gander,1,1,2,2.8e-05,3.2e-05,0.0999,0.0999
sided,2,0,2,5.6e-05,0.0,-0.9987,0.9987
sailing,0,2,2,0.0,6.5e-05,1.1986,1.1986
physicians,2,0,2,5.6e-05,0.0,-0.9987,0.9987
spreading,0,2,2,0.0,6.5e-05,1.1986,1.1986
collective,1,1,2,2.8e-05,3.2e-05,0.0999,0.0999
healthy,2,0,2,5.6e-05,0.0,-0.9987,0.9987
impressive,2,0,2,5.6e-05,0.0,-0.9987,0.9987
aq,0,2,2,0.0,6.5e-05,1.1986,1.1986
halt,0,2,2,0.0,6.5e-05,1.1986,1.1986
devil,2,0,2,5.6e-05,0.0,-0.9987,0.9987
canoe,0,2,2,0.0,6.5e-05,1.1986,1.1986
exited,2,0,2,5.6e-05,0.0,-0.9987,0.9987
stronger,2,0,2,5.6e-05,0.0,-0.9987,0.9987
risks,1,1,2,2.8e-05,3.2e-05,0.0999,0.0999
tumbling,2,0,2,5.6e-05,0.0,-0.9987,0.9987
uranium,0,2,2,0.0,6.5e-05,1.1986,1.1986
ronnie,2,0,2,5.6e-05,0.0,-0.9987,0.9987
signing,0,2,2,0.0,6.5e-05,1.1986,1.1986
worrying,2,0,2,5.6e-05,0.0,-0.9987,0.9987
partner,2,0,2,5.6e-05,0.0,-0.9987,0.9987
sniping,2,0,2,5.6e-05,0.0,-0.9987,0.9987
heroin,0,2,2,0.0,6.5e-05,1.1986,1.1986
winner,2,0,2,5.6e-05,0.0,-0.9987,0.9987
lifestyle,2,0,2,5.6e-05,0.0,-0.9987,0.9987
ptsdchat,1,1,2,2.8e-05,3.2e-05,0.0999,0.0999
sold,2,0,2,5.6e-05,0.0,-0.9987,0.9987
willian,2,0,2,5.6e-05,0.0,-0.9987,0.9987
waking,2,0,2,5.6e-05,0.0,-0.9987,0.9987
rained,1,1,2,2.8e-05,3.2e-05,0.0999,0.0999
cancers,0,2,2,0.0,6.5e-05,1.1986,1.1986
brigade,1,1,2,2.8e-05,3.2e-05,0.0999,0.0999
loretta,1,1,2,2.8e-05,3.2e-05,0.0999,0.0999
nankana,0,2,2,0.0,6.5e-05,1.1986,1.1986
electro,1,1,2,2.8e-05,3.2e-05,0.0999,0.0999
jerry,0,2,2,0.0,6.5e-05,1.1986,1.1986
traveling,1,1,2,2.8e-05,3.2e-05,0.0999,0.0999
tuning,2,0,2,5.6e-05,0.0,-0.9987,0.9987
sep,1,1,2,2.8e-05,3.2e-05,0.0999,0.0999
refuses,0,2,2,0.0,6.5e-05,1.1986,1.1986
metlife,2,0,2,5.6e-05,0.0,-0.9987,0.9987
homeowners,1,1,2,2.8e-05,3.2e-05,0.0999,0.0999
explores,2,0,2,5.6e-05,0.0,-0.9987,0.9987
glided,0,2,2,0.0,6.5e-05,1.1986,1.1986
britney,2,0,2,5.6e-05,0.0,-0.9987,0.9987
species,2,0,2,5.6e-05,0.0,-0.9987,0.9987
helsinki,0,2,2,0.0,6.5e-05,1.1986,1.1986
cole,2,0,2,5.6e-05,0.0,-0.9987,0.9987
prepper,1,1,2,2.8e-05,3.2e-05,0.0999,0.0999
durant,2,0,2,5.6e-05,0.0,-0.9987,0.9987
incase,1,1,2,2.8e-05,3.2e-05,0.0999,0.0999
phantom,1,1,2,2.8e-05,3.2e-05,0.0999,0.0999
dunbar,2,0,2,5.6e-05,0.0,-0.9987,0.9987
oks,2,0,2,5.6e-05,0.0,-0.9987,0.9987
cousins,2,0,2,5.6e-05,0.0,-0.9987,0.9987
gorgeous,2,0,2,5.6e-05,0.0,-0.9987,0.9987
wwe,2,0,2,5.6e-05,0.0,-0.9987,0.9987
temptation,1,1,2,2.8e-05,3.2e-05,0.0999,0.0999
worries,2,0,2,5.6e-05,0.0,-0.9987,0.9987
shouldve,2,0,2,5.6e-05,0.0,-0.9987,0.9987
nails,0,2,2,0.0,6.5e-05,1.1986,1.1986
monkey,2,0,2,5.6e-05,0.0,-0.9987,0.9987
concluded,2,0,2,5.6e-05,0.0,-0.9987,0.9987
penn,2,0,2,5.6e-05,0.0,-0.9987,0.9987
flawless,2,0,2,5.6e-05,0.0,-0.9987,0.9987
1916,0,2,2,0.0,6.5e-05,1.1986,1.1986
ww2,2,0,2,5.6e-05,0.0,-0.9987,0.9987
ovofest,2,0,2,5.6e-05,0.0,-0.9987,0.9987
nato,1,1,2,2.8e-05,3.2e-05,0.0999,0.0999
nosurrender,2,0,2,5.6e-05,0.0,-0.9987,0.9987
dye,0,2,2,0.0,6.5e-05,1.1986,1.1986
gridlock,0,2,2,0.0,6.5e-05,1.1986,1.1986
ames,2,0,2,5.6e-05,0.0,-0.9987,0.9987
4th,1,1,2,2.8e-05,3.2e-05,0.0999,0.0999
shed,2,0,2,5.6e-05,0.0,-0.9987,0.9987
monitor,1,1,2,2.8e-05,3.2e-05,0.0999,0.0999
northwestern,0,2,2,0.0,6.5e-05,1.1986,1.1986
lavenderpoetrycafe,0,2,2,0.0,6.5e-05,1.1986,1.1986
careers,2,0,2,5.6e-05,0.0,-0.9987,0.9987
wcw,2,0,2,5.6e-05,0.0,-0.9987,0.9987
language,1,1,2,2.8e-05,3.2e-05,0.0999,0.0999
pomo,0,2,2,0.0,6.5e-05,1.1986,1.1986
soooo,2,0,2,5.6e-05,0.0,-0.9987,0.9987
stormchase,0,2,2,0.0,6.5e-05,1.1986,1.1986
bwp,2,0,2,5.6e-05,0.0,-0.9987,0.9987
instructions,2,0,2,5.6e-05,0.0,-0.9987,0.9987
pissed,2,0,2,5.6e-05,0.0,-0.9987,0.9987
katherines,2,0,2,5.6e-05,0.0,-0.9987,0.9987
survey,1,1,2,2.8e-05,3.2e-05,0.0999,0.0999
promote,2,0,2,5.6e-05,0.0,-0.9987,0.9987
lizards,1,1,2,2.8e-05,3.2e-05,0.0999,0.0999
4playthursdays,2,0,2,5.6e-05,0.0,-0.9987,0.9987
jams,2,0,2,5.6e-05,0.0,-0.9987,0.9987
leak,0,2,2,0.0,6.5e-05,1.1986,1.1986
leeds,0,2,2,0.0,6.5e-05,1.1986,1.1986
norman,0,2,2,0.0,6.5e-05,1.1986,1.1986
display,0,2,2,0.0,6.5e-05,1.1986,1.1986
rutherford,0,2,2,0.0,6.5e-05,1.1986,1.1986
ads,2,0,2,5.6e-05,0.0,-0.9987,0.9987
motion,1,1,2,2.8e-05,3.2e-05,0.0999,0.0999
shaker,2,0,2,5.6e-05,0.0,-0.9987,0.9987
jhaustin,2,0,2,5.6e-05,0.0,-0.9987,0.9987
punishment,1,1,2,2.8e-05,3.2e-05,0.0999,0.0999
caribbean,1,1,2,2.8e-05,3.2e-05,0.0999,0.0999
misery,1,1,2,2.8e-05,3.2e-05,0.0999,0.0999
tin,1,1,2,2.8e-05,3.2e-05,0.0999,0.0999
540,1,1,2,2.8e-05,3.2e-05,0.0999,0.0999
dante,1,1,2,2.8e-05,3.2e-05,0.0999,0.0999
bmw,1,1,2,2.8e-05,3.2e-05,0.0999,0.0999
advertised,2,0,2,5.6e-05,0.0,-0.9987,0.9987
jumper,1,1,2,2.8e-05,3.2e-05,0.0999,0.0999
nixon,0,2,2,0.0,6.5e-05,1.1986,1.1986
medium,2,0,2,5.6e-05,0.0,-0.9987,0.9987
pants,2,0,2,5.6e-05,0.0,-0.9987,0.9987
claimed,0,2,2,0.0,6.5e-05,1.1986,1.1986
treeporn,1,1,2,2.8e-05,3.2e-05,0.0999,0.0999
invest,1,1,2,2.8e-05,3.2e-05,0.0999,0.0999
preservation,2,0,2,5.6e-05,0.0,-0.9987,0.9987
knocking,2,0,2,5.6e-05,0.0,-0.9987,0.9987
reacted,0,2,2,0.0,6.5e-05,1.1986,1.1986
corp,1,1,2,2.8e-05,3.2e-05,0.0999,0.0999
bg,1,1,2,2.8e-05,3.2e-05,0.0999,0.0999
ghostwriter,1,1,2,2.8e-05,3.2e-05,0.0999,0.0999
suruc,0,2,2,0.0,6.5e-05,1.1986,1.1986
labour,2,0,2,5.6e-05,0.0,-0.9987,0.9987
difficult,0,2,2,0.0,6.5e-05,1.1986,1.1986
dryer,1,1,2,2.8e-05,3.2e-05,0.0999,0.0999
hahah,1,1,2,2.8e-05,3.2e-05,0.0999,0.0999
1986,1,1,2,2.8e-05,3.2e-05,0.0999,0.0999
cockpit,0,2,2,0.0,6.5e-05,1.1986,1.1986
10pm,1,1,2,2.8e-05,3.2e-05,0.0999,0.0999
located,2,0,2,5.6e-05,0.0,-0.9987,0.9987
handle,2,0,2,5.6e-05,0.0,-0.9987,0.9987
march,0,2,2,0.0,6.5e-05,1.1986,1.1986
vanuatu,1,1,2,2.8e-05,3.2e-05,0.0999,0.0999
fierce,1,1,2,2.8e-05,3.2e-05,0.0999,0.0999
asylum,0,2,2,0.0,6.5e-05,1.1986,1.1986
directors,1,1,2,2.8e-05,3.2e-05,0.0999,0.0999
pluto,2,0,2,5.6e-05,0.0,-0.9987,0.9987
suspense,2,0,2,5.6e-05,0.0,-0.9987,0.9987
sheeran,2,0,2,5.6e-05,0.0,-0.9987,0.9987
eudrylantiqua,0,2,2,0.0,6.5e-05,1.1986,1.1986
cmon,2,0,2,5.6e-05,0.0,-0.9987,0.9987
sarcasm,2,0,2,5.6e-05,0.0,-0.9987,0.9987
inspired,2,0,2,5.6e-05,0.0,-0.9987,0.9987
losdelsonido,0,2,2,0.0,6.5e-05,1.1986,1.1986
hannaph,0,2,2,0.0,6.5e-05,1.1986,1.1986
careless,1,1,2,2.8e-05,3.2e-05,0.0999,0.0999
pivot,2,0,2,5.6e-05,0.0,-0.9987,0.9987
macia,2,0,2,5.6e-05,0.0,-0.9987,0.9987
cc,2,0,2,5.6e-05,0.0,-0.9987,0.9987
auckland,0,2,2,0.0,6.5e-05,1.1986,1.1986
20s,1,1,2,2.8e-05,3.2e-05,0.0999,0.0999
geneva,0,2,2,0.0,6.5e-05,1.1986,1.1986
decent,2,0,2,5.6e-05,0.0,-0.9987,0.9987
allies,0,2,2,0.0,6.5e-05,1.1986,1.1986
weston,0,2,2,0.0,6.5e-05,1.1986,1.1986
riyadh,0,2,2,0.0,6.5e-05,1.1986,1.1986
dey,2,0,2,5.6e-05,0.0,-0.9987,0.9987
firemen,1,1,2,2.8e-05,3.2e-05,0.0999,0.0999
emsc,0,2,2,0.0,6.5e-05,1.1986,1.1986
november,1,1,2,2.8e-05,3.2e-05,0.0999,0.0999
pertains,2,0,2,5.6e-05,0.0,-0.9987,0.9987
suit,1,1,2,2.8e-05,3.2e-05,0.0999,0.0999
kotaweather,0,2,2,0.0,6.5e-05,1.1986,1.1986
stole,2,0,2,5.6e-05,0.0,-0.9987,0.9987
38pm,0,2,2,0.0,6.5e-05,1.1986,1.1986
invited,1,1,2,2.8e-05,3.2e-05,0.0999,0.0999
privacy,2,0,2,5.6e-05,0.0,-0.9987,0.9987
ducks,2,0,2,5.6e-05,0.0,-0.9987,0.9987
payday,2,0,2,5.6e-05,0.0,-0.9987,0.9987
kith,2,0,2,5.6e-05,0.0,-0.9987,0.9987
core,1,1,2,2.8e-05,3.2e-05,0.0999,0.0999
gettin,2,0,2,5.6e-05,0.0,-0.9987,0.9987
extension,2,0,2,5.6e-05,0.0,-0.9987,0.9987
tale,1,1,2,2.8e-05,3.2e-05,0.0999,0.0999
hyderabad,0,2,2,0.0,6.5e-05,1.1986,1.1986
tryouts,1,1,2,2.8e-05,3.2e-05,0.0999,0.0999
juice,2,0,2,5.6e-05,0.0,-0.9987,0.9987
label,1,1,2,2.8e-05,3.2e-05,0.0999,0.0999
graveyard,1,1,2,2.8e-05,3.2e-05,0.0999,0.0999
liberal,1,1,2,2.8e-05,3.2e-05,0.0999,0.0999
meteoearth,0,2,2,0.0,6.5e-05,1.1986,1.1986
apartments,1,1,2,2.8e-05,3.2e-05,0.0999,0.0999
unity,0,2,2,0.0,6.5e-05,1.1986,1.1986
niall,2,0,2,5.6e-05,0.0,-0.9987,0.9987
liveonk2,0,2,2,0.0,6.5e-05,1.1986,1.1986
backs,1,1,2,2.8e-05,3.2e-05,0.0999,0.0999
del,1,1,2,2.8e-05,3.2e-05,0.0999,0.0999
wasn,1,1,2,2.8e-05,3.2e-05,0.0999,0.0999
riding,0,2,2,0.0,6.5e-05,1.1986,1.1986
contract,2,0,2,5.6e-05,0.0,-0.9987,0.9987
83,1,1,2,2.8e-05,3.2e-05,0.0999,0.0999
putins,2,0,2,5.6e-05,0.0,-0.9987,0.9987
beclearoncancer,0,2,2,0.0,6.5e-05,1.1986,1.1986
cus,1,1,2,2.8e-05,3.2e-05,0.0999,0.0999
gig,2,0,2,5.6e-05,0.0,-0.9987,0.9987
offramp,0,2,2,0.0,6.5e-05,1.1986,1.1986
tgirl,2,0,2,5.6e-05,0.0,-0.9987,0.9987
district,0,2,2,0.0,6.5e-05,1.1986,1.1986
thisiswhywecanthavenicethings,2,0,2,5.6e-05,0.0,-0.9987,0.9987
servants,2,0,2,5.6e-05,0.0,-0.9987,0.9987
harwich,0,2,2,0.0,6.5e-05,1.1986,1.1986
income,2,0,2,5.6e-05,0.0,-0.9987,0.9987
smooth,2,0,2,5.6e-05,0.0,-0.9987,0.9987
basically,2,0,2,5.6e-05,0.0,-0.9987,0.9987
abia,0,2,2,0.0,6.5e-05,1.1986,1.1986
isil,0,2,2,0.0,6.5e-05,1.1986,1.1986
visto,2,0,2,5.6e-05,0.0,-0.9987,0.9987
sacramento,0,2,2,0.0,6.5e-05,1.1986,1.1986
rspca,2,0,2,5.6e-05,0.0,-0.9987,0.9987
sj,0,2,2,0.0,6.5e-05,1.1986,1.1986
tomatoes,2,0,2,5.6e-05,0.0,-0.9987,0.9987
responding,1,1,2,2.8e-05,3.2e-05,0.0999,0.0999
thrown,1,1,2,2.8e-05,3.2e-05,0.0999,0.0999
surrender,0,2,2,0.0,6.5e-05,1.1986,1.1986
crickets,0,2,2,0.0,6.5e-05,1.1986,1.1986
demon,2,0,2,5.6e-05,0.0,-0.9987,0.9987
rory,2,0,2,5.6e-05,0.0,-0.9987,0.9987
liability,0,2,2,0.0,6.5e-05,1.1986,1.1986
estimates,0,2,2,0.0,6.5e-05,1.1986,1.1986
simultaneous,0,2,2,0.0,6.5e-05,1.1986,1.1986
greatbritishbakeoff,1,1,2,2.8e-05,3.2e-05,0.0999,0.0999
allegations,2,0,2,5.6e-05,0.0,-0.9987,0.9987
cindy,1,1,2,2.8e-05,3.2e-05,0.0999,0.0999
fart,1,1,2,2.8e-05,3.2e-05,0.0999,0.0999
kanye,1,1,2,2.8e-05,3.2e-05,0.0999,0.0999
lance,2,0,2,5.6e-05,0.0,-0.9987,0.9987
pakpattan,0,2,2,0.0,6.5e-05,1.1986,1.1986
dope,2,0,2,5.6e-05,0.0,-0.9987,0.9987
frontlines,0,2,2,0.0,6.5e-05,1.1986,1.1986
siskiyou,0,2,2,0.0,6.5e-05,1.1986,1.1986
divided,2,0,2,5.6e-05,0.0,-0.9987,0.9987
efak,0,2,2,0.0,6.5e-05,1.1986,1.1986
ignored,1,1,2,2.8e-05,3.2e-05,0.0999,0.0999
91,0,2,2,0.0,6.5e-05,1.1986,1.1986
aviation,0,2,2,0.0,6.5e-05,1.1986,1.1986
smiling,2,0,2,5.6e-05,0.0,-0.9987,0.9987
spilled,0,2,2,0.0,6.5e-05,1.1986,1.1986
mgm,1,1,2,2.8e-05,3.2e-05,0.0999,0.0999
recording,1,1,2,2.8e-05,3.2e-05,0.0999,0.0999
affleck,2,0,2,5.6e-05,0.0,-0.9987,0.9987
testimony,2,0,2,5.6e-05,0.0,-0.9987,0.9987
edward,0,2,2,0.0,6.5e-05,1.1986,1.1986
cod,2,0,2,5.6e-05,0.0,-0.9987,0.9987
hardcore,2,0,2,5.6e-05,0.0,-0.9987,0.9987
file,2,0,2,5.6e-05,0.0,-0.9987,0.9987
sustainability,0,2,2,0.0,6.5e-05,1.1986,1.1986
elderly,1,1,2,2.8e-05,3.2e-05,0.0999,0.0999
squirrel,2,0,2,5.6e-05,0.0,-0.9987,0.9987
pedestrians,0,2,2,0.0,6.5e-05,1.1986,1.1986
travelling,0,2,2,0.0,6.5e-05,1.1986,1.1986
struggling,1,1,2,2.8e-05,3.2e-05,0.0999,0.0999
nnw,0,2,2,0.0,6.5e-05,1.1986,1.1986
freaking,1,1,2,2.8e-05,3.2e-05,0.0999,0.0999
sudden,2,0,2,5.6e-05,0.0,-0.9987,0.9987
kendall,1,1,2,2.8e-05,3.2e-05,0.0999,0.0999
mufc,2,0,2,5.6e-05,0.0,-0.9987,0.9987
hearthstone,2,0,2,5.6e-05,0.0,-0.9987,0.9987
newswatch,0,2,2,0.0,6.5e-05,1.1986,1.1986
enroute,0,2,2,0.0,6.5e-05,1.1986,1.1986
magisters,2,0,2,5.6e-05,0.0,-0.9987,0.9987
fifa16,2,0,2,5.6e-05,0.0,-0.9987,0.9987
wattle,0,2,2,0.0,6.5e-05,1.1986,1.1986
commonwealth,0,2,2,0.0,6.5e-05,1.1986,1.1986
cables,2,0,2,5.6e-05,0.0,-0.9987,0.9987
milwaukee,2,0,2,5.6e-05,0.0,-0.9987,0.9987
nikeplus,2,0,2,5.6e-05,0.0,-0.9987,0.9987
pasta,2,0,2,5.6e-05,0.0,-0.9987,0.9987
fte,1,1,2,2.8e-05,3.2e-05,0.0999,0.0999
thankful,0,2,2,0.0,6.5e-05,1.1986,1.1986
endangered,1,1,2,2.8e-05,3.2e-05,0.0999,0.0999
crystal,1,1,2,2.8e-05,3.2e-05,0.0999,0.0999
chronicle,1,1,2,2.8e-05,3.2e-05,0.0999,0.0999
editorial,0,2,2,0.0,6.5e-05,1.1986,1.1986
midnight,2,0,2,5.6e-05,0.0,-0.9987,0.9987
comingsoon,1,1,2,2.8e-05,3.2e-05,0.0999,0.0999
realised,2,0,2,5.6e-05,0.0,-0.9987,0.9987
irvine,0,2,2,0.0,6.5e-05,1.1986,1.1986
boxing,1,1,2,2.8e-05,3.2e-05,0.0999,0.0999
hannemans,2,0,2,5.6e-05,0.0,-0.9987,0.9987
guatemala,0,2,2,0.0,6.5e-05,1.1986,1.1986
babes,2,0,2,5.6e-05,0.0,-0.9987,0.9987
indoors,0,2,2,0.0,6.5e-05,1.1986,1.1986
nostalgia,2,0,2,5.6e-05,0.0,-0.9987,0.9987
andrew,2,0,2,5.6e-05,0.0,-0.9987,0.9987
traverse,0,2,2,0.0,6.5e-05,1.1986,1.1986
boundary,0,2,2,0.0,6.5e-05,1.1986,1.1986
thee,1,1,2,2.8e-05,3.2e-05,0.0999,0.0999
neck,1,1,2,2.8e-05,3.2e-05,0.0999,0.0999
favorites,1,1,2,2.8e-05,3.2e-05,0.0999,0.0999
facilities,2,0,2,5.6e-05,0.0,-0.9987,0.9987
minions,2,0,2,5.6e-05,0.0,-0.9987,0.9987
bets,1,1,2,2.8e-05,3.2e-05,0.0999,0.0999
troll,1,1,2,2.8e-05,3.2e-05,0.0999,0.0999
lapse,0,2,2,0.0,6.5e-05,1.1986,1.1986
unfortunately,2,0,2,5.6e-05,0.0,-0.9987,0.9987
treatments,2,0,2,5.6e-05,0.0,-0.9987,0.9987
shaw,2,0,2,5.6e-05,0.0,-0.9987,0.9987
predator,2,0,2,5.6e-05,0.0,-0.9987,0.9987
spectacular,1,1,2,2.8e-05,3.2e-05,0.0999,0.0999
evolve,1,1,2,2.8e-05,3.2e-05,0.0999,0.0999
executing,0,2,2,0.0,6.5e-05,1.1986,1.1986
stunned,0,2,2,0.0,6.5e-05,1.1986,1.1986
maintain,1,1,2,2.8e-05,3.2e-05,0.0999,0.0999
fury,1,1,2,2.8e-05,3.2e-05,0.0999,0.0999
dame,1,1,2,2.8e-05,3.2e-05,0.0999,0.0999
genius,1,1,2,2.8e-05,3.2e-05,0.0999,0.0999
vietnamese,1,1,2,2.8e-05,3.2e-05,0.0999,0.0999
recreates,2,0,2,5.6e-05,0.0,-0.9987,0.9987
finished,2,0,2,5.6e-05,0.0,-0.9987,0.9987
emperor,2,0,2,5.6e-05,0.0,-0.9987,0.9987
digital,2,0,2,5.6e-05,0.0,-0.9987,0.9987
poss,0,2,2,0.0,6.5e-05,1.1986,1.1986
bridges,1,1,2,2.8e-05,3.2e-05,0.0999,0.0999
lollapalooza,0,2,2,0.0,6.5e-05,1.1986,1.1986
lawton,1,1,2,2.8e-05,3.2e-05,0.0999,0.0999
cites,1,1,2,2.8e-05,3.2e-05,0.0999,0.0999
technologies,2,0,2,5.6e-05,0.0,-0.9987,0.9987
acquire,1,1,2,2.8e-05,3.2e-05,0.0999,0.0999
whitbourne,0,2,2,0.0,6.5e-05,1.1986,1.1986
marin,0,2,2,0.0,6.5e-05,1.1986,1.1986
peacefully,0,2,2,0.0,6.5e-05,1.1986,1.1986
gg,2,0,2,5.6e-05,0.0,-0.9987,0.9987
crippling,1,1,2,2.8e-05,3.2e-05,0.0999,0.0999
crowns,2,0,2,5.6e-05,0.0,-0.9987,0.9987
moscow,0,2,2,0.0,6.5e-05,1.1986,1.1986
bicycles,0,2,2,0.0,6.5e-05,1.1986,1.1986
rolls,0,2,2,0.0,6.5e-05,1.1986,1.1986
cafire,0,2,2,0.0,6.5e-05,1.1986,1.1986
hmu,2,0,2,5.6e-05,0.0,-0.9987,0.9987
attained,1,1,2,2.8e-05,3.2e-05,0.0999,0.0999
drifting,1,1,2,2.8e-05,3.2e-05,0.0999,0.0999
commerce,1,1,2,2.8e-05,3.2e-05,0.0999,0.0999
medals,0,2,2,0.0,6.5e-05,1.1986,1.1986
overwork,2,0,2,5.6e-05,0.0,-0.9987,0.9987
habits,2,0,2,5.6e-05,0.0,-0.9987,0.9987
wftv,2,0,2,5.6e-05,0.0,-0.9987,0.9987
relentless,0,2,2,0.0,6.5e-05,1.1986,1.1986
legio,0,2,2,0.0,6.5e-05,1.1986,1.1986
geotech,1,0,1,2.8e-05,0.0,-0.5932,0.5932
924,1,0,1,2.8e-05,0.0,-0.5932,0.5932
avoids,0,1,1,0.0,3.2e-05,0.7931,0.7931
unfilled,1,0,1,2.8e-05,0.0,-0.5932,0.5932
2leezy,0,1,1,0.0,3.2e-05,0.7931,0.7931
musicadvisory,1,0,1,2.8e-05,0.0,-0.5932,0.5932
mistress,1,0,1,2.8e-05,0.0,-0.5932,0.5932
nominations,1,0,1,2.8e-05,0.0,-0.5932,0.5932
mute,1,0,1,2.8e-05,0.0,-0.5932,0.5932
goof,1,0,1,2.8e-05,0.0,-0.5932,0.5932
esteem,1,0,1,2.8e-05,0.0,-0.5932,0.5932
epidemics,0,1,1,0.0,3.2e-05,0.7931,0.7931
myanmars,0,1,1,0.0,3.2e-05,0.7931,0.7931
absurd,0,1,1,0.0,3.2e-05,0.7931,0.7931
testimonials,0,1,1,0.0,3.2e-05,0.7931,0.7931
tottenham,0,1,1,0.0,3.2e-05,0.7931,0.7931
arrival,0,1,1,0.0,3.2e-05,0.7931,0.7931
debacle,0,1,1,0.0,3.2e-05,0.7931,0.7931
aquarius,1,0,1,2.8e-05,0.0,-0.5932,0.5932
ziuw,0,1,1,0.0,3.2e-05,0.7931,0.7931
dig,0,1,1,0.0,3.2e-05,0.7931,0.7931
nbanews,0,1,1,0.0,3.2e-05,0.7931,0.7931
awesomelove,1,0,1,2.8e-05,0.0,-0.5932,0.5932
paci,1,0,1,2.8e-05,0.0,-0.5932,0.5932
baking,1,0,1,2.8e-05,0.0,-0.5932,0.5932
santanico,1,0,1,2.8e-05,0.0,-0.5932,0.5932
20177,1,0,1,2.8e-05,0.0,-0.5932,0.5932
littlebitofbass,1,0,1,2.8e-05,0.0,-0.5932,0.5932
todayhave,1,0,1,2.8e-05,0.0,-0.5932,0.5932
nightbeat,0,1,1,0.0,3.2e-05,0.7931,0.7931
shia,0,1,1,0.0,3.2e-05,0.7931,0.7931
idaho,0,1,1,0.0,3.2e-05,0.7931,0.7931
helios,1,0,1,2.8e-05,0.0,-0.5932,0.5932
wompppp,0,1,1,0.0,3.2e-05,0.7931,0.7931
objection,0,1,1,0.0,3.2e-05,0.7931,0.7931
uncertain,1,0,1,2.8e-05,0.0,-0.5932,0.5932
nino,0,1,1,0.0,3.2e-05,0.7931,0.7931
upward,0,1,1,0.0,3.2e-05,0.7931,0.7931
75000,0,1,1,0.0,3.2e-05,0.7931,0.7931
imbalances,1,0,1,2.8e-05,0.0,-0.5932,0.5932
firearm,1,0,1,2.8e-05,0.0,-0.5932,0.5932
lemme,1,0,1,2.8e-05,0.0,-0.5932,0.5932
joys,1,0,1,2.8e-05,0.0,-0.5932,0.5932
anchor,1,0,1,2.8e-05,0.0,-0.5932,0.5932
clears,0,1,1,0.0,3.2e-05,0.7931,0.7931
bel,1,0,1,2.8e-05,0.0,-0.5932,0.5932
klimkin,0,1,1,0.0,3.2e-05,0.7931,0.7931
jackholes,0,1,1,0.0,3.2e-05,0.7931,0.7931
dei,0,1,1,0.0,3.2e-05,0.7931,0.7931
assume,1,0,1,2.8e-05,0.0,-0.5932,0.5932
pots,0,1,1,0.0,3.2e-05,0.7931,0.7931
oppressed,1,0,1,2.8e-05,0.0,-0.5932,0.5932
mosh,0,1,1,0.0,3.2e-05,0.7931,0.7931
dtb,1,0,1,2.8e-05,0.0,-0.5932,0.5932
masses,1,0,1,2.8e-05,0.0,-0.5932,0.5932
canontattoo,1,0,1,2.8e-05,0.0,-0.5932,0.5932
fab,1,0,1,2.8e-05,0.0,-0.5932,0.5932
dented,0,1,1,0.0,3.2e-05,0.7931,0.7931
breakth,0,1,1,0.0,3.2e-05,0.7931,0.7931
sparkz,1,0,1,2.8e-05,0.0,-0.5932,0.5932
husband,1,0,1,2.8e-05,0.0,-0.5932,0.5932
barracks,0,1,1,0.0,3.2e-05,0.7931,0.7931
pb,1,0,1,2.8e-05,0.0,-0.5932,0.5932
vegan,1,0,1,2.8e-05,0.0,-0.5932,0.5932
planetary,0,1,1,0.0,3.2e-05,0.7931,0.7931
redesigned,1,0,1,2.8e-05,0.0,-0.5932,0.5932
gearing,0,1,1,0.0,3.2e-05,0.7931,0.7931
handled,0,1,1,0.0,3.2e-05,0.7931,0.7931
stations,0,1,1,0.0,3.2e-05,0.7931,0.7931
lucifer,0,1,1,0.0,3.2e-05,0.7931,0.7931
abortions,1,0,1,2.8e-05,0.0,-0.5932,0.5932
horrifying,0,1,1,0.0,3.2e-05,0.7931,0.7931
camper,1,0,1,2.8e-05,0.0,-0.5932,0.5932
rubbing,1,0,1,2.8e-05,0.0,-0.5932,0.5932
dynamix,1,0,1,2.8e-05,0.0,-0.5932,0.5932
disowned,0,1,1,0.0,3.2e-05,0.7931,0.7931
willis,0,1,1,0.0,3.2e-05,0.7931,0.7931
proven,1,0,1,2.8e-05,0.0,-0.5932,0.5932
lindsay,1,0,1,2.8e-05,0.0,-0.5932,0.5932
trickier,0,1,1,0.0,3.2e-05,0.7931,0.7931
langtree,0,1,1,0.0,3.2e-05,0.7931,0.7931
collateral,1,0,1,2.8e-05,0.0,-0.5932,0.5932
mhmmm,0,1,1,0.0,3.2e-05,0.7931,0.7931
yellows,1,0,1,2.8e-05,0.0,-0.5932,0.5932
texaschainsawmassacre,1,0,1,2.8e-05,0.0,-0.5932,0.5932
episodes,1,0,1,2.8e-05,0.0,-0.5932,0.5932
wsj,0,1,1,0.0,3.2e-05,0.7931,0.7931
greyjoys,1,0,1,2.8e-05,0.0,-0.5932,0.5932
expose,1,0,1,2.8e-05,0.0,-0.5932,0.5932
ropes,1,0,1,2.8e-05,0.0,-0.5932,0.5932
kc5kh,0,1,1,0.0,3.2e-05,0.7931,0.7931
trooper,1,0,1,2.8e-05,0.0,-0.5932,0.5932
2fast2furious,1,0,1,2.8e-05,0.0,-0.5932,0.5932
disrupted,0,1,1,0.0,3.2e-05,0.7931,0.7931
cucumber,1,0,1,2.8e-05,0.0,-0.5932,0.5932
coefficient,1,0,1,2.8e-05,0.0,-0.5932,0.5932
viper,1,0,1,2.8e-05,0.0,-0.5932,0.5932
grandma,1,0,1,2.8e-05,0.0,-0.5932,0.5932
hung,1,0,1,2.8e-05,0.0,-0.5932,0.5932
liv,1,0,1,2.8e-05,0.0,-0.5932,0.5932
oliviamiles01,1,0,1,2.8e-05,0.0,-0.5932,0.5932
alhaji,1,0,1,2.8e-05,0.0,-0.5932,0.5932
12mm,1,0,1,2.8e-05,0.0,-0.5932,0.5932
ds,1,0,1,2.8e-05,0.0,-0.5932,0.5932
seagulls,0,1,1,0.0,3.2e-05,0.7931,0.7931
dlc,0,1,1,0.0,3.2e-05,0.7931,0.7931
goooooooo,1,0,1,2.8e-05,0.0,-0.5932,0.5932
scratches,1,0,1,2.8e-05,0.0,-0.5932,0.5932
wps,0,1,1,0.0,3.2e-05,0.7931,0.7931
lwb,1,0,1,2.8e-05,0.0,-0.5932,0.5932
knowlddge,1,0,1,2.8e-05,0.0,-0.5932,0.5932
amazingness,1,0,1,2.8e-05,0.0,-0.5932,0.5932
lenore,1,0,1,2.8e-05,0.0,-0.5932,0.5932
metre,1,0,1,2.8e-05,0.0,-0.5932,0.5932
furst,1,0,1,2.8e-05,0.0,-0.5932,0.5932
bestia,1,0,1,2.8e-05,0.0,-0.5932,0.5932
collisions,0,1,1,0.0,3.2e-05,0.7931,0.7931
pleasantly,0,1,1,0.0,3.2e-05,0.7931,0.7931
igs,1,0,1,2.8e-05,0.0,-0.5932,0.5932
esn,1,0,1,2.8e-05,0.0,-0.5932,0.5932
isla,0,1,1,0.0,3.2e-05,0.7931,0.7931
layer,0,1,1,0.0,3.2e-05,0.7931,0.7931
shantaeforsmash,1,0,1,2.8e-05,0.0,-0.5932,0.5932
mar,1,0,1,2.8e-05,0.0,-0.5932,0.5932
bash,1,0,1,2.8e-05,0.0,-0.5932,0.5932
infantry,1,0,1,2.8e-05,0.0,-0.5932,0.5932
choctaw,0,1,1,0.0,3.2e-05,0.7931,0.7931
37592,1,0,1,2.8e-05,0.0,-0.5932,0.5932
defensive,1,0,1,2.8e-05,0.0,-0.5932,0.5932
difficulty,1,0,1,2.8e-05,0.0,-0.5932,0.5932
desperate,1,0,1,2.8e-05,0.0,-0.5932,0.5932
bloodymonday,1,0,1,2.8e-05,0.0,-0.5932,0.5932
bennycapricon,1,0,1,2.8e-05,0.0,-0.5932,0.5932
rigour,1,0,1,2.8e-05,0.0,-0.5932,0.5932
veil,1,0,1,2.8e-05,0.0,-0.5932,0.5932
10000,0,1,1,0.0,3.2e-05,0.7931,0.7931
pogo,1,0,1,2.8e-05,0.0,-0.5932,0.5932
significance,1,0,1,2.8e-05,0.0,-0.5932,0.5932
skinless,1,0,1,2.8e-05,0.0,-0.5932,0.5932
explanation,1,0,1,2.8e-05,0.0,-0.5932,0.5932
hai,0,1,1,0.0,3.2e-05,0.7931,0.7931
salvadors,0,1,1,0.0,3.2e-05,0.7931,0.7931
exums,0,1,1,0.0,3.2e-05,0.7931,0.7931
gemma,0,1,1,0.0,3.2e-05,0.7931,0.7931
bhp,1,0,1,2.8e-05,0.0,-0.5932,0.5932
banana,1,0,1,2.8e-05,0.0,-0.5932,0.5932
cgg,0,1,1,0.0,3.2e-05,0.7931,0.7931
jsunnews,0,1,1,0.0,3.2e-05,0.7931,0.7931
dessicated,1,0,1,2.8e-05,0.0,-0.5932,0.5932
cmcsa,1,0,1,2.8e-05,0.0,-0.5932,0.5932
tunes,1,0,1,2.8e-05,0.0,-0.5932,0.5932
capitulation,1,0,1,2.8e-05,0.0,-0.5932,0.5932
fascinating,1,0,1,2.8e-05,0.0,-0.5932,0.5932
ibeto,1,0,1,2.8e-05,0.0,-0.5932,0.5932
childress,1,0,1,2.8e-05,0.0,-0.5932,0.5932
cilla,1,0,1,2.8e-05,0.0,-0.5932,0.5932
macon,0,1,1,0.0,3.2e-05,0.7931,0.7931
pronouncing,1,0,1,2.8e-05,0.0,-0.5932,0.5932
marble,1,0,1,2.8e-05,0.0,-0.5932,0.5932
transgender,0,1,1,0.0,3.2e-05,0.7931,0.7931
spoiled,0,1,1,0.0,3.2e-05,0.7931,0.7931
defender,1,0,1,2.8e-05,0.0,-0.5932,0.5932
smp,1,0,1,2.8e-05,0.0,-0.5932,0.5932
beisbol,1,0,1,2.8e-05,0.0,-0.5932,0.5932
incidents,0,1,1,0.0,3.2e-05,0.7931,0.7931
yosemite,1,0,1,2.8e-05,0.0,-0.5932,0.5932
complaining,1,0,1,2.8e-05,0.0,-0.5932,0.5932
exp0sed,1,0,1,2.8e-05,0.0,-0.5932,0.5932
beef,1,0,1,2.8e-05,0.0,-0.5932,0.5932
childcare,0,1,1,0.0,3.2e-05,0.7931,0.7931
goner,1,0,1,2.8e-05,0.0,-0.5932,0.5932
bings,0,1,1,0.0,3.2e-05,0.7931,0.7931
iowa,1,0,1,2.8e-05,0.0,-0.5932,0.5932
bounce,1,0,1,2.8e-05,0.0,-0.5932,0.5932
iso,1,0,1,2.8e-05,0.0,-0.5932,0.5932
roga,0,1,1,0.0,3.2e-05,0.7931,0.7931
watchthevideo,0,1,1,0.0,3.2e-05,0.7931,0.7931
task,0,1,1,0.0,3.2e-05,0.7931,0.7931
honored,0,1,1,0.0,3.2e-05,0.7931,0.7931
mafireems,0,1,1,0.0,3.2e-05,0.7931,0.7931
gag,1,0,1,2.8e-05,0.0,-0.5932,0.5932
iot,0,1,1,0.0,3.2e-05,0.7931,0.7931
wc,1,0,1,2.8e-05,0.0,-0.5932,0.5932
dixie,1,0,1,2.8e-05,0.0,-0.5932,0.5932
misguided,1,0,1,2.8e-05,0.0,-0.5932,0.5932
basalt,1,0,1,2.8e-05,0.0,-0.5932,0.5932
musicvideo,1,0,1,2.8e-05,0.0,-0.5932,0.5932
omaha,0,1,1,0.0,3.2e-05,0.7931,0.7931
osha,0,1,1,0.0,3.2e-05,0.7931,0.7931
uniteblue,1,0,1,2.8e-05,0.0,-0.5932,0.5932
bodied,0,1,1,0.0,3.2e-05,0.7931,0.7931
webinar,0,1,1,0.0,3.2e-05,0.7931,0.7931
creative,0,1,1,0.0,3.2e-05,0.7931,0.7931
polaroids,1,0,1,2.8e-05,0.0,-0.5932,0.5932
unaware,0,1,1,0.0,3.2e-05,0.7931,0.7931
flips,1,0,1,2.8e-05,0.0,-0.5932,0.5932
30pcs,1,0,1,2.8e-05,0.0,-0.5932,0.5932
perforated,1,0,1,2.8e-05,0.0,-0.5932,0.5932
remixes,1,0,1,2.8e-05,0.0,-0.5932,0.5932
enacts,0,1,1,0.0,3.2e-05,0.7931,0.7931
hil,0,1,1,0.0,3.2e-05,0.7931,0.7931
bridgetown,0,1,1,0.0,3.2e-05,0.7931,0.7931
rascal,1,0,1,2.8e-05,0.0,-0.5932,0.5932
dried,1,0,1,2.8e-05,0.0,-0.5932,0.5932
ddos,1,0,1,2.8e-05,0.0,-0.5932,0.5932
mild,1,0,1,2.8e-05,0.0,-0.5932,0.5932
apr,1,0,1,2.8e-05,0.0,-0.5932,0.5932
juanmthompson,0,1,1,0.0,3.2e-05,0.7931,0.7931
nevermore,1,0,1,2.8e-05,0.0,-0.5932,0.5932
cadrought,1,0,1,2.8e-05,0.0,-0.5932,0.5932
endless,1,0,1,2.8e-05,0.0,-0.5932,0.5932
pizzas,1,0,1,2.8e-05,0.0,-0.5932,0.5932
pci,1,0,1,2.8e-05,0.0,-0.5932,0.5932
ks100,1,0,1,2.8e-05,0.0,-0.5932,0.5932
amicos,1,0,1,2.8e-05,0.0,-0.5932,0.5932
surveys,1,0,1,2.8e-05,0.0,-0.5932,0.5932
38745,1,0,1,2.8e-05,0.0,-0.5932,0.5932
birminghams,1,0,1,2.8e-05,0.0,-0.5932,0.5932
yeda,0,1,1,0.0,3.2e-05,0.7931,0.7931
athletics,1,0,1,2.8e-05,0.0,-0.5932,0.5932
fences,0,1,1,0.0,3.2e-05,0.7931,0.7931
idiots,0,1,1,0.0,3.2e-05,0.7931,0.7931
au,0,1,1,0.0,3.2e-05,0.7931,0.7931
petroleum,0,1,1,0.0,3.2e-05,0.7931,0.7931
explosions,0,1,1,0.0,3.2e-05,0.7931,0.7931
300k,0,1,1,0.0,3.2e-05,0.7931,0.7931
radios,1,0,1,2.8e-05,0.0,-0.5932,0.5932
intl,0,1,1,0.0,3.2e-05,0.7931,0.7931
knives,1,0,1,2.8e-05,0.0,-0.5932,0.5932
alternative,0,1,1,0.0,3.2e-05,0.7931,0.7931
theramin,0,1,1,0.0,3.2e-05,0.7931,0.7931
trafficnetwork,0,1,1,0.0,3.2e-05,0.7931,0.7931
peeped,1,0,1,2.8e-05,0.0,-0.5932,0.5932
jfb,1,0,1,2.8e-05,0.0,-0.5932,0.5932
cummerbund,1,0,1,2.8e-05,0.0,-0.5932,0.5932
santaclara,0,1,1,0.0,3.2e-05,0.7931,0.7931
sorely,0,1,1,0.0,3.2e-05,0.7931,0.7931
struggle,0,1,1,0.0,3.2e-05,0.7931,0.7931
ferrochrome,1,0,1,2.8e-05,0.0,-0.5932,0.5932
virg,0,1,1,0.0,3.2e-05,0.7931,0.7931
apts,0,1,1,0.0,3.2e-05,0.7931,0.7931
connection,1,0,1,2.8e-05,0.0,-0.5932,0.5932
pundit,1,0,1,2.8e-05,0.0,-0.5932,0.5932
triumph,1,0,1,2.8e-05,0.0,-0.5932,0.5932
truckload,0,1,1,0.0,3.2e-05,0.7931,0.7931
lashes,0,1,1,0.0,3.2e-05,0.7931,0.7931
electronicmusic,1,0,1,2.8e-05,0.0,-0.5932,0.5932
oficial,0,1,1,0.0,3.2e-05,0.7931,0.7931
newsarama,1,0,1,2.8e-05,0.0,-0.5932,0.5932
cabins,0,1,1,0.0,3.2e-05,0.7931,0.7931
radical,1,0,1,2.8e-05,0.0,-0.5932,0.5932
gravitychat,1,0,1,2.8e-05,0.0,-0.5932,0.5932
shiver,1,0,1,2.8e-05,0.0,-0.5932,0.5932
costing,1,0,1,2.8e-05,0.0,-0.5932,0.5932
yorkshire,1,0,1,2.8e-05,0.0,-0.5932,0.5932
charming,1,0,1,2.8e-05,0.0,-0.5932,0.5932
forsee,1,0,1,2.8e-05,0.0,-0.5932,0.5932
pieceofme,1,0,1,2.8e-05,0.0,-0.5932,0.5932
articals,0,1,1,0.0,3.2e-05,0.7931,0.7931
alameda,0,1,1,0.0,3.2e-05,0.7931,0.7931
shoutout,1,0,1,2.8e-05,0.0,-0.5932,0.5932
natsnation,1,0,1,2.8e-05,0.0,-0.5932,0.5932
sales,1,0,1,2.8e-05,0.0,-0.5932,0.5932
listia,1,0,1,2.8e-05,0.0,-0.5932,0.5932
saddle,1,0,1,2.8e-05,0.0,-0.5932,0.5932
lefties,1,0,1,2.8e-05,0.0,-0.5932,0.5932
amber,1,0,1,2.8e-05,0.0,-0.5932,0.5932
flynn,0,1,1,0.0,3.2e-05,0.7931,0.7931
maxed,0,1,1,0.0,3.2e-05,0.7931,0.7931
probs,0,1,1,0.0,3.2e-05,0.7931,0.7931
generous,1,0,1,2.8e-05,0.0,-0.5932,0.5932
1x1,1,0,1,2.8e-05,0.0,-0.5932,0.5932
texans,1,0,1,2.8e-05,0.0,-0.5932,0.5932
horno,0,1,1,0.0,3.2e-05,0.7931,0.7931
urself,1,0,1,2.8e-05,0.0,-0.5932,0.5932
petersens,1,0,1,2.8e-05,0.0,-0.5932,0.5932
pearlharbor,0,1,1,0.0,3.2e-05,0.7931,0.7931
lyrium,1,0,1,2.8e-05,0.0,-0.5932,0.5932
delusions,1,0,1,2.8e-05,0.0,-0.5932,0.5932
dealings,0,1,1,0.0,3.2e-05,0.7931,0.7931
nuh,1,0,1,2.8e-05,0.0,-0.5932,0.5932
upsetting,1,0,1,2.8e-05,0.0,-0.5932,0.5932
g90,0,1,1,0.0,3.2e-05,0.7931,0.7931
reboot,1,0,1,2.8e-05,0.0,-0.5932,0.5932
shrewsbury,0,1,1,0.0,3.2e-05,0.7931,0.7931
goin,1,0,1,2.8e-05,0.0,-0.5932,0.5932
toooooo,1,0,1,2.8e-05,0.0,-0.5932,0.5932
2hours,1,0,1,2.8e-05,0.0,-0.5932,0.5932
hamstring,1,0,1,2.8e-05,0.0,-0.5932,0.5932
transportation,0,1,1,0.0,3.2e-05,0.7931,0.7931
fa,1,0,1,2.8e-05,0.0,-0.5932,0.5932
twimbos,0,1,1,0.0,3.2e-05,0.7931,0.7931
communicate,1,0,1,2.8e-05,0.0,-0.5932,0.5932
mallord,1,0,1,2.8e-05,0.0,-0.5932,0.5932
warmbodies,1,0,1,2.8e-05,0.0,-0.5932,0.5932
surges,0,1,1,0.0,3.2e-05,0.7931,0.7931
algae,0,1,1,0.0,3.2e-05,0.7931,0.7931
ftw,1,0,1,2.8e-05,0.0,-0.5932,0.5932
charlize,1,0,1,2.8e-05,0.0,-0.5932,0.5932
traitor,0,1,1,0.0,3.2e-05,0.7931,0.7931
evaded,0,1,1,0.0,3.2e-05,0.7931,0.7931
akito,1,0,1,2.8e-05,0.0,-0.5932,0.5932
3dc,1,0,1,2.8e-05,0.0,-0.5932,0.5932
rsf,1,0,1,2.8e-05,0.0,-0.5932,0.5932
migrating,1,0,1,2.8e-05,0.0,-0.5932,0.5932
alsowhat,0,1,1,0.0,3.2e-05,0.7931,0.7931
socal,0,1,1,0.0,3.2e-05,0.7931,0.7931
illegals,1,0,1,2.8e-05,0.0,-0.5932,0.5932
cnns,0,1,1,0.0,3.2e-05,0.7931,0.7931
365disasters,0,1,1,0.0,3.2e-05,0.7931,0.7931
gin,1,0,1,2.8e-05,0.0,-0.5932,0.5932
cooperation,1,0,1,2.8e-05,0.0,-0.5932,0.5932
nffc,0,1,1,0.0,3.2e-05,0.7931,0.7931
butiqob,1,0,1,2.8e-05,0.0,-0.5932,0.5932
grille,1,0,1,2.8e-05,0.0,-0.5932,0.5932
attendees,1,0,1,2.8e-05,0.0,-0.5932,0.5932
forrestmankins,1,0,1,2.8e-05,0.0,-0.5932,0.5932
aannnnd,1,0,1,2.8e-05,0.0,-0.5932,0.5932
flamethrower,1,0,1,2.8e-05,0.0,-0.5932,0.5932
bloor,1,0,1,2.8e-05,0.0,-0.5932,0.5932
queer,1,0,1,2.8e-05,0.0,-0.5932,0.5932
casino,1,0,1,2.8e-05,0.0,-0.5932,0.5932
lean,1,0,1,2.8e-05,0.0,-0.5932,0.5932
glue,1,0,1,2.8e-05,0.0,-0.5932,0.5932
shaper,0,1,1,0.0,3.2e-05,0.7931,0.7931
rude,1,0,1,2.8e-05,0.0,-0.5932,0.5932
paying,1,0,1,2.8e-05,0.0,-0.5932,0.5932
cooool,1,0,1,2.8e-05,0.0,-0.5932,0.5932
flee,0,1,1,0.0,3.2e-05,0.7931,0.7931
nne,1,0,1,2.8e-05,0.0,-0.5932,0.5932
nukes,1,0,1,2.8e-05,0.0,-0.5932,0.5932
awards,1,0,1,2.8e-05,0.0,-0.5932,0.5932
concussion,1,0,1,2.8e-05,0.0,-0.5932,0.5932
crystals,1,0,1,2.8e-05,0.0,-0.5932,0.5932
verde,1,0,1,2.8e-05,0.0,-0.5932,0.5932
makinmemories,1,0,1,2.8e-05,0.0,-0.5932,0.5932
2065,1,0,1,2.8e-05,0.0,-0.5932,0.5932
namjoons,1,0,1,2.8e-05,0.0,-0.5932,0.5932
purported,0,1,1,0.0,3.2e-05,0.7931,0.7931
barrington,0,1,1,0.0,3.2e-05,0.7931,0.7931
monarchy,1,0,1,2.8e-05,0.0,-0.5932,0.5932
iof,0,1,1,0.0,3.2e-05,0.7931,0.7931
frame,1,0,1,2.8e-05,0.0,-0.5932,0.5932
africansinsf,1,0,1,2.8e-05,0.0,-0.5932,0.5932
edison,1,0,1,2.8e-05,0.0,-0.5932,0.5932
troubleonmymind,1,0,1,2.8e-05,0.0,-0.5932,0.5932
badass,0,1,1,0.0,3.2e-05,0.7931,0.7931
whitewalkers,1,0,1,2.8e-05,0.0,-0.5932,0.5932
exceptionally,0,1,1,0.0,3.2e-05,0.7931,0.7931
unhealed,0,1,1,0.0,3.2e-05,0.7931,0.7931
safaris,1,0,1,2.8e-05,0.0,-0.5932,0.5932
greetings,1,0,1,2.8e-05,0.0,-0.5932,0.5932
cottage,0,1,1,0.0,3.2e-05,0.7931,0.7931
francisunderwood,1,0,1,2.8e-05,0.0,-0.5932,0.5932
beit,0,1,1,0.0,3.2e-05,0.7931,0.7931
mustering,1,0,1,2.8e-05,0.0,-0.5932,0.5932
balding,1,0,1,2.8e-05,0.0,-0.5932,0.5932
kashs,1,0,1,2.8e-05,0.0,-0.5932,0.5932
watchout,1,0,1,2.8e-05,0.0,-0.5932,0.5932
roofing,0,1,1,0.0,3.2e-05,0.7931,0.7931
ssshhheeesshh,1,0,1,2.8e-05,0.0,-0.5932,0.5932
colnharun,1,0,1,2.8e-05,0.0,-0.5932,0.5932
destined,1,0,1,2.8e-05,0.0,-0.5932,0.5932
cervelli,1,0,1,2.8e-05,0.0,-0.5932,0.5932
realestate,1,0,1,2.8e-05,0.0,-0.5932,0.5932
magellan,0,1,1,0.0,3.2e-05,0.7931,0.7931
perished,0,1,1,0.0,3.2e-05,0.7931,0.7931
muzzies,0,1,1,0.0,3.2e-05,0.7931,0.7931
monsters,1,0,1,2.8e-05,0.0,-0.5932,0.5932
chilli,1,0,1,2.8e-05,0.0,-0.5932,0.5932
pierce,1,0,1,2.8e-05,0.0,-0.5932,0.5932
actavis,1,0,1,2.8e-05,0.0,-0.5932,0.5932
weren,1,0,1,2.8e-05,0.0,-0.5932,0.5932
imposed,0,1,1,0.0,3.2e-05,0.7931,0.7931
gulf,0,1,1,0.0,3.2e-05,0.7931,0.7931
ofr,0,1,1,0.0,3.2e-05,0.7931,0.7931
spa,1,0,1,2.8e-05,0.0,-0.5932,0.5932
differ,1,0,1,2.8e-05,0.0,-0.5932,0.5932
larious,1,0,1,2.8e-05,0.0,-0.5932,0.5932
papicongress,0,1,1,0.0,3.2e-05,0.7931,0.7931
adjustable,0,1,1,0.0,3.2e-05,0.7931,0.7931
creeper,1,0,1,2.8e-05,0.0,-0.5932,0.5932
pbx,1,0,1,2.8e-05,0.0,-0.5932,0.5932
gambia,1,0,1,2.8e-05,0.0,-0.5932,0.5932
elm,1,0,1,2.8e-05,0.0,-0.5932,0.5932
cantwont,0,1,1,0.0,3.2e-05,0.7931,0.7931
prompting,0,1,1,0.0,3.2e-05,0.7931,0.7931
scaligero,1,0,1,2.8e-05,0.0,-0.5932,0.5932
congestion,0,1,1,0.0,3.2e-05,0.7931,0.7931
weeklong,0,1,1,0.0,3.2e-05,0.7931,0.7931
ruler,0,1,1,0.0,3.2e-05,0.7931,0.7931
onthisday,1,0,1,2.8e-05,0.0,-0.5932,0.5932
kuala,0,1,1,0.0,3.2e-05,0.7931,0.7931
choppergate,1,0,1,2.8e-05,0.0,-0.5932,0.5932
pop2015,1,0,1,2.8e-05,0.0,-0.5932,0.5932
lightbulb,1,0,1,2.8e-05,0.0,-0.5932,0.5932
chim,0,1,1,0.0,3.2e-05,0.7931,0.7931
shias,0,1,1,0.0,3.2e-05,0.7931,0.7931
gloomy,0,1,1,0.0,3.2e-05,0.7931,0.7931
determine,1,0,1,2.8e-05,0.0,-0.5932,0.5932
puledo,1,0,1,2.8e-05,0.0,-0.5932,0.5932
insubcontinent,0,1,1,0.0,3.2e-05,0.7931,0.7931
antipozi,1,0,1,2.8e-05,0.0,-0.5932,0.5932
pumpkins,1,0,1,2.8e-05,0.0,-0.5932,0.5932
donthate,1,0,1,2.8e-05,0.0,-0.5932,0.5932
emmanuel,1,0,1,2.8e-05,0.0,-0.5932,0.5932
trending,0,1,1,0.0,3.2e-05,0.7931,0.7931
dewdney,0,1,1,0.0,3.2e-05,0.7931,0.7931
hsu,1,0,1,2.8e-05,0.0,-0.5932,0.5932
clipuri,1,0,1,2.8e-05,0.0,-0.5932,0.5932
cri,1,0,1,2.8e-05,0.0,-0.5932,0.5932
bottling,0,1,1,0.0,3.2e-05,0.7931,0.7931
liveleak,0,1,1,0.0,3.2e-05,0.7931,0.7931
sel,1,0,1,2.8e-05,0.0,-0.5932,0.5932
bonsai,0,1,1,0.0,3.2e-05,0.7931,0.7931
eric,0,1,1,0.0,3.2e-05,0.7931,0.7931
wrinkled,1,0,1,2.8e-05,0.0,-0.5932,0.5932
saudiarabia,0,1,1,0.0,3.2e-05,0.7931,0.7931
erupting,0,1,1,0.0,3.2e-05,0.7931,0.7931
riddler,1,0,1,2.8e-05,0.0,-0.5932,0.5932
motors,1,0,1,2.8e-05,0.0,-0.5932,0.5932
denies,0,1,1,0.0,3.2e-05,0.7931,0.7931
onlin,0,1,1,0.0,3.2e-05,0.7931,0.7931
peeters,0,1,1,0.0,3.2e-05,0.7931,0.7931
abha,0,1,1,0.0,3.2e-05,0.7931,0.7931
boulder,0,1,1,0.0,3.2e-05,0.7931,0.7931
galvnews,1,0,1,2.8e-05,0.0,-0.5932,0.5932
installed,1,0,1,2.8e-05,0.0,-0.5932,0.5932
rants,1,0,1,2.8e-05,0.0,-0.5932,0.5932
loaf,1,0,1,2.8e-05,0.0,-0.5932,0.5932
grid,0,1,1,0.0,3.2e-05,0.7931,0.7931
foxnews,0,1,1,0.0,3.2e-05,0.7931,0.7931
hanna,0,1,1,0.0,3.2e-05,0.7931,0.7931
romford,0,1,1,0.0,3.2e-05,0.7931,0.7931
crqck,1,0,1,2.8e-05,0.0,-0.5932,0.5932
semasirtalks,0,1,1,0.0,3.2e-05,0.7931,0.7931
probability,0,1,1,0.0,3.2e-05,0.7931,0.7931
stretched,1,0,1,2.8e-05,0.0,-0.5932,0.5932
contributions,0,1,1,0.0,3.2e-05,0.7931,0.7931
josh,1,0,1,2.8e-05,0.0,-0.5932,0.5932
trivium,1,0,1,2.8e-05,0.0,-0.5932,0.5932
dell,1,0,1,2.8e-05,0.0,-0.5932,0.5932
natwest,1,0,1,2.8e-05,0.0,-0.5932,0.5932
bayonets,1,0,1,2.8e-05,0.0,-0.5932,0.5932
tampons,1,0,1,2.8e-05,0.0,-0.5932,0.5932
reebok,1,0,1,2.8e-05,0.0,-0.5932,0.5932
owenrbroadhurst,0,1,1,0.0,3.2e-05,0.7931,0.7931
funnydadcoach,1,0,1,2.8e-05,0.0,-0.5932,0.5932
oct,0,1,1,0.0,3.2e-05,0.7931,0.7931
puts,1,0,1,2.8e-05,0.0,-0.5932,0.5932
68,1,0,1,2.8e-05,0.0,-0.5932,0.5932
absurdly,1,0,1,2.8e-05,0.0,-0.5932,0.5932
brant,0,1,1,0.0,3.2e-05,0.7931,0.7931
bye,1,0,1,2.8e-05,0.0,-0.5932,0.5932
biz,0,1,1,0.0,3.2e-05,0.7931,0.7931
rubbin,1,0,1,2.8e-05,0.0,-0.5932,0.5932
baggage,1,0,1,2.8e-05,0.0,-0.5932,0.5932
210,0,1,1,0.0,3.2e-05,0.7931,0.7931
den,0,1,1,0.0,3.2e-05,0.7931,0.7931
nudes,1,0,1,2.8e-05,0.0,-0.5932,0.5932
dagens,1,0,1,2.8e-05,0.0,-0.5932,0.5932
rub,1,0,1,2.8e-05,0.0,-0.5932,0.5932
aviationaddicts,0,1,1,0.0,3.2e-05,0.7931,0.7931
dissertation,0,1,1,0.0,3.2e-05,0.7931,0.7931
emblem,1,0,1,2.8e-05,0.0,-0.5932,0.5932
direct,0,1,1,0.0,3.2e-05,0.7931,0.7931
nester,0,1,1,0.0,3.2e-05,0.7931,0.7931
telekinesis,0,1,1,0.0,3.2e-05,0.7931,0.7931
favoritism,1,0,1,2.8e-05,0.0,-0.5932,0.5932
sux,1,0,1,2.8e-05,0.0,-0.5932,0.5932
0npzp,0,1,1,0.0,3.2e-05,0.7931,0.7931
clowns,1,0,1,2.8e-05,0.0,-0.5932,0.5932
knw,1,0,1,2.8e-05,0.0,-0.5932,0.5932
cheated,1,0,1,2.8e-05,0.0,-0.5932,0.5932
delaying,1,0,1,2.8e-05,0.0,-0.5932,0.5932
odai,0,1,1,0.0,3.2e-05,0.7931,0.7931
capturing,0,1,1,0.0,3.2e-05,0.7931,0.7931
torrecilla,1,0,1,2.8e-05,0.0,-0.5932,0.5932
managers,1,0,1,2.8e-05,0.0,-0.5932,0.5932
demeanor,1,0,1,2.8e-05,0.0,-0.5932,0.5932
elitist,1,0,1,2.8e-05,0.0,-0.5932,0.5932
twisterlovesshania,1,0,1,2.8e-05,0.0,-0.5932,0.5932
daem,1,0,1,2.8e-05,0.0,-0.5932,0.5932
aashiqui,0,1,1,0.0,3.2e-05,0.7931,0.7931
soloquiero,0,1,1,0.0,3.2e-05,0.7931,0.7931
ttw,0,1,1,0.0,3.2e-05,0.7931,0.7931
livelihood,0,1,1,0.0,3.2e-05,0.7931,0.7931
clown,0,1,1,0.0,3.2e-05,0.7931,0.7931
warfare,0,1,1,0.0,3.2e-05,0.7931,0.7931
fightin,0,1,1,0.0,3.2e-05,0.7931,0.7931
kidnap,0,1,1,0.0,3.2e-05,0.7931,0.7931
informant,0,1,1,0.0,3.2e-05,0.7931,0.7931
kansas,0,1,1,0.0,3.2e-05,0.7931,0.7931
srk,1,0,1,2.8e-05,0.0,-0.5932,0.5932
monotonous,1,0,1,2.8e-05,0.0,-0.5932,0.5932
fiona,1,0,1,2.8e-05,0.0,-0.5932,0.5932
carterville,0,1,1,0.0,3.2e-05,0.7931,0.7931
sexuality,1,0,1,2.8e-05,0.0,-0.5932,0.5932
sushi,1,0,1,2.8e-05,0.0,-0.5932,0.5932
uphill,0,1,1,0.0,3.2e-05,0.7931,0.7931
teammates,1,0,1,2.8e-05,0.0,-0.5932,0.5932
kevin,1,0,1,2.8e-05,0.0,-0.5932,0.5932
cabrillo,0,1,1,0.0,3.2e-05,0.7931,0.7931
ram,1,0,1,2.8e-05,0.0,-0.5932,0.5932
sock,1,0,1,2.8e-05,0.0,-0.5932,0.5932
domain,1,0,1,2.8e-05,0.0,-0.5932,0.5932
censor,1,0,1,2.8e-05,0.0,-0.5932,0.5932
burnaby,1,0,1,2.8e-05,0.0,-0.5932,0.5932
greer,0,1,1,0.0,3.2e-05,0.7931,0.7931
mgs2,1,0,1,2.8e-05,0.0,-0.5932,0.5932
buff,1,0,1,2.8e-05,0.0,-0.5932,0.5932
beaumont,0,1,1,0.0,3.2e-05,0.7931,0.7931
minutiae,1,0,1,2.8e-05,0.0,-0.5932,0.5932
goode,0,1,1,0.0,3.2e-05,0.7931,0.7931
foursquare,1,0,1,2.8e-05,0.0,-0.5932,0.5932
refunds,0,1,1,0.0,3.2e-05,0.7931,0.7931
sackville,1,0,1,2.8e-05,0.0,-0.5932,0.5932
comprehensive,0,1,1,0.0,3.2e-05,0.7931,0.7931
australians,1,0,1,2.8e-05,0.0,-0.5932,0.5932
retainers,1,0,1,2.8e-05,0.0,-0.5932,0.5932
tends,1,0,1,2.8e-05,0.0,-0.5932,0.5932
khan,0,1,1,0.0,3.2e-05,0.7931,0.7931
labelled,1,0,1,2.8e-05,0.0,-0.5932,0.5932
hotnewscake,1,0,1,2.8e-05,0.0,-0.5932,0.5932
0880,0,1,1,0.0,3.2e-05,0.7931,0.7931
goonda,1,0,1,2.8e-05,0.0,-0.5932,0.5932
uncontrolled,0,1,1,0.0,3.2e-05,0.7931,0.7931
shake,1,0,1,2.8e-05,0.0,-0.5932,0.5932
weloveyoulouis,0,1,1,0.0,3.2e-05,0.7931,0.7931
sofa,1,0,1,2.8e-05,0.0,-0.5932,0.5932
ronda,1,0,1,2.8e-05,0.0,-0.5932,0.5932
nuu,1,0,1,2.8e-05,0.0,-0.5932,0.5932
rationing,1,0,1,2.8e-05,0.0,-0.5932,0.5932
fade,1,0,1,2.8e-05,0.0,-0.5932,0.5932
unsigned,1,0,1,2.8e-05,0.0,-0.5932,0.5932
accordingly,1,0,1,2.8e-05,0.0,-0.5932,0.5932
staying,0,1,1,0.0,3.2e-05,0.7931,0.7931
superbug,0,1,1,0.0,3.2e-05,0.7931,0.7931
assumes,0,1,1,0.0,3.2e-05,0.7931,0.7931
otratmetlife,1,0,1,2.8e-05,0.0,-0.5932,0.5932
tacit,0,1,1,0.0,3.2e-05,0.7931,0.7931
astrakhan,0,1,1,0.0,3.2e-05,0.7931,0.7931
remade,1,0,1,2.8e-05,0.0,-0.5932,0.5932
kneel,1,0,1,2.8e-05,0.0,-0.5932,0.5932
wording,0,1,1,0.0,3.2e-05,0.7931,0.7931
factor,1,0,1,2.8e-05,0.0,-0.5932,0.5932
dissuaded,0,1,1,0.0,3.2e-05,0.7931,0.7931
songfor,1,0,1,2.8e-05,0.0,-0.5932,0.5932
experimental,1,0,1,2.8e-05,0.0,-0.5932,0.5932
treescape,1,0,1,2.8e-05,0.0,-0.5932,0.5932
muhamadjabal,0,1,1,0.0,3.2e-05,0.7931,0.7931
stacy,1,0,1,2.8e-05,0.0,-0.5932,0.5932
prolly,1,0,1,2.8e-05,0.0,-0.5932,0.5932
pierc,1,0,1,2.8e-05,0.0,-0.5932,0.5932
k3,0,1,1,0.0,3.2e-05,0.7931,0.7931
restrospect,1,0,1,2.8e-05,0.0,-0.5932,0.5932
sour,1,0,1,2.8e-05,0.0,-0.5932,0.5932
danielle,1,0,1,2.8e-05,0.0,-0.5932,0.5932
newspaper,0,1,1,0.0,3.2e-05,0.7931,0.7931
similar,0,1,1,0.0,3.2e-05,0.7931,0.7931
frofrofro,1,0,1,2.8e-05,0.0,-0.5932,0.5932
tindering,1,0,1,2.8e-05,0.0,-0.5932,0.5932
onesie,1,0,1,2.8e-05,0.0,-0.5932,0.5932
114,0,1,1,0.0,3.2e-05,0.7931,0.7931
chippewa,0,1,1,0.0,3.2e-05,0.7931,0.7931
jhmnye,1,0,1,2.8e-05,0.0,-0.5932,0.5932
libraries,1,0,1,2.8e-05,0.0,-0.5932,0.5932
bong,1,0,1,2.8e-05,0.0,-0.5932,0.5932
jag,1,0,1,2.8e-05,0.0,-0.5932,0.5932
reblogged,1,0,1,2.8e-05,0.0,-0.5932,0.5932
627,0,1,1,0.0,3.2e-05,0.7931,0.7931
pg,0,1,1,0.0,3.2e-05,0.7931,0.7931
moveit,1,0,1,2.8e-05,0.0,-0.5932,0.5932
skyrim,1,0,1,2.8e-05,0.0,-0.5932,0.5932
ootd,1,0,1,2.8e-05,0.0,-0.5932,0.5932
valle,0,1,1,0.0,3.2e-05,0.7931,0.7931
fighter,1,0,1,2.8e-05,0.0,-0.5932,0.5932
bsf,0,1,1,0.0,3.2e-05,0.7931,0.7931
habit,1,0,1,2.8e-05,0.0,-0.5932,0.5932
naypyidaw,0,1,1,0.0,3.2e-05,0.7931,0.7931
airhorns,1,0,1,2.8e-05,0.0,-0.5932,0.5932
kicking,1,0,1,2.8e-05,0.0,-0.5932,0.5932
dagestan,0,1,1,0.0,3.2e-05,0.7931,0.7931
casually,1,0,1,2.8e-05,0.0,-0.5932,0.5932
kirsten,0,1,1,0.0,3.2e-05,0.7931,0.7931
thda,1,0,1,2.8e-05,0.0,-0.5932,0.5932
villa,0,1,1,0.0,3.2e-05,0.7931,0.7931
shadowflame,0,1,1,0.0,3.2e-05,0.7931,0.7931
yankees,1,0,1,2.8e-05,0.0,-0.5932,0.5932
mesmerizing,1,0,1,2.8e-05,0.0,-0.5932,0.5932
financially,1,0,1,2.8e-05,0.0,-0.5932,0.5932
baffling,0,1,1,0.0,3.2e-05,0.7931,0.7931
sabotage,1,0,1,2.8e-05,0.0,-0.5932,0.5932
teenfiction,1,0,1,2.8e-05,0.0,-0.5932,0.5932
lickin,1,0,1,2.8e-05,0.0,-0.5932,0.5932
ecology,0,1,1,0.0,3.2e-05,0.7931,0.7931
papiichampoo,1,0,1,2.8e-05,0.0,-0.5932,0.5932
sorrowful,1,0,1,2.8e-05,0.0,-0.5932,0.5932
vanderbilt,1,0,1,2.8e-05,0.0,-0.5932,0.5932
overwatch,1,0,1,2.8e-05,0.0,-0.5932,0.5932
119000,0,1,1,0.0,3.2e-05,0.7931,0.7931
roadway,0,1,1,0.0,3.2e-05,0.7931,0.7931
parter,1,0,1,2.8e-05,0.0,-0.5932,0.5932
comics,1,0,1,2.8e-05,0.0,-0.5932,0.5932
council,1,0,1,2.8e-05,0.0,-0.5932,0.5932
exhibitor,1,0,1,2.8e-05,0.0,-0.5932,0.5932
sanitised,0,1,1,0.0,3.2e-05,0.7931,0.7931
insult,1,0,1,2.8e-05,0.0,-0.5932,0.5932
slideshare,1,0,1,2.8e-05,0.0,-0.5932,0.5932
starmade,0,1,1,0.0,3.2e-05,0.7931,0.7931
raging,0,1,1,0.0,3.2e-05,0.7931,0.7931
redemption,1,0,1,2.8e-05,0.0,-0.5932,0.5932
gostei,1,0,1,2.8e-05,0.0,-0.5932,0.5932
daisy,1,0,1,2.8e-05,0.0,-0.5932,0.5932
15t,1,0,1,2.8e-05,0.0,-0.5932,0.5932
puerto,0,1,1,0.0,3.2e-05,0.7931,0.7931
pounds,0,1,1,0.0,3.2e-05,0.7931,0.7931
opseaworld,0,1,1,0.0,3.2e-05,0.7931,0.7931
anakin,1,0,1,2.8e-05,0.0,-0.5932,0.5932
luv,1,0,1,2.8e-05,0.0,-0.5932,0.5932
grave,1,0,1,2.8e-05,0.0,-0.5932,0.5932
asphalt,0,1,1,0.0,3.2e-05,0.7931,0.7931
orangi,0,1,1,0.0,3.2e-05,0.7931,0.7931
lasted,0,1,1,0.0,3.2e-05,0.7931,0.7931
mazing,0,1,1,0.0,3.2e-05,0.7931,0.7931
awn,1,0,1,2.8e-05,0.0,-0.5932,0.5932
convection,0,1,1,0.0,3.2e-05,0.7931,0.7931
afrin,0,1,1,0.0,3.2e-05,0.7931,0.7931
thedarktower,1,0,1,2.8e-05,0.0,-0.5932,0.5932
oracle,1,0,1,2.8e-05,0.0,-0.5932,0.5932
griffin,1,0,1,2.8e-05,0.0,-0.5932,0.5932
ch,1,0,1,2.8e-05,0.0,-0.5932,0.5932
physician,0,1,1,0.0,3.2e-05,0.7931,0.7931
biztip,0,1,1,0.0,3.2e-05,0.7931,0.7931
lmfaooo,1,0,1,2.8e-05,0.0,-0.5932,0.5932
danny,1,0,1,2.8e-05,0.0,-0.5932,0.5932
sniiiiiiff,1,0,1,2.8e-05,0.0,-0.5932,0.5932
dren,1,0,1,2.8e-05,0.0,-0.5932,0.5932
independence,1,0,1,2.8e-05,0.0,-0.5932,0.5932
bickleton,0,1,1,0.0,3.2e-05,0.7931,0.7931
belle,0,1,1,0.0,3.2e-05,0.7931,0.7931
undeserving,0,1,1,0.0,3.2e-05,0.7931,0.7931
apaz,0,1,1,0.0,3.2e-05,0.7931,0.7931
disembarkment,0,1,1,0.0,3.2e-05,0.7931,0.7931
lighter,1,0,1,2.8e-05,0.0,-0.5932,0.5932
pelosis,0,1,1,0.0,3.2e-05,0.7931,0.7931
gently,1,0,1,2.8e-05,0.0,-0.5932,0.5932
convincing,1,0,1,2.8e-05,0.0,-0.5932,0.5932
nar,0,1,1,0.0,3.2e-05,0.7931,0.7931
bravery,0,1,1,0.0,3.2e-05,0.7931,0.7931
trailed,1,0,1,2.8e-05,0.0,-0.5932,0.5932
sumo,1,0,1,2.8e-05,0.0,-0.5932,0.5932
natalie,1,0,1,2.8e-05,0.0,-0.5932,0.5932
goodells,1,0,1,2.8e-05,0.0,-0.5932,0.5932
runabout,1,0,1,2.8e-05,0.0,-0.5932,0.5932
sirensicebreaker,1,0,1,2.8e-05,0.0,-0.5932,0.5932
heiress,1,0,1,2.8e-05,0.0,-0.5932,0.5932
bedrooms,1,0,1,2.8e-05,0.0,-0.5932,0.5932
spokes,1,0,1,2.8e-05,0.0,-0.5932,0.5932
zmne,1,0,1,2.8e-05,0.0,-0.5932,0.5932
exo,1,0,1,2.8e-05,0.0,-0.5932,0.5932
yup,1,0,1,2.8e-05,0.0,-0.5932,0.5932
sugar,1,0,1,2.8e-05,0.0,-0.5932,0.5932
outbreed,1,0,1,2.8e-05,0.0,-0.5932,0.5932
rhett,1,0,1,2.8e-05,0.0,-0.5932,0.5932
pleaded,1,0,1,2.8e-05,0.0,-0.5932,0.5932
goodreads,1,0,1,2.8e-05,0.0,-0.5932,0.5932
favorable,1,0,1,2.8e-05,0.0,-0.5932,0.5932
ribbon,1,0,1,2.8e-05,0.0,-0.5932,0.5932
mbataweel,0,1,1,0.0,3.2e-05,0.7931,0.7931
flowers,1,0,1,2.8e-05,0.0,-0.5932,0.5932
inferior,0,1,1,0.0,3.2e-05,0.7931,0.7931
simulating,0,1,1,0.0,3.2e-05,0.7931,0.7931
erodes,0,1,1,0.0,3.2e-05,0.7931,0.7931
burger,1,0,1,2.8e-05,0.0,-0.5932,0.5932
manuel,0,1,1,0.0,3.2e-05,0.7931,0.7931
eagles,1,0,1,2.8e-05,0.0,-0.5932,0.5932
scam,1,0,1,2.8e-05,0.0,-0.5932,0.5932
tremors,1,0,1,2.8e-05,0.0,-0.5932,0.5932
holmes,1,0,1,2.8e-05,0.0,-0.5932,0.5932
suites,1,0,1,2.8e-05,0.0,-0.5932,0.5932
sweated,1,0,1,2.8e-05,0.0,-0.5932,0.5932
topnews,1,0,1,2.8e-05,0.0,-0.5932,0.5932
purpose,1,0,1,2.8e-05,0.0,-0.5932,0.5932
disappears,0,1,1,0.0,3.2e-05,0.7931,0.7931
ophelia,0,1,1,0.0,3.2e-05,0.7931,0.7931
satans,0,1,1,0.0,3.2e-05,0.7931,0.7931
ostentatious,1,0,1,2.8e-05,0.0,-0.5932,0.5932
325,1,0,1,2.8e-05,0.0,-0.5932,0.5932
firework,1,0,1,2.8e-05,0.0,-0.5932,0.5932
carted,1,0,1,2.8e-05,0.0,-0.5932,0.5932
dribbling,1,0,1,2.8e-05,0.0,-0.5932,0.5932
beatdown,0,1,1,0.0,3.2e-05,0.7931,0.7931
assad,1,0,1,2.8e-05,0.0,-0.5932,0.5932
shove,1,0,1,2.8e-05,0.0,-0.5932,0.5932
bhaijaan,1,0,1,2.8e-05,0.0,-0.5932,0.5932
prisoner,0,1,1,0.0,3.2e-05,0.7931,0.7931
triciaoneillphoto,0,1,1,0.0,3.2e-05,0.7931,0.7931
lamb,1,0,1,2.8e-05,0.0,-0.5932,0.5932
reddish,1,0,1,2.8e-05,0.0,-0.5932,0.5932
proto,0,1,1,0.0,3.2e-05,0.7931,0.7931
wholeteam3,1,0,1,2.8e-05,0.0,-0.5932,0.5932
captives,1,0,1,2.8e-05,0.0,-0.5932,0.5932
nars,1,0,1,2.8e-05,0.0,-0.5932,0.5932
wishlist,1,0,1,2.8e-05,0.0,-0.5932,0.5932
benedict,1,0,1,2.8e-05,0.0,-0.5932,0.5932
monstrosities,1,0,1,2.8e-05,0.0,-0.5932,0.5932
thepartyofmeanness,1,0,1,2.8e-05,0.0,-0.5932,0.5932
iinet,1,0,1,2.8e-05,0.0,-0.5932,0.5932
gwatt,1,0,1,2.8e-05,0.0,-0.5932,0.5932
keurig,1,0,1,2.8e-05,0.0,-0.5932,0.5932
jackie,0,1,1,0.0,3.2e-05,0.7931,0.7931
unkn,0,1,1,0.0,3.2e-05,0.7931,0.7931
goodlook,1,0,1,2.8e-05,0.0,-0.5932,0.5932
improvement,1,0,1,2.8e-05,0.0,-0.5932,0.5932
qiang,0,1,1,0.0,3.2e-05,0.7931,0.7931
henderson,1,0,1,2.8e-05,0.0,-0.5932,0.5932
citizen,0,1,1,0.0,3.2e-05,0.7931,0.7931
expression,1,0,1,2.8e-05,0.0,-0.5932,0.5932
thalapathi,0,1,1,0.0,3.2e-05,0.7931,0.7931
pens,1,0,1,2.8e-05,0.0,-0.5932,0.5932
unable,0,1,1,0.0,3.2e-05,0.7931,0.7931
akxbskdn,0,1,1,0.0,3.2e-05,0.7931,0.7931
colored,1,0,1,2.8e-05,0.0,-0.5932,0.5932
phantasmal,1,0,1,2.8e-05,0.0,-0.5932,0.5932
mordechai,0,1,1,0.0,3.2e-05,0.7931,0.7931
noob,1,0,1,2.8e-05,0.0,-0.5932,0.5932
ifak,0,1,1,0.0,3.2e-05,0.7931,0.7931
12pm,0,1,1,0.0,3.2e-05,0.7931,0.7931
dubai,1,0,1,2.8e-05,0.0,-0.5932,0.5932
meditationbymsg,1,0,1,2.8e-05,0.0,-0.5932,0.5932
lifeguard,1,0,1,2.8e-05,0.0,-0.5932,0.5932
rhiannon,1,0,1,2.8e-05,0.0,-0.5932,0.5932
les,0,1,1,0.0,3.2e-05,0.7931,0.7931
lcc,0,1,1,0.0,3.2e-05,0.7931,0.7931
crowds,0,1,1,0.0,3.2e-05,0.7931,0.7931
blinker,1,0,1,2.8e-05,0.0,-0.5932,0.5932
hunhry,0,1,1,0.0,3.2e-05,0.7931,0.7931
28700,0,1,1,0.0,3.2e-05,0.7931,0.7931
easier,1,0,1,2.8e-05,0.0,-0.5932,0.5932
southdown,0,1,1,0.0,3.2e-05,0.7931,0.7931
deliberately,0,1,1,0.0,3.2e-05,0.7931,0.7931
mapleridge,0,1,1,0.0,3.2e-05,0.7931,0.7931
shear,1,0,1,2.8e-05,0.0,-0.5932,0.5932
fingerrockfire,0,1,1,0.0,3.2e-05,0.7931,0.7931
lizzie363,0,1,1,0.0,3.2e-05,0.7931,0.7931
horrormovies,0,1,1,0.0,3.2e-05,0.7931,0.7931
reopened,0,1,1,0.0,3.2e-05,0.7931,0.7931
bests,1,0,1,2.8e-05,0.0,-0.5932,0.5932
propane,0,1,1,0.0,3.2e-05,0.7931,0.7931
cins,0,1,1,0.0,3.2e-05,0.7931,0.7931
calwildfires,0,1,1,0.0,3.2e-05,0.7931,0.7931
gamefeed,1,0,1,2.8e-05,0.0,-0.5932,0.5932
pitmix,1,0,1,2.8e-05,0.0,-0.5932,0.5932
freeamirnow,0,1,1,0.0,3.2e-05,0.7931,0.7931
spreads,1,0,1,2.8e-05,0.0,-0.5932,0.5932
ocampo,0,1,1,0.0,3.2e-05,0.7931,0.7931
foto,1,0,1,2.8e-05,0.0,-0.5932,0.5932
lambasts,0,1,1,0.0,3.2e-05,0.7931,0.7931
superfood,1,0,1,2.8e-05,0.0,-0.5932,0.5932
nsw,0,1,1,0.0,3.2e-05,0.7931,0.7931
g7,1,0,1,2.8e-05,0.0,-0.5932,0.5932
iwk,1,0,1,2.8e-05,0.0,-0.5932,0.5932
gecko,1,0,1,2.8e-05,0.0,-0.5932,0.5932
mixed,1,0,1,2.8e-05,0.0,-0.5932,0.5932
tommorow,1,0,1,2.8e-05,0.0,-0.5932,0.5932
thrarchives,0,1,1,0.0,3.2e-05,0.7931,0.7931
034,1,0,1,2.8e-05,0.0,-0.5932,0.5932
commercials,1,0,1,2.8e-05,0.0,-0.5932,0.5932
testified,1,0,1,2.8e-05,0.0,-0.5932,0.5932
embarrassment,1,0,1,2.8e-05,0.0,-0.5932,0.5932
bull,0,1,1,0.0,3.2e-05,0.7931,0.7931
donnie,1,0,1,2.8e-05,0.0,-0.5932,0.5932
oversee,1,0,1,2.8e-05,0.0,-0.5932,0.5932
paramore,1,0,1,2.8e-05,0.0,-0.5932,0.5932
dismayed,0,1,1,0.0,3.2e-05,0.7931,0.7931
plaza,1,0,1,2.8e-05,0.0,-0.5932,0.5932
photographs,0,1,1,0.0,3.2e-05,0.7931,0.7931
ossington,1,0,1,2.8e-05,0.0,-0.5932,0.5932
molave,0,1,1,0.0,3.2e-05,0.7931,0.7931
humbled,0,1,1,0.0,3.2e-05,0.7931,0.7931
tbr,1,0,1,2.8e-05,0.0,-0.5932,0.5932
waterfur,1,0,1,2.8e-05,0.0,-0.5932,0.5932
s5,1,0,1,2.8e-05,0.0,-0.5932,0.5932
osi2016,0,1,1,0.0,3.2e-05,0.7931,0.7931
noooo,1,0,1,2.8e-05,0.0,-0.5932,0.5932
stripe,0,1,1,0.0,3.2e-05,0.7931,0.7931
ambition,1,0,1,2.8e-05,0.0,-0.5932,0.5932
tolled,0,1,1,0.0,3.2e-05,0.7931,0.7931
cryibg,1,0,1,2.8e-05,0.0,-0.5932,0.5932
nbn,1,0,1,2.8e-05,0.0,-0.5932,0.5932
sunburned,0,1,1,0.0,3.2e-05,0.7931,0.7931
devise,1,0,1,2.8e-05,0.0,-0.5932,0.5932
haw,1,0,1,2.8e-05,0.0,-0.5932,0.5932
gamma,1,0,1,2.8e-05,0.0,-0.5932,0.5932
imaging,1,0,1,2.8e-05,0.0,-0.5932,0.5932
coleslaw,1,0,1,2.8e-05,0.0,-0.5932,0.5932
decreases,1,0,1,2.8e-05,0.0,-0.5932,0.5932
dfr,1,0,1,2.8e-05,0.0,-0.5932,0.5932
sr37,0,1,1,0.0,3.2e-05,0.7931,0.7931
clapping,1,0,1,2.8e-05,0.0,-0.5932,0.5932
triciaoneill,0,1,1,0.0,3.2e-05,0.7931,0.7931
berry,0,1,1,0.0,3.2e-05,0.7931,0.7931
yiraneuni,1,0,1,2.8e-05,0.0,-0.5932,0.5932
cruise,0,1,1,0.0,3.2e-05,0.7931,0.7931
forreal,0,1,1,0.0,3.2e-05,0.7931,0.7931
ryt,1,0,1,2.8e-05,0.0,-0.5932,0.5932
sef,1,0,1,2.8e-05,0.0,-0.5932,0.5932
redsox,1,0,1,2.8e-05,0.0,-0.5932,0.5932
jetstar,0,1,1,0.0,3.2e-05,0.7931,0.7931
assessment,1,0,1,2.8e-05,0.0,-0.5932,0.5932
greenspace,1,0,1,2.8e-05,0.0,-0.5932,0.5932
utopian,0,1,1,0.0,3.2e-05,0.7931,0.7931
banksy,1,0,1,2.8e-05,0.0,-0.5932,0.5932
jerkface,1,0,1,2.8e-05,0.0,-0.5932,0.5932
tier,0,1,1,0.0,3.2e-05,0.7931,0.7931
707d,1,0,1,2.8e-05,0.0,-0.5932,0.5932
freed,1,0,1,2.8e-05,0.0,-0.5932,0.5932
innocents,0,1,1,0.0,3.2e-05,0.7931,0.7931
lyrical,1,0,1,2.8e-05,0.0,-0.5932,0.5932
wafer,0,1,1,0.0,3.2e-05,0.7931,0.7931
xii,0,1,1,0.0,3.2e-05,0.7931,0.7931
hyped,0,1,1,0.0,3.2e-05,0.7931,0.7931
subtlety,1,0,1,2.8e-05,0.0,-0.5932,0.5932
gmail,1,0,1,2.8e-05,0.0,-0.5932,0.5932
hebron,0,1,1,0.0,3.2e-05,0.7931,0.7931
newport,0,1,1,0.0,3.2e-05,0.7931,0.7931
brucewillis,1,0,1,2.8e-05,0.0,-0.5932,0.5932
indyfest,1,0,1,2.8e-05,0.0,-0.5932,0.5932
tories,1,0,1,2.8e-05,0.0,-0.5932,0.5932
promotion,1,0,1,2.8e-05,0.0,-0.5932,0.5932
yhngsjlg,1,0,1,2.8e-05,0.0,-0.5932,0.5932
mormon,1,0,1,2.8e-05,0.0,-0.5932,0.5932
8015,1,0,1,2.8e-05,0.0,-0.5932,0.5932
metroid,1,0,1,2.8e-05,0.0,-0.5932,0.5932
theatres,1,0,1,2.8e-05,0.0,-0.5932,0.5932
sittway,0,1,1,0.0,3.2e-05,0.7931,0.7931
svetlana,1,0,1,2.8e-05,0.0,-0.5932,0.5932
devereaux,1,0,1,2.8e-05,0.0,-0.5932,0.5932
motivator,1,0,1,2.8e-05,0.0,-0.5932,0.5932
isao,0,1,1,0.0,3.2e-05,0.7931,0.7931
gotham,1,0,1,2.8e-05,0.0,-0.5932,0.5932
mcv,0,1,1,0.0,3.2e-05,0.7931,0.7931
offshoot,0,1,1,0.0,3.2e-05,0.7931,0.7931
qzloremft,1,0,1,2.8e-05,0.0,-0.5932,0.5932
cursed,1,0,1,2.8e-05,0.0,-0.5932,0.5932
redbull,1,0,1,2.8e-05,0.0,-0.5932,0.5932
cocker,1,0,1,2.8e-05,0.0,-0.5932,0.5932
74,1,0,1,2.8e-05,0.0,-0.5932,0.5932
smelled,0,1,1,0.0,3.2e-05,0.7931,0.7931
carmel,1,0,1,2.8e-05,0.0,-0.5932,0.5932
dec,0,1,1,0.0,3.2e-05,0.7931,0.7931
calais,0,1,1,0.0,3.2e-05,0.7931,0.7931
elephantintheroom,0,1,1,0.0,3.2e-05,0.7931,0.7931
captivity,1,0,1,2.8e-05,0.0,-0.5932,0.5932
await,0,1,1,0.0,3.2e-05,0.7931,0.7931
emergencies,1,0,1,2.8e-05,0.0,-0.5932,0.5932
subscription,1,0,1,2.8e-05,0.0,-0.5932,0.5932
m27329,0,1,1,0.0,3.2e-05,0.7931,0.7931
trucking,0,1,1,0.0,3.2e-05,0.7931,0.7931
um,1,0,1,2.8e-05,0.0,-0.5932,0.5932
mortar,1,0,1,2.8e-05,0.0,-0.5932,0.5932
1pack,1,0,1,2.8e-05,0.0,-0.5932,0.5932
reworked,1,0,1,2.8e-05,0.0,-0.5932,0.5932
tesco,1,0,1,2.8e-05,0.0,-0.5932,0.5932
mutilated,1,0,1,2.8e-05,0.0,-0.5932,0.5932
t1000s,1,0,1,2.8e-05,0.0,-0.5932,0.5932
remind,1,0,1,2.8e-05,0.0,-0.5932,0.5932
fantabulous,1,0,1,2.8e-05,0.0,-0.5932,0.5932
manly,1,0,1,2.8e-05,0.0,-0.5932,0.5932
wart,1,0,1,2.8e-05,0.0,-0.5932,0.5932
straightfire,0,1,1,0.0,3.2e-05,0.7931,0.7931
033,0,1,1,0.0,3.2e-05,0.7931,0.7931
cocoa,1,0,1,2.8e-05,0.0,-0.5932,0.5932
lorry,0,1,1,0.0,3.2e-05,0.7931,0.7931
defeats,0,1,1,0.0,3.2e-05,0.7931,0.7931
mm,0,1,1,0.0,3.2e-05,0.7931,0.7931
robertwelch,1,0,1,2.8e-05,0.0,-0.5932,0.5932
internetradio,0,1,1,0.0,3.2e-05,0.7931,0.7931
bristol,0,1,1,0.0,3.2e-05,0.7931,0.7931
icicle,0,1,1,0.0,3.2e-05,0.7931,0.7931
knott,0,1,1,0.0,3.2e-05,0.7931,0.7931
cristiano,1,0,1,2.8e-05,0.0,-0.5932,0.5932
fe,1,0,1,2.8e-05,0.0,-0.5932,0.5932
gillibrand,0,1,1,0.0,3.2e-05,0.7931,0.7931
haley,1,0,1,2.8e-05,0.0,-0.5932,0.5932
interracial,1,0,1,2.8e-05,0.0,-0.5932,0.5932
reprises,0,1,1,0.0,3.2e-05,0.7931,0.7931
unauthorized,0,1,1,0.0,3.2e-05,0.7931,0.7931
oef,0,1,1,0.0,3.2e-05,0.7931,0.7931
hexagon,1,0,1,2.8e-05,0.0,-0.5932,0.5932
aren,0,1,1,0.0,3.2e-05,0.7931,0.7931
clothesless,1,0,1,2.8e-05,0.0,-0.5932,0.5932
invisible,0,1,1,0.0,3.2e-05,0.7931,0.7931
blockchain,0,1,1,0.0,3.2e-05,0.7931,0.7931
carmi,0,1,1,0.0,3.2e-05,0.7931,0.7931
defence,1,0,1,2.8e-05,0.0,-0.5932,0.5932
vmas,1,0,1,2.8e-05,0.0,-0.5932,0.5932
indianperpetrated,0,1,1,0.0,3.2e-05,0.7931,0.7931
615,0,1,1,0.0,3.2e-05,0.7931,0.7931
withdraws,1,0,1,2.8e-05,0.0,-0.5932,0.5932
comus,0,1,1,0.0,3.2e-05,0.7931,0.7931
bilsen,0,1,1,0.0,3.2e-05,0.7931,0.7931
watchin,1,0,1,2.8e-05,0.0,-0.5932,0.5932
drowns,1,0,1,2.8e-05,0.0,-0.5932,0.5932
chinadotcom,1,0,1,2.8e-05,0.0,-0.5932,0.5932
salute,1,0,1,2.8e-05,0.0,-0.5932,0.5932
bleed,1,0,1,2.8e-05,0.0,-0.5932,0.5932
bcuz,1,0,1,2.8e-05,0.0,-0.5932,0.5932
263chat,0,1,1,0.0,3.2e-05,0.7931,0.7931
lk,1,0,1,2.8e-05,0.0,-0.5932,0.5932
smeared,0,1,1,0.0,3.2e-05,0.7931,0.7931
apiece,1,0,1,2.8e-05,0.0,-0.5932,0.5932
501,0,1,1,0.0,3.2e-05,0.7931,0.7931
southwest,0,1,1,0.0,3.2e-05,0.7931,0.7931
footballs,1,0,1,2.8e-05,0.0,-0.5932,0.5932
eo,1,0,1,2.8e-05,0.0,-0.5932,0.5932
flipped,1,0,1,2.8e-05,0.0,-0.5932,0.5932
smashing,1,0,1,2.8e-05,0.0,-0.5932,0.5932
noah,1,0,1,2.8e-05,0.0,-0.5932,0.5932
b2b,1,0,1,2.8e-05,0.0,-0.5932,0.5932
ofcourse,0,1,1,0.0,3.2e-05,0.7931,0.7931
separate,1,0,1,2.8e-05,0.0,-0.5932,0.5932
exclusively,1,0,1,2.8e-05,0.0,-0.5932,0.5932
democratic,1,0,1,2.8e-05,0.0,-0.5932,0.5932
tarzana,1,0,1,2.8e-05,0.0,-0.5932,0.5932
liveonkbak,0,1,1,0.0,3.2e-05,0.7931,0.7931
ab,1,0,1,2.8e-05,0.0,-0.5932,0.5932
totoooooo,0,1,1,0.0,3.2e-05,0.7931,0.7931
followed,1,0,1,2.8e-05,0.0,-0.5932,0.5932
tookem,1,0,1,2.8e-05,0.0,-0.5932,0.5932
nightmarishly,0,1,1,0.0,3.2e-05,0.7931,0.7931
womans,0,1,1,0.0,3.2e-05,0.7931,0.7931
ghosts,1,0,1,2.8e-05,0.0,-0.5932,0.5932
menahem,0,1,1,0.0,3.2e-05,0.7931,0.7931
quoteoftheday,1,0,1,2.8e-05,0.0,-0.5932,0.5932
frail,1,0,1,2.8e-05,0.0,-0.5932,0.5932
thomassmonson,1,0,1,2.8e-05,0.0,-0.5932,0.5932
confidential,1,0,1,2.8e-05,0.0,-0.5932,0.5932
envision,1,0,1,2.8e-05,0.0,-0.5932,0.5932
wilsons,1,0,1,2.8e-05,0.0,-0.5932,0.5932
hypo,0,1,1,0.0,3.2e-05,0.7931,0.7931
buddz,1,0,1,2.8e-05,0.0,-0.5932,0.5932
neglect,0,1,1,0.0,3.2e-05,0.7931,0.7931
khulna,0,1,1,0.0,3.2e-05,0.7931,0.7931
fdbdp,1,0,1,2.8e-05,0.0,-0.5932,0.5932
appeared,0,1,1,0.0,3.2e-05,0.7931,0.7931
kpdied,0,1,1,0.0,3.2e-05,0.7931,0.7931
genitals,1,0,1,2.8e-05,0.0,-0.5932,0.5932
doritos,1,0,1,2.8e-05,0.0,-0.5932,0.5932
lara,1,0,1,2.8e-05,0.0,-0.5932,0.5932
pl,1,0,1,2.8e-05,0.0,-0.5932,0.5932
ogt,1,0,1,2.8e-05,0.0,-0.5932,0.5932
urogyn,0,1,1,0.0,3.2e-05,0.7931,0.7931
quadrillion,1,0,1,2.8e-05,0.0,-0.5932,0.5932
roy,1,0,1,2.8e-05,0.0,-0.5932,0.5932
cuties,0,1,1,0.0,3.2e-05,0.7931,0.7931
policies,1,0,1,2.8e-05,0.0,-0.5932,0.5932
preppers,1,0,1,2.8e-05,0.0,-0.5932,0.5932
tagging,1,0,1,2.8e-05,0.0,-0.5932,0.5932
beluga,0,1,1,0.0,3.2e-05,0.7931,0.7931
aberdeen,1,0,1,2.8e-05,0.0,-0.5932,0.5932
biolabs,0,1,1,0.0,3.2e-05,0.7931,0.7931
homophobia,1,0,1,2.8e-05,0.0,-0.5932,0.5932
boylesports,1,0,1,2.8e-05,0.0,-0.5932,0.5932
l9udest,1,0,1,2.8e-05,0.0,-0.5932,0.5932
decayed,1,0,1,2.8e-05,0.0,-0.5932,0.5932
ruling,1,0,1,2.8e-05,0.0,-0.5932,0.5932
annihilate,0,1,1,0.0,3.2e-05,0.7931,0.7931
snowflake,1,0,1,2.8e-05,0.0,-0.5932,0.5932
strength,0,1,1,0.0,3.2e-05,0.7931,0.7931
nola,0,1,1,0.0,3.2e-05,0.7931,0.7931
moir,0,1,1,0.0,3.2e-05,0.7931,0.7931
hmmm,1,0,1,2.8e-05,0.0,-0.5932,0.5932
masturbates,0,1,1,0.0,3.2e-05,0.7931,0.7931
ri,0,1,1,0.0,3.2e-05,0.7931,0.7931
sigue,1,0,1,2.8e-05,0.0,-0.5932,0.5932
individl,1,0,1,2.8e-05,0.0,-0.5932,0.5932
alrasyid448iturasya,1,0,1,2.8e-05,0.0,-0.5932,0.5932
photographed,1,0,1,2.8e-05,0.0,-0.5932,0.5932
surgical,1,0,1,2.8e-05,0.0,-0.5932,0.5932
meteors,1,0,1,2.8e-05,0.0,-0.5932,0.5932
crossing,0,1,1,0.0,3.2e-05,0.7931,0.7931
mh,1,0,1,2.8e-05,0.0,-0.5932,0.5932
cogxbox,1,0,1,2.8e-05,0.0,-0.5932,0.5932
cleavage,1,0,1,2.8e-05,0.0,-0.5932,0.5932
kunstler,1,0,1,2.8e-05,0.0,-0.5932,0.5932
wifi,1,0,1,2.8e-05,0.0,-0.5932,0.5932
transgendered,1,0,1,2.8e-05,0.0,-0.5932,0.5932
fco,0,1,1,0.0,3.2e-05,0.7931,0.7931
worldpay,1,0,1,2.8e-05,0.0,-0.5932,0.5932
kou,1,0,1,2.8e-05,0.0,-0.5932,0.5932
zar,1,0,1,2.8e-05,0.0,-0.5932,0.5932
connecticut,0,1,1,0.0,3.2e-05,0.7931,0.7931
pandora,0,1,1,0.0,3.2e-05,0.7931,0.7931
tiffanyfrizzell,1,0,1,2.8e-05,0.0,-0.5932,0.5932
airhead,1,0,1,2.8e-05,0.0,-0.5932,0.5932
guatemalan,0,1,1,0.0,3.2e-05,0.7931,0.7931
clots,1,0,1,2.8e-05,0.0,-0.5932,0.5932
booze,1,0,1,2.8e-05,0.0,-0.5932,0.5932
tyrone,1,0,1,2.8e-05,0.0,-0.5932,0.5932
rin,1,0,1,2.8e-05,0.0,-0.5932,0.5932
sundowns,1,0,1,2.8e-05,0.0,-0.5932,0.5932
breaches,1,0,1,2.8e-05,0.0,-0.5932,0.5932
ahamedis,1,0,1,2.8e-05,0.0,-0.5932,0.5932
tagged,1,0,1,2.8e-05,0.0,-0.5932,0.5932
shanaynay,1,0,1,2.8e-05,0.0,-0.5932,0.5932
dserialpcilp,1,0,1,2.8e-05,0.0,-0.5932,0.5932
insides,1,0,1,2.8e-05,0.0,-0.5932,0.5932
lateral,1,0,1,2.8e-05,0.0,-0.5932,0.5932
ahahahga,1,0,1,2.8e-05,0.0,-0.5932,0.5932
harpers,0,1,1,0.0,3.2e-05,0.7931,0.7931
cbs3,1,0,1,2.8e-05,0.0,-0.5932,0.5932
ethics,1,0,1,2.8e-05,0.0,-0.5932,0.5932
jak,1,0,1,2.8e-05,0.0,-0.5932,0.5932
highsmith,0,1,1,0.0,3.2e-05,0.7931,0.7931
rembr,1,0,1,2.8e-05,0.0,-0.5932,0.5932
yehuda,0,1,1,0.0,3.2e-05,0.7931,0.7931
stree,0,1,1,0.0,3.2e-05,0.7931,0.7931
finale,1,0,1,2.8e-05,0.0,-0.5932,0.5932
russaky89,1,0,1,2.8e-05,0.0,-0.5932,0.5932
arreat,1,0,1,2.8e-05,0.0,-0.5932,0.5932
economics,0,1,1,0.0,3.2e-05,0.7931,0.7931
llegaste,1,0,1,2.8e-05,0.0,-0.5932,0.5932
etoffe,1,0,1,2.8e-05,0.0,-0.5932,0.5932
hse,1,0,1,2.8e-05,0.0,-0.5932,0.5932
kontrolled,0,1,1,0.0,3.2e-05,0.7931,0.7931
booth,0,1,1,0.0,3.2e-05,0.7931,0.7931
kidsthesedays,1,0,1,2.8e-05,0.0,-0.5932,0.5932
hillaryclinton,1,0,1,2.8e-05,0.0,-0.5932,0.5932
disorders,0,1,1,0.0,3.2e-05,0.7931,0.7931
mia,1,0,1,2.8e-05,0.0,-0.5932,0.5932
monologue,1,0,1,2.8e-05,0.0,-0.5932,0.5932
bbloggers,1,0,1,2.8e-05,0.0,-0.5932,0.5932
swami,1,0,1,2.8e-05,0.0,-0.5932,0.5932
stephenson,0,1,1,0.0,3.2e-05,0.7931,0.7931
sorrow,0,1,1,0.0,3.2e-05,0.7931,0.7931
mgr,0,1,1,0.0,3.2e-05,0.7931,0.7931
trophies,1,0,1,2.8e-05,0.0,-0.5932,0.5932
jammu,0,1,1,0.0,3.2e-05,0.7931,0.7931
tantrums,1,0,1,2.8e-05,0.0,-0.5932,0.5932
cinemas,0,1,1,0.0,3.2e-05,0.7931,0.7931
intoxicated,0,1,1,0.0,3.2e-05,0.7931,0.7931
ahhhhh,1,0,1,2.8e-05,0.0,-0.5932,0.5932
seeker,0,1,1,0.0,3.2e-05,0.7931,0.7931
possesion,1,0,1,2.8e-05,0.0,-0.5932,0.5932
fletcher,0,1,1,0.0,3.2e-05,0.7931,0.7931
kro,1,0,1,2.8e-05,0.0,-0.5932,0.5932
offline,0,1,1,0.0,3.2e-05,0.7931,0.7931
chartreuse,1,0,1,2.8e-05,0.0,-0.5932,0.5932
unu,1,0,1,2.8e-05,0.0,-0.5932,0.5932
khaki,1,0,1,2.8e-05,0.0,-0.5932,0.5932
castello,1,0,1,2.8e-05,0.0,-0.5932,0.5932
noting,0,1,1,0.0,3.2e-05,0.7931,0.7931
annihilating,0,1,1,0.0,3.2e-05,0.7931,0.7931
washable,1,0,1,2.8e-05,0.0,-0.5932,0.5932
constitute,0,1,1,0.0,3.2e-05,0.7931,0.7931
kurt,1,0,1,2.8e-05,0.0,-0.5932,0.5932
uswarcrimes,0,1,1,0.0,3.2e-05,0.7931,0.7931
beached,0,1,1,0.0,3.2e-05,0.7931,0.7931
ezidigenocide,0,1,1,0.0,3.2e-05,0.7931,0.7931
greystone,1,0,1,2.8e-05,0.0,-0.5932,0.5932
mishap,0,1,1,0.0,3.2e-05,0.7931,0.7931
33333,0,1,1,0.0,3.2e-05,0.7931,0.7931
helen,1,0,1,2.8e-05,0.0,-0.5932,0.5932
cdnpoli,0,1,1,0.0,3.2e-05,0.7931,0.7931
hopfer,1,0,1,2.8e-05,0.0,-0.5932,0.5932
anew,1,0,1,2.8e-05,0.0,-0.5932,0.5932
usami,0,1,1,0.0,3.2e-05,0.7931,0.7931
heals,1,0,1,2.8e-05,0.0,-0.5932,0.5932
elses,1,0,1,2.8e-05,0.0,-0.5932,0.5932
wth,0,1,1,0.0,3.2e-05,0.7931,0.7931
cringes,1,0,1,2.8e-05,0.0,-0.5932,0.5932
govegan,1,0,1,2.8e-05,0.0,-0.5932,0.5932
x1402,1,0,1,2.8e-05,0.0,-0.5932,0.5932
fluctuations,1,0,1,2.8e-05,0.0,-0.5932,0.5932
263789f4,1,0,1,2.8e-05,0.0,-0.5932,0.5932
raredeals,1,0,1,2.8e-05,0.0,-0.5932,0.5932
meats,1,0,1,2.8e-05,0.0,-0.5932,0.5932
hangin,1,0,1,2.8e-05,0.0,-0.5932,0.5932
seekers,0,1,1,0.0,3.2e-05,0.7931,0.7931
stylist,1,0,1,2.8e-05,0.0,-0.5932,0.5932
strips,1,0,1,2.8e-05,0.0,-0.5932,0.5932
onlinea,0,1,1,0.0,3.2e-05,0.7931,0.7931
etp,0,1,1,0.0,3.2e-05,0.7931,0.7931
butch,1,0,1,2.8e-05,0.0,-0.5932,0.5932
actin,1,0,1,2.8e-05,0.0,-0.5932,0.5932
dangling,1,0,1,2.8e-05,0.0,-0.5932,0.5932
metallica,1,0,1,2.8e-05,0.0,-0.5932,0.5932
recordand,0,1,1,0.0,3.2e-05,0.7931,0.7931
positively,1,0,1,2.8e-05,0.0,-0.5932,0.5932
gunfail,0,1,1,0.0,3.2e-05,0.7931,0.7931
weakness,1,0,1,2.8e-05,0.0,-0.5932,0.5932
tone,1,0,1,2.8e-05,0.0,-0.5932,0.5932
lyrically,1,0,1,2.8e-05,0.0,-0.5932,0.5932
windows10,1,0,1,2.8e-05,0.0,-0.5932,0.5932
400dr,1,0,1,2.8e-05,0.0,-0.5932,0.5932
ton,0,1,1,0.0,3.2e-05,0.7931,0.7931
mizzou,1,0,1,2.8e-05,0.0,-0.5932,0.5932
areva,1,0,1,2.8e-05,0.0,-0.5932,0.5932
frickin,1,0,1,2.8e-05,0.0,-0.5932,0.5932
wartime,0,1,1,0.0,3.2e-05,0.7931,0.7931
tn,1,0,1,2.8e-05,0.0,-0.5932,0.5932
condemns,0,1,1,0.0,3.2e-05,0.7931,0.7931
entertainer,1,0,1,2.8e-05,0.0,-0.5932,0.5932
stung,0,1,1,0.0,3.2e-05,0.7931,0.7931
clawing,1,0,1,2.8e-05,0.0,-0.5932,0.5932
295ss,1,0,1,2.8e-05,0.0,-0.5932,0.5932
mystical,1,0,1,2.8e-05,0.0,-0.5932,0.5932
alexis,1,0,1,2.8e-05,0.0,-0.5932,0.5932
na,0,1,1,0.0,3.2e-05,0.7931,0.7931
ooohshit,1,0,1,2.8e-05,0.0,-0.5932,0.5932
ticketed,1,0,1,2.8e-05,0.0,-0.5932,0.5932
immediate,0,1,1,0.0,3.2e-05,0.7931,0.7931
westerncanadadrought,0,1,1,0.0,3.2e-05,0.7931,0.7931
croydonization,0,1,1,0.0,3.2e-05,0.7931,0.7931
govern,1,0,1,2.8e-05,0.0,-0.5932,0.5932
drool,0,1,1,0.0,3.2e-05,0.7931,0.7931
aubrey,0,1,1,0.0,3.2e-05,0.7931,0.7931
exotic,0,1,1,0.0,3.2e-05,0.7931,0.7931
quests,1,0,1,2.8e-05,0.0,-0.5932,0.5932
enacted,0,1,1,0.0,3.2e-05,0.7931,0.7931
jihad,1,0,1,2.8e-05,0.0,-0.5932,0.5932
suckers,1,0,1,2.8e-05,0.0,-0.5932,0.5932
rosters,0,1,1,0.0,3.2e-05,0.7931,0.7931
invested,0,1,1,0.0,3.2e-05,0.7931,0.7931
finance,1,0,1,2.8e-05,0.0,-0.5932,0.5932
pretenses,1,0,1,2.8e-05,0.0,-0.5932,0.5932
islamaphobe,1,0,1,2.8e-05,0.0,-0.5932,0.5932
v6,1,0,1,2.8e-05,0.0,-0.5932,0.5932
belter,0,1,1,0.0,3.2e-05,0.7931,0.7931
somethin,1,0,1,2.8e-05,0.0,-0.5932,0.5932
seats,1,0,1,2.8e-05,0.0,-0.5932,0.5932
productive,1,0,1,2.8e-05,0.0,-0.5932,0.5932
thereisonlysex,1,0,1,2.8e-05,0.0,-0.5932,0.5932
wogc,1,0,1,2.8e-05,0.0,-0.5932,0.5932
besieged,0,1,1,0.0,3.2e-05,0.7931,0.7931
temporarily,0,1,1,0.0,3.2e-05,0.7931,0.7931
slate,1,0,1,2.8e-05,0.0,-0.5932,0.5932
donated,0,1,1,0.0,3.2e-05,0.7931,0.7931
helm,0,1,1,0.0,3.2e-05,0.7931,0.7931
brb,1,0,1,2.8e-05,0.0,-0.5932,0.5932
hardstyle,0,1,1,0.0,3.2e-05,0.7931,0.7931
commences,1,0,1,2.8e-05,0.0,-0.5932,0.5932
usg,1,0,1,2.8e-05,0.0,-0.5932,0.5932
patron,1,0,1,2.8e-05,0.0,-0.5932,0.5932
thisisfaz,1,0,1,2.8e-05,0.0,-0.5932,0.5932
saltriverwildhorses,1,0,1,2.8e-05,0.0,-0.5932,0.5932
forrest,1,0,1,2.8e-05,0.0,-0.5932,0.5932
nbc15,1,0,1,2.8e-05,0.0,-0.5932,0.5932
lookss,1,0,1,2.8e-05,0.0,-0.5932,0.5932
cn,0,1,1,0.0,3.2e-05,0.7931,0.7931
sejorg,0,1,1,0.0,3.2e-05,0.7931,0.7931
worthless,1,0,1,2.8e-05,0.0,-0.5932,0.5932
tambourine,0,1,1,0.0,3.2e-05,0.7931,0.7931
floridians,1,0,1,2.8e-05,0.0,-0.5932,0.5932
romantic,1,0,1,2.8e-05,0.0,-0.5932,0.5932
temecula,0,1,1,0.0,3.2e-05,0.7931,0.7931
electr,0,1,1,0.0,3.2e-05,0.7931,0.7931
barra,1,0,1,2.8e-05,0.0,-0.5932,0.5932
durham,1,0,1,2.8e-05,0.0,-0.5932,0.5932
theatershooting,0,1,1,0.0,3.2e-05,0.7931,0.7931
streetjamzdotnet,0,1,1,0.0,3.2e-05,0.7931,0.7931
frequently,1,0,1,2.8e-05,0.0,-0.5932,0.5932
copied,1,0,1,2.8e-05,0.0,-0.5932,0.5932
eve,0,1,1,0.0,3.2e-05,0.7931,0.7931
aseer,0,1,1,0.0,3.2e-05,0.7931,0.7931
bkb066gp,0,1,1,0.0,3.2e-05,0.7931,0.7931
contemplation,0,1,1,0.0,3.2e-05,0.7931,0.7931
coma,1,0,1,2.8e-05,0.0,-0.5932,0.5932
liye,0,1,1,0.0,3.2e-05,0.7931,0.7931
zenit,1,0,1,2.8e-05,0.0,-0.5932,0.5932
bumpin,1,0,1,2.8e-05,0.0,-0.5932,0.5932
profittothepeople,0,1,1,0.0,3.2e-05,0.7931,0.7931
puppet,1,0,1,2.8e-05,0.0,-0.5932,0.5932
gypsy,1,0,1,2.8e-05,0.0,-0.5932,0.5932
mav,1,0,1,2.8e-05,0.0,-0.5932,0.5932
voters,1,0,1,2.8e-05,0.0,-0.5932,0.5932
flights,0,1,1,0.0,3.2e-05,0.7931,0.7931
reprocussions,1,0,1,2.8e-05,0.0,-0.5932,0.5932
reagans,1,0,1,2.8e-05,0.0,-0.5932,0.5932
waiver,1,0,1,2.8e-05,0.0,-0.5932,0.5932
17th,0,1,1,0.0,3.2e-05,0.7931,0.7931
heated,1,0,1,2.8e-05,0.0,-0.5932,0.5932
convert,1,0,1,2.8e-05,0.0,-0.5932,0.5932
3novices,0,1,1,0.0,3.2e-05,0.7931,0.7931
tounge,1,0,1,2.8e-05,0.0,-0.5932,0.5932
godly,1,0,1,2.8e-05,0.0,-0.5932,0.5932
safsufa,0,1,1,0.0,3.2e-05,0.7931,0.7931
fema,0,1,1,0.0,3.2e-05,0.7931,0.7931
50ft,0,1,1,0.0,3.2e-05,0.7931,0.7931
isolation,0,1,1,0.0,3.2e-05,0.7931,0.7931
discuss,1,0,1,2.8e-05,0.0,-0.5932,0.5932
acronym,1,0,1,2.8e-05,0.0,-0.5932,0.5932
aar,1,0,1,2.8e-05,0.0,-0.5932,0.5932
agnivesh,1,0,1,2.8e-05,0.0,-0.5932,0.5932
levy,0,1,1,0.0,3.2e-05,0.7931,0.7931
polar,1,0,1,2.8e-05,0.0,-0.5932,0.5932
divisions,1,0,1,2.8e-05,0.0,-0.5932,0.5932
eternity,1,0,1,2.8e-05,0.0,-0.5932,0.5932
prevalent,1,0,1,2.8e-05,0.0,-0.5932,0.5932
mpp,0,1,1,0.0,3.2e-05,0.7931,0.7931
tore,0,1,1,0.0,3.2e-05,0.7931,0.7931
wiedemer,1,0,1,2.8e-05,0.0,-0.5932,0.5932
foragesecret,1,0,1,2.8e-05,0.0,-0.5932,0.5932
modernize,1,0,1,2.8e-05,0.0,-0.5932,0.5932
mainstage,1,0,1,2.8e-05,0.0,-0.5932,0.5932
dmt,1,0,1,2.8e-05,0.0,-0.5932,0.5932
notleys,0,1,1,0.0,3.2e-05,0.7931,0.7931
reminders,1,0,1,2.8e-05,0.0,-0.5932,0.5932
trafficalert,0,1,1,0.0,3.2e-05,0.7931,0.7931
denied,0,1,1,0.0,3.2e-05,0.7931,0.7931
chore,0,1,1,0.0,3.2e-05,0.7931,0.7931
participating,0,1,1,0.0,3.2e-05,0.7931,0.7931
retroactive,1,0,1,2.8e-05,0.0,-0.5932,0.5932
conclusions,1,0,1,2.8e-05,0.0,-0.5932,0.5932
chews,1,0,1,2.8e-05,0.0,-0.5932,0.5932
warriorcord,1,0,1,2.8e-05,0.0,-0.5932,0.5932
florid,0,1,1,0.0,3.2e-05,0.7931,0.7931
cruises,1,0,1,2.8e-05,0.0,-0.5932,0.5932
auburn,0,1,1,0.0,3.2e-05,0.7931,0.7931
rio2016,0,1,1,0.0,3.2e-05,0.7931,0.7931
4got,1,0,1,2.8e-05,0.0,-0.5932,0.5932
alcoholism,1,0,1,2.8e-05,0.0,-0.5932,0.5932
imprisoning,0,1,1,0.0,3.2e-05,0.7931,0.7931
releasing,0,1,1,0.0,3.2e-05,0.7931,0.7931
mineness,0,1,1,0.0,3.2e-05,0.7931,0.7931
potatoes,0,1,1,0.0,3.2e-05,0.7931,0.7931
accidentalprophecy,1,0,1,2.8e-05,0.0,-0.5932,0.5932
moderately,1,0,1,2.8e-05,0.0,-0.5932,0.5932
somme,0,1,1,0.0,3.2e-05,0.7931,0.7931
5l,0,1,1,0.0,3.2e-05,0.7931,0.7931
brownie,1,0,1,2.8e-05,0.0,-0.5932,0.5932
eighth,1,0,1,2.8e-05,0.0,-0.5932,0.5932
smokey,1,0,1,2.8e-05,0.0,-0.5932,0.5932
prodding,1,0,1,2.8e-05,0.0,-0.5932,0.5932
edmonton,0,1,1,0.0,3.2e-05,0.7931,0.7931
forney,0,1,1,0.0,3.2e-05,0.7931,0.7931
disabledveterans,1,0,1,2.8e-05,0.0,-0.5932,0.5932
hints,1,0,1,2.8e-05,0.0,-0.5932,0.5932
handi,0,1,1,0.0,3.2e-05,0.7931,0.7931
gratia,0,1,1,0.0,3.2e-05,0.7931,0.7931
taxes,0,1,1,0.0,3.2e-05,0.7931,0.7931
viab,1,0,1,2.8e-05,0.0,-0.5932,0.5932
concentration,1,0,1,2.8e-05,0.0,-0.5932,0.5932
demonstrated,0,1,1,0.0,3.2e-05,0.7931,0.7931
coulda,1,0,1,2.8e-05,0.0,-0.5932,0.5932
waltdisney,1,0,1,2.8e-05,0.0,-0.5932,0.5932
imposition,1,0,1,2.8e-05,0.0,-0.5932,0.5932
decriminalized,1,0,1,2.8e-05,0.0,-0.5932,0.5932
mechanic,1,0,1,2.8e-05,0.0,-0.5932,0.5932
jota,1,0,1,2.8e-05,0.0,-0.5932,0.5932
graywardens,1,0,1,2.8e-05,0.0,-0.5932,0.5932
vessel,0,1,1,0.0,3.2e-05,0.7931,0.7931
snippets,1,0,1,2.8e-05,0.0,-0.5932,0.5932
sanelesstheory,1,0,1,2.8e-05,0.0,-0.5932,0.5932
cartridges,0,1,1,0.0,3.2e-05,0.7931,0.7931
engagement,0,1,1,0.0,3.2e-05,0.7931,0.7931
hua,1,0,1,2.8e-05,0.0,-0.5932,0.5932
peale,0,1,1,0.0,3.2e-05,0.7931,0.7931
pox,0,1,1,0.0,3.2e-05,0.7931,0.7931
drained,0,1,1,0.0,3.2e-05,0.7931,0.7931
cackling,1,0,1,2.8e-05,0.0,-0.5932,0.5932
gio,1,0,1,2.8e-05,0.0,-0.5932,0.5932
veins,1,0,1,2.8e-05,0.0,-0.5932,0.5932
carmike,0,1,1,0.0,3.2e-05,0.7931,0.7931
kenosha,1,0,1,2.8e-05,0.0,-0.5932,0.5932
watermeloann,1,0,1,2.8e-05,0.0,-0.5932,0.5932
slating,1,0,1,2.8e-05,0.0,-0.5932,0.5932
closely,1,0,1,2.8e-05,0.0,-0.5932,0.5932
coronet,0,1,1,0.0,3.2e-05,0.7931,0.7931
paging,1,0,1,2.8e-05,0.0,-0.5932,0.5932
bajrangi,1,0,1,2.8e-05,0.0,-0.5932,0.5932
whitt,1,0,1,2.8e-05,0.0,-0.5932,0.5932
taxpayers,0,1,1,0.0,3.2e-05,0.7931,0.7931
wackos,0,1,1,0.0,3.2e-05,0.7931,0.7931
screening,1,0,1,2.8e-05,0.0,-0.5932,0.5932
builder,0,1,1,0.0,3.2e-05,0.7931,0.7931
magnets,0,1,1,0.0,3.2e-05,0.7931,0.7931
quantit,0,1,1,0.0,3.2e-05,0.7931,0.7931
cle,1,0,1,2.8e-05,0.0,-0.5932,0.5932
influenced,1,0,1,2.8e-05,0.0,-0.5932,0.5932
513,0,1,1,0.0,3.2e-05,0.7931,0.7931
peel,0,1,1,0.0,3.2e-05,0.7931,0.7931
sanitizing,0,1,1,0.0,3.2e-05,0.7931,0.7931
destroyd,0,1,1,0.0,3.2e-05,0.7931,0.7931
eurocrisis,0,1,1,0.0,3.2e-05,0.7931,0.7931
hugged,1,0,1,2.8e-05,0.0,-0.5932,0.5932
05th,0,1,1,0.0,3.2e-05,0.7931,0.7931
silinski,1,0,1,2.8e-05,0.0,-0.5932,0.5932
wendell,0,1,1,0.0,3.2e-05,0.7931,0.7931
accountable,1,0,1,2.8e-05,0.0,-0.5932,0.5932
colorism,1,0,1,2.8e-05,0.0,-0.5932,0.5932
chawalchorbjp,0,1,1,0.0,3.2e-05,0.7931,0.7931
paulista,1,0,1,2.8e-05,0.0,-0.5932,0.5932
yogurt,1,0,1,2.8e-05,0.0,-0.5932,0.5932
994,1,0,1,2.8e-05,0.0,-0.5932,0.5932
embraced,1,0,1,2.8e-05,0.0,-0.5932,0.5932
disconnected,0,1,1,0.0,3.2e-05,0.7931,0.7931
mash,1,0,1,2.8e-05,0.0,-0.5932,0.5932
8392,0,1,1,0.0,3.2e-05,0.7931,0.7931
lotg,1,0,1,2.8e-05,0.0,-0.5932,0.5932
thi,0,1,1,0.0,3.2e-05,0.7931,0.7931
muschamps,1,0,1,2.8e-05,0.0,-0.5932,0.5932
labourleadership,1,0,1,2.8e-05,0.0,-0.5932,0.5932
torrential,0,1,1,0.0,3.2e-05,0.7931,0.7931
twitch,1,0,1,2.8e-05,0.0,-0.5932,0.5932
0853,0,1,1,0.0,3.2e-05,0.7931,0.7931
alaskaseafood,1,0,1,2.8e-05,0.0,-0.5932,0.5932
mba,1,0,1,2.8e-05,0.0,-0.5932,0.5932
1700,0,1,1,0.0,3.2e-05,0.7931,0.7931
freestyle,1,0,1,2.8e-05,0.0,-0.5932,0.5932
counterstrike,1,0,1,2.8e-05,0.0,-0.5932,0.5932
139055,0,1,1,0.0,3.2e-05,0.7931,0.7931
pada,0,1,1,0.0,3.2e-05,0.7931,0.7931
jefferson,0,1,1,0.0,3.2e-05,0.7931,0.7931
caribean,0,1,1,0.0,3.2e-05,0.7931,0.7931
winik,1,0,1,2.8e-05,0.0,-0.5932,0.5932
pir,1,0,1,2.8e-05,0.0,-0.5932,0.5932
avigdorliberman,0,1,1,0.0,3.2e-05,0.7931,0.7931
persistent,1,0,1,2.8e-05,0.0,-0.5932,0.5932
swooping,1,0,1,2.8e-05,0.0,-0.5932,0.5932
sfgate,0,1,1,0.0,3.2e-05,0.7931,0.7931
kotolily,1,0,1,2.8e-05,0.0,-0.5932,0.5932
poignant,0,1,1,0.0,3.2e-05,0.7931,0.7931
tyrant,0,1,1,0.0,3.2e-05,0.7931,0.7931
decorating,1,0,1,2.8e-05,0.0,-0.5932,0.5932
sfa,0,1,1,0.0,3.2e-05,0.7931,0.7931
overhead,0,1,1,0.0,3.2e-05,0.7931,0.7931
grandad,1,0,1,2.8e-05,0.0,-0.5932,0.5932
oblivious,0,1,1,0.0,3.2e-05,0.7931,0.7931
tat,1,0,1,2.8e-05,0.0,-0.5932,0.5932
burundis,0,1,1,0.0,3.2e-05,0.7931,0.7931
santos,1,0,1,2.8e-05,0.0,-0.5932,0.5932
30m,0,1,1,0.0,3.2e-05,0.7931,0.7931
faintly,1,0,1,2.8e-05,0.0,-0.5932,0.5932
signal,0,1,1,0.0,3.2e-05,0.7931,0.7931
angers,1,0,1,2.8e-05,0.0,-0.5932,0.5932
businessman,1,0,1,2.8e-05,0.0,-0.5932,0.5932
shawie17shawie,1,0,1,2.8e-05,0.0,-0.5932,0.5932
lagos,0,1,1,0.0,3.2e-05,0.7931,0.7931
misstep,1,0,1,2.8e-05,0.0,-0.5932,0.5932
lest,1,0,1,2.8e-05,0.0,-0.5932,0.5932
singled,0,1,1,0.0,3.2e-05,0.7931,0.7931
ibaraki,0,1,1,0.0,3.2e-05,0.7931,0.7931
sigh,1,0,1,2.8e-05,0.0,-0.5932,0.5932
crescent,1,0,1,2.8e-05,0.0,-0.5932,0.5932
dragons,0,1,1,0.0,3.2e-05,0.7931,0.7931
pepperoni,1,0,1,2.8e-05,0.0,-0.5932,0.5932
ariz,0,1,1,0.0,3.2e-05,0.7931,0.7931
rightly,0,1,1,0.0,3.2e-05,0.7931,0.7931
nbcnightlynews,0,1,1,0.0,3.2e-05,0.7931,0.7931
ethereal,1,0,1,2.8e-05,0.0,-0.5932,0.5932
ren,1,0,1,2.8e-05,0.0,-0.5932,0.5932
severely,0,1,1,0.0,3.2e-05,0.7931,0.7931
tomlinson,1,0,1,2.8e-05,0.0,-0.5932,0.5932
journey,0,1,1,0.0,3.2e-05,0.7931,0.7931
nagaski,0,1,1,0.0,3.2e-05,0.7931,0.7931
shunichiro,1,0,1,2.8e-05,0.0,-0.5932,0.5932
swag,1,0,1,2.8e-05,0.0,-0.5932,0.5932
tennews,0,1,1,0.0,3.2e-05,0.7931,0.7931
mumbairiot92,0,1,1,0.0,3.2e-05,0.7931,0.7931
ciggs,1,0,1,2.8e-05,0.0,-0.5932,0.5932
siouxlan,0,1,1,0.0,3.2e-05,0.7931,0.7931
letdown,1,0,1,2.8e-05,0.0,-0.5932,0.5932
factual,1,0,1,2.8e-05,0.0,-0.5932,0.5932
lume,1,0,1,2.8e-05,0.0,-0.5932,0.5932
unqualified,0,1,1,0.0,3.2e-05,0.7931,0.7931
respondents,1,0,1,2.8e-05,0.0,-0.5932,0.5932
extinction,0,1,1,0.0,3.2e-05,0.7931,0.7931
mre,1,0,1,2.8e-05,0.0,-0.5932,0.5932
externally,0,1,1,0.0,3.2e-05,0.7931,0.7931
moan,1,0,1,2.8e-05,0.0,-0.5932,0.5932
wale,1,0,1,2.8e-05,0.0,-0.5932,0.5932
faction,1,0,1,2.8e-05,0.0,-0.5932,0.5932
necros,1,0,1,2.8e-05,0.0,-0.5932,0.5932
dickson,0,1,1,0.0,3.2e-05,0.7931,0.7931
22pm,0,1,1,0.0,3.2e-05,0.7931,0.7931
lembra,0,1,1,0.0,3.2e-05,0.7931,0.7931
waldo,1,0,1,2.8e-05,0.0,-0.5932,0.5932
reps,1,0,1,2.8e-05,0.0,-0.5932,0.5932
wolforth,1,0,1,2.8e-05,0.0,-0.5932,0.5932
motivated,1,0,1,2.8e-05,0.0,-0.5932,0.5932
71st,0,1,1,0.0,3.2e-05,0.7931,0.7931
madara,1,0,1,2.8e-05,0.0,-0.5932,0.5932
slipping,1,0,1,2.8e-05,0.0,-0.5932,0.5932
cydia,1,0,1,2.8e-05,0.0,-0.5932,0.5932
treatmen,1,0,1,2.8e-05,0.0,-0.5932,0.5932
cosits,0,1,1,0.0,3.2e-05,0.7931,0.7931
superstition,1,0,1,2.8e-05,0.0,-0.5932,0.5932
brainless,1,0,1,2.8e-05,0.0,-0.5932,0.5932
gasping,1,0,1,2.8e-05,0.0,-0.5932,0.5932
isn,1,0,1,2.8e-05,0.0,-0.5932,0.5932
haaaaaa,1,0,1,2.8e-05,0.0,-0.5932,0.5932
foxa,1,0,1,2.8e-05,0.0,-0.5932,0.5932
dogg,1,0,1,2.8e-05,0.0,-0.5932,0.5932
fuckboy,1,0,1,2.8e-05,0.0,-0.5932,0.5932
peeked,1,0,1,2.8e-05,0.0,-0.5932,0.5932
obamas,0,1,1,0.0,3.2e-05,0.7931,0.7931
intragenerational,0,1,1,0.0,3.2e-05,0.7931,0.7931
romes,1,0,1,2.8e-05,0.0,-0.5932,0.5932
korzhonov,0,1,1,0.0,3.2e-05,0.7931,0.7931
gladbach,1,0,1,2.8e-05,0.0,-0.5932,0.5932
nationals,0,1,1,0.0,3.2e-05,0.7931,0.7931
jobbing,1,0,1,2.8e-05,0.0,-0.5932,0.5932
haircuts,1,0,1,2.8e-05,0.0,-0.5932,0.5932
activision,1,0,1,2.8e-05,0.0,-0.5932,0.5932
stratford,0,1,1,0.0,3.2e-05,0.7931,0.7931
homemade,1,0,1,2.8e-05,0.0,-0.5932,0.5932
softball,0,1,1,0.0,3.2e-05,0.7931,0.7931
kicks,1,0,1,2.8e-05,0.0,-0.5932,0.5932
democrat,0,1,1,0.0,3.2e-05,0.7931,0.7931
lively,1,0,1,2.8e-05,0.0,-0.5932,0.5932
serving,0,1,1,0.0,3.2e-05,0.7931,0.7931
benitezs,0,1,1,0.0,3.2e-05,0.7931,0.7931
emittin,0,1,1,0.0,3.2e-05,0.7931,0.7931
oddball,1,0,1,2.8e-05,0.0,-0.5932,0.5932
leftwich,1,0,1,2.8e-05,0.0,-0.5932,0.5932
phillips,0,1,1,0.0,3.2e-05,0.7931,0.7931
farewell,1,0,1,2.8e-05,0.0,-0.5932,0.5932
79,0,1,1,0.0,3.2e-05,0.7931,0.7931
onion,0,1,1,0.0,3.2e-05,0.7931,0.7931
thh,1,0,1,2.8e-05,0.0,-0.5932,0.5932
0000,0,1,1,0.0,3.2e-05,0.7931,0.7931
grabbed,0,1,1,0.0,3.2e-05,0.7931,0.7931
cote,0,1,1,0.0,3.2e-05,0.7931,0.7931
nonprofit,1,0,1,2.8e-05,0.0,-0.5932,0.5932
fittscott,1,0,1,2.8e-05,0.0,-0.5932,0.5932
tropes,1,0,1,2.8e-05,0.0,-0.5932,0.5932
burton,0,1,1,0.0,3.2e-05,0.7931,0.7931
childfund,0,1,1,0.0,3.2e-05,0.7931,0.7931
decrease,1,0,1,2.8e-05,0.0,-0.5932,0.5932
splifs,1,0,1,2.8e-05,0.0,-0.5932,0.5932
windsor,0,1,1,0.0,3.2e-05,0.7931,0.7931
30stm,0,1,1,0.0,3.2e-05,0.7931,0.7931
66,1,0,1,2.8e-05,0.0,-0.5932,0.5932
colorectal,0,1,1,0.0,3.2e-05,0.7931,0.7931
oyster,1,0,1,2.8e-05,0.0,-0.5932,0.5932
paranormal,1,0,1,2.8e-05,0.0,-0.5932,0.5932
hpssjd,0,1,1,0.0,3.2e-05,0.7931,0.7931
nervous,1,0,1,2.8e-05,0.0,-0.5932,0.5932
blacken,0,1,1,0.0,3.2e-05,0.7931,0.7931
mixes,1,0,1,2.8e-05,0.0,-0.5932,0.5932
favorita,1,0,1,2.8e-05,0.0,-0.5932,0.5932
dumuzid,1,0,1,2.8e-05,0.0,-0.5932,0.5932
kanger,1,0,1,2.8e-05,0.0,-0.5932,0.5932
difficulties,1,0,1,2.8e-05,0.0,-0.5932,0.5932
decides,1,0,1,2.8e-05,0.0,-0.5932,0.5932
pixelsmovie,1,0,1,2.8e-05,0.0,-0.5932,0.5932
symptoms,0,1,1,0.0,3.2e-05,0.7931,0.7931
janta,0,1,1,0.0,3.2e-05,0.7931,0.7931
perform,1,0,1,2.8e-05,0.0,-0.5932,0.5932
defeat,1,0,1,2.8e-05,0.0,-0.5932,0.5932
smokers,1,0,1,2.8e-05,0.0,-0.5932,0.5932
liar,1,0,1,2.8e-05,0.0,-0.5932,0.5932
proms,0,1,1,0.0,3.2e-05,0.7931,0.7931
ant,0,1,1,0.0,3.2e-05,0.7931,0.7931
jump,1,0,1,2.8e-05,0.0,-0.5932,0.5932
err,1,0,1,2.8e-05,0.0,-0.5932,0.5932
shotgun,0,1,1,0.0,3.2e-05,0.7931,0.7931
boxset,1,0,1,2.8e-05,0.0,-0.5932,0.5932
macabrelolita,1,0,1,2.8e-05,0.0,-0.5932,0.5932
yuuko,1,0,1,2.8e-05,0.0,-0.5932,0.5932
latina,0,1,1,0.0,3.2e-05,0.7931,0.7931
expertwhiner,1,0,1,2.8e-05,0.0,-0.5932,0.5932
1895,0,1,1,0.0,3.2e-05,0.7931,0.7931
westchester,0,1,1,0.0,3.2e-05,0.7931,0.7931
elaboration,1,0,1,2.8e-05,0.0,-0.5932,0.5932
415,0,1,1,0.0,3.2e-05,0.7931,0.7931
dt,0,1,1,0.0,3.2e-05,0.7931,0.7931
ip,1,0,1,2.8e-05,0.0,-0.5932,0.5932
shuffled,1,0,1,2.8e-05,0.0,-0.5932,0.5932
materialism,0,1,1,0.0,3.2e-05,0.7931,0.7931
bicyclists,0,1,1,0.0,3.2e-05,0.7931,0.7931
moly,0,1,1,0.0,3.2e-05,0.7931,0.7931
rang,1,0,1,2.8e-05,0.0,-0.5932,0.5932
sustainourearth,0,1,1,0.0,3.2e-05,0.7931,0.7931
gaynor,0,1,1,0.0,3.2e-05,0.7931,0.7931
establishment,1,0,1,2.8e-05,0.0,-0.5932,0.5932
alisonannyoung,1,0,1,2.8e-05,0.0,-0.5932,0.5932
seize,0,1,1,0.0,3.2e-05,0.7931,0.7931
trestle,1,0,1,2.8e-05,0.0,-0.5932,0.5932
rainy,0,1,1,0.0,3.2e-05,0.7931,0.7931
cbs29,0,1,1,0.0,3.2e-05,0.7931,0.7931
trynna,1,0,1,2.8e-05,0.0,-0.5932,0.5932
tailor,1,0,1,2.8e-05,0.0,-0.5932,0.5932
illusion,0,1,1,0.0,3.2e-05,0.7931,0.7931
shootings,0,1,1,0.0,3.2e-05,0.7931,0.7931
tru,1,0,1,2.8e-05,0.0,-0.5932,0.5932
edwing,1,0,1,2.8e-05,0.0,-0.5932,0.5932
bothered,0,1,1,0.0,3.2e-05,0.7931,0.7931
whocares,1,0,1,2.8e-05,0.0,-0.5932,0.5932
thestrain,0,1,1,0.0,3.2e-05,0.7931,0.7931
mylifestory,1,0,1,2.8e-05,0.0,-0.5932,0.5932
middleeast,0,1,1,0.0,3.2e-05,0.7931,0.7931
lakh,0,1,1,0.0,3.2e-05,0.7931,0.7931
pouring,0,1,1,0.0,3.2e-05,0.7931,0.7931
integrative,0,1,1,0.0,3.2e-05,0.7931,0.7931
iceland,0,1,1,0.0,3.2e-05,0.7931,0.7931
laura,1,0,1,2.8e-05,0.0,-0.5932,0.5932
margarita,1,0,1,2.8e-05,0.0,-0.5932,0.5932
folding,1,0,1,2.8e-05,0.0,-0.5932,0.5932
fundwhen,1,0,1,2.8e-05,0.0,-0.5932,0.5932
egyptian,0,1,1,0.0,3.2e-05,0.7931,0.7931
pvris,0,1,1,0.0,3.2e-05,0.7931,0.7931
knox,0,1,1,0.0,3.2e-05,0.7931,0.7931
magazines,1,0,1,2.8e-05,0.0,-0.5932,0.5932
ullman,1,0,1,2.8e-05,0.0,-0.5932,0.5932
sindh,0,1,1,0.0,3.2e-05,0.7931,0.7931
573,0,1,1,0.0,3.2e-05,0.7931,0.7931
lumbar,1,0,1,2.8e-05,0.0,-0.5932,0.5932
willinghearted,1,0,1,2.8e-05,0.0,-0.5932,0.5932
alley,0,1,1,0.0,3.2e-05,0.7931,0.7931
pipeliners,0,1,1,0.0,3.2e-05,0.7931,0.7931
tribe,0,1,1,0.0,3.2e-05,0.7931,0.7931
exofficio,1,0,1,2.8e-05,0.0,-0.5932,0.5932
4region,0,1,1,0.0,3.2e-05,0.7931,0.7931
exact,1,0,1,2.8e-05,0.0,-0.5932,0.5932
realm,1,0,1,2.8e-05,0.0,-0.5932,0.5932
lpdkl,1,0,1,2.8e-05,0.0,-0.5932,0.5932
rsa,1,0,1,2.8e-05,0.0,-0.5932,0.5932
bd,1,0,1,2.8e-05,0.0,-0.5932,0.5932
kneelbot,1,0,1,2.8e-05,0.0,-0.5932,0.5932
uke,1,0,1,2.8e-05,0.0,-0.5932,0.5932
diverted,0,1,1,0.0,3.2e-05,0.7931,0.7931
fieldstone,0,1,1,0.0,3.2e-05,0.7931,0.7931
commas,1,0,1,2.8e-05,0.0,-0.5932,0.5932
vigilent,0,1,1,0.0,3.2e-05,0.7931,0.7931
gigant,1,0,1,2.8e-05,0.0,-0.5932,0.5932
rv,1,0,1,2.8e-05,0.0,-0.5932,0.5932
magics,0,1,1,0.0,3.2e-05,0.7931,0.7931
thinner,0,1,1,0.0,3.2e-05,0.7931,0.7931
speeding,1,0,1,2.8e-05,0.0,-0.5932,0.5932
snuck,1,0,1,2.8e-05,0.0,-0.5932,0.5932
pledged,0,1,1,0.0,3.2e-05,0.7931,0.7931
3am,1,0,1,2.8e-05,0.0,-0.5932,0.5932
smoochy,1,0,1,2.8e-05,0.0,-0.5932,0.5932
raft,1,0,1,2.8e-05,0.0,-0.5932,0.5932
bucks,1,0,1,2.8e-05,0.0,-0.5932,0.5932
seeking,1,0,1,2.8e-05,0.0,-0.5932,0.5932
longll,1,0,1,2.8e-05,0.0,-0.5932,0.5932
piracy,0,1,1,0.0,3.2e-05,0.7931,0.7931
killin,0,1,1,0.0,3.2e-05,0.7931,0.7931
cooling,1,0,1,2.8e-05,0.0,-0.5932,0.5932
coercion,1,0,1,2.8e-05,0.0,-0.5932,0.5932
embarrassed,1,0,1,2.8e-05,0.0,-0.5932,0.5932
grandfather,0,1,1,0.0,3.2e-05,0.7931,0.7931
discussing,1,0,1,2.8e-05,0.0,-0.5932,0.5932
dfir,1,0,1,2.8e-05,0.0,-0.5932,0.5932
allthekidneybeansandsorbet4misha,1,0,1,2.8e-05,0.0,-0.5932,0.5932
backty,1,0,1,2.8e-05,0.0,-0.5932,0.5932
us70,0,1,1,0.0,3.2e-05,0.7931,0.7931
downloading,1,0,1,2.8e-05,0.0,-0.5932,0.5932
foiled,1,0,1,2.8e-05,0.0,-0.5932,0.5932
bobble,1,0,1,2.8e-05,0.0,-0.5932,0.5932
anthology,1,0,1,2.8e-05,0.0,-0.5932,0.5932
doppler,0,1,1,0.0,3.2e-05,0.7931,0.7931
vibrate,1,0,1,2.8e-05,0.0,-0.5932,0.5932
250000,0,1,1,0.0,3.2e-05,0.7931,0.7931
gangstermail,1,0,1,2.8e-05,0.0,-0.5932,0.5932
japs,0,1,1,0.0,3.2e-05,0.7931,0.7931
poc,1,0,1,2.8e-05,0.0,-0.5932,0.5932
chapter,1,0,1,2.8e-05,0.0,-0.5932,0.5932
supremacist,0,1,1,0.0,3.2e-05,0.7931,0.7931
kelly,0,1,1,0.0,3.2e-05,0.7931,0.7931
ali,1,0,1,2.8e-05,0.0,-0.5932,0.5932
homepage,1,0,1,2.8e-05,0.0,-0.5932,0.5932
1008planet,1,0,1,2.8e-05,0.0,-0.5932,0.5932
slithering,1,0,1,2.8e-05,0.0,-0.5932,0.5932
smaller,1,0,1,2.8e-05,0.0,-0.5932,0.5932
suggs,1,0,1,2.8e-05,0.0,-0.5932,0.5932
datingtips,1,0,1,2.8e-05,0.0,-0.5932,0.5932
policylab,0,1,1,0.0,3.2e-05,0.7931,0.7931
cheetos,1,0,1,2.8e-05,0.0,-0.5932,0.5932
margaret,1,0,1,2.8e-05,0.0,-0.5932,0.5932
gurion,0,1,1,0.0,3.2e-05,0.7931,0.7931
maratha,0,1,1,0.0,3.2e-05,0.7931,0.7931
incapable,1,0,1,2.8e-05,0.0,-0.5932,0.5932
phuket,0,1,1,0.0,3.2e-05,0.7931,0.7931
int,1,0,1,2.8e-05,0.0,-0.5932,0.5932
iit,0,1,1,0.0,3.2e-05,0.7931,0.7931
stan,1,0,1,2.8e-05,0.0,-0.5932,0.5932
ey,1,0,1,2.8e-05,0.0,-0.5932,0.5932
seras,1,0,1,2.8e-05,0.0,-0.5932,0.5932
agony,1,0,1,2.8e-05,0.0,-0.5932,0.5932
queenmy,1,0,1,2.8e-05,0.0,-0.5932,0.5932
lungcancer,1,0,1,2.8e-05,0.0,-0.5932,0.5932
lisowski,0,1,1,0.0,3.2e-05,0.7931,0.7931
roomr,1,0,1,2.8e-05,0.0,-0.5932,0.5932
keen,1,0,1,2.8e-05,0.0,-0.5932,0.5932
untangle,1,0,1,2.8e-05,0.0,-0.5932,0.5932
prom,0,1,1,0.0,3.2e-05,0.7931,0.7931
l4,1,0,1,2.8e-05,0.0,-0.5932,0.5932
resin,1,0,1,2.8e-05,0.0,-0.5932,0.5932
styled,1,0,1,2.8e-05,0.0,-0.5932,0.5932
tweetstorm,1,0,1,2.8e-05,0.0,-0.5932,0.5932
azwx,0,1,1,0.0,3.2e-05,0.7931,0.7931
burnfat,1,0,1,2.8e-05,0.0,-0.5932,0.5932
novalismi,1,0,1,2.8e-05,0.0,-0.5932,0.5932
lifeline,1,0,1,2.8e-05,0.0,-0.5932,0.5932
1008pla,1,0,1,2.8e-05,0.0,-0.5932,0.5932
spsgsp,0,1,1,0.0,3.2e-05,0.7931,0.7931
cultsierre,1,0,1,2.8e-05,0.0,-0.5932,0.5932
organ,1,0,1,2.8e-05,0.0,-0.5932,0.5932
kennedys,0,1,1,0.0,3.2e-05,0.7931,0.7931
reopens,0,1,1,0.0,3.2e-05,0.7931,0.7931
esevu,1,0,1,2.8e-05,0.0,-0.5932,0.5932
precisionistic,1,0,1,2.8e-05,0.0,-0.5932,0.5932
amo,1,0,1,2.8e-05,0.0,-0.5932,0.5932
auc,1,0,1,2.8e-05,0.0,-0.5932,0.5932
oocvg,1,0,1,2.8e-05,0.0,-0.5932,0.5932
anchors,1,0,1,2.8e-05,0.0,-0.5932,0.5932
whiskey,1,0,1,2.8e-05,0.0,-0.5932,0.5932
c720,1,0,1,2.8e-05,0.0,-0.5932,0.5932
indiegogo,0,1,1,0.0,3.2e-05,0.7931,0.7931
achedin,0,1,1,0.0,3.2e-05,0.7931,0.7931
vortex,1,0,1,2.8e-05,0.0,-0.5932,0.5932
noemotion,1,0,1,2.8e-05,0.0,-0.5932,0.5932
lim,1,0,1,2.8e-05,0.0,-0.5932,0.5932
shitton,1,0,1,2.8e-05,0.0,-0.5932,0.5932
doll,1,0,1,2.8e-05,0.0,-0.5932,0.5932
animatronics,1,0,1,2.8e-05,0.0,-0.5932,0.5932
nout,1,0,1,2.8e-05,0.0,-0.5932,0.5932
suspend,0,1,1,0.0,3.2e-05,0.7931,0.7931
browns,1,0,1,2.8e-05,0.0,-0.5932,0.5932
accidently,1,0,1,2.8e-05,0.0,-0.5932,0.5932
ppor,0,1,1,0.0,3.2e-05,0.7931,0.7931
annddd,1,0,1,2.8e-05,0.0,-0.5932,0.5932
optimistic,1,0,1,2.8e-05,0.0,-0.5932,0.5932
hector,1,0,1,2.8e-05,0.0,-0.5932,0.5932
nevadas,0,1,1,0.0,3.2e-05,0.7931,0.7931
17000,0,1,1,0.0,3.2e-05,0.7931,0.7931
streetlight,0,1,1,0.0,3.2e-05,0.7931,0.7931
thr,0,1,1,0.0,3.2e-05,0.7931,0.7931
jawans,0,1,1,0.0,3.2e-05,0.7931,0.7931
touchdown,1,0,1,2.8e-05,0.0,-0.5932,0.5932
wha,1,0,1,2.8e-05,0.0,-0.5932,0.5932
tosu,1,0,1,2.8e-05,0.0,-0.5932,0.5932
requiem,1,0,1,2.8e-05,0.0,-0.5932,0.5932
locksmithing,1,0,1,2.8e-05,0.0,-0.5932,0.5932
venture,1,0,1,2.8e-05,0.0,-0.5932,0.5932
mat,1,0,1,2.8e-05,0.0,-0.5932,0.5932
narry,1,0,1,2.8e-05,0.0,-0.5932,0.5932
30th,0,1,1,0.0,3.2e-05,0.7931,0.7931
niqqa,1,0,1,2.8e-05,0.0,-0.5932,0.5932
shifts,0,1,1,0.0,3.2e-05,0.7931,0.7931
shortfalls,1,0,1,2.8e-05,0.0,-0.5932,0.5932
comin,1,0,1,2.8e-05,0.0,-0.5932,0.5932
urbanfashion,1,0,1,2.8e-05,0.0,-0.5932,0.5932
tents,0,1,1,0.0,3.2e-05,0.7931,0.7931
floored4,1,0,1,2.8e-05,0.0,-0.5932,0.5932
netflix,1,0,1,2.8e-05,0.0,-0.5932,0.5932
circular,1,0,1,2.8e-05,0.0,-0.5932,0.5932
compelling,1,0,1,2.8e-05,0.0,-0.5932,0.5932
oliver,1,0,1,2.8e-05,0.0,-0.5932,0.5932
memorable,1,0,1,2.8e-05,0.0,-0.5932,0.5932
waterproof,1,0,1,2.8e-05,0.0,-0.5932,0.5932
starks,1,0,1,2.8e-05,0.0,-0.5932,0.5932
geyser,0,1,1,0.0,3.2e-05,0.7931,0.7931
guards,1,0,1,2.8e-05,0.0,-0.5932,0.5932
sd,0,1,1,0.0,3.2e-05,0.7931,0.7931
destination,1,0,1,2.8e-05,0.0,-0.5932,0.5932
allthenews,0,1,1,0.0,3.2e-05,0.7931,0.7931
presentation,0,1,1,0.0,3.2e-05,0.7931,0.7931
traces,1,0,1,2.8e-05,0.0,-0.5932,0.5932
plummeting,1,0,1,2.8e-05,0.0,-0.5932,0.5932
insert,0,1,1,0.0,3.2e-05,0.7931,0.7931
demo,1,0,1,2.8e-05,0.0,-0.5932,0.5932
mustard,1,0,1,2.8e-05,0.0,-0.5932,0.5932
bliss,0,1,1,0.0,3.2e-05,0.7931,0.7931
roddypiperautos,0,1,1,0.0,3.2e-05,0.7931,0.7931
signatures,1,0,1,2.8e-05,0.0,-0.5932,0.5932
extraordinaire,0,1,1,0.0,3.2e-05,0.7931,0.7931
bestfriends,1,0,1,2.8e-05,0.0,-0.5932,0.5932
mold,0,1,1,0.0,3.2e-05,0.7931,0.7931
sahel,0,1,1,0.0,3.2e-05,0.7931,0.7931
nuts,1,0,1,2.8e-05,0.0,-0.5932,0.5932
awesomeeeeeeee,0,1,1,0.0,3.2e-05,0.7931,0.7931
mayor,1,0,1,2.8e-05,0.0,-0.5932,0.5932
indecency,1,0,1,2.8e-05,0.0,-0.5932,0.5932
bannister,1,0,1,2.8e-05,0.0,-0.5932,0.5932
socialtimes,1,0,1,2.8e-05,0.0,-0.5932,0.5932
citi,1,0,1,2.8e-05,0.0,-0.5932,0.5932
thebachelorette,1,0,1,2.8e-05,0.0,-0.5932,0.5932
rgj,0,1,1,0.0,3.2e-05,0.7931,0.7931
cst,1,0,1,2.8e-05,0.0,-0.5932,0.5932
minion,0,1,1,0.0,3.2e-05,0.7931,0.7931
hashtags,1,0,1,2.8e-05,0.0,-0.5932,0.5932
drools,1,0,1,2.8e-05,0.0,-0.5932,0.5932
pochette,1,0,1,2.8e-05,0.0,-0.5932,0.5932
unstoppable,1,0,1,2.8e-05,0.0,-0.5932,0.5932
haaretz,0,1,1,0.0,3.2e-05,0.7931,0.7931
beg,1,0,1,2.8e-05,0.0,-0.5932,0.5932
stare,1,0,1,2.8e-05,0.0,-0.5932,0.5932
jumps,1,0,1,2.8e-05,0.0,-0.5932,0.5932
armenians,0,1,1,0.0,3.2e-05,0.7931,0.7931
laughs,1,0,1,2.8e-05,0.0,-0.5932,0.5932
unexplainable,1,0,1,2.8e-05,0.0,-0.5932,0.5932
trashed,1,0,1,2.8e-05,0.0,-0.5932,0.5932
4sake,1,0,1,2.8e-05,0.0,-0.5932,0.5932
convivted,0,1,1,0.0,3.2e-05,0.7931,0.7931
osp,0,1,1,0.0,3.2e-05,0.7931,0.7931
tracklist,1,0,1,2.8e-05,0.0,-0.5932,0.5932
orchid,1,0,1,2.8e-05,0.0,-0.5932,0.5932
fahlo,1,0,1,2.8e-05,0.0,-0.5932,0.5932
sounders,1,0,1,2.8e-05,0.0,-0.5932,0.5932
satoshis,1,0,1,2.8e-05,0.0,-0.5932,0.5932
kgb,1,0,1,2.8e-05,0.0,-0.5932,0.5932
oompah,0,1,1,0.0,3.2e-05,0.7931,0.7931
lawn,1,0,1,2.8e-05,0.0,-0.5932,0.5932
oclock,0,1,1,0.0,3.2e-05,0.7931,0.7931
ants,1,0,1,2.8e-05,0.0,-0.5932,0.5932
dublins,1,0,1,2.8e-05,0.0,-0.5932,0.5932
gritty,1,0,1,2.8e-05,0.0,-0.5932,0.5932
generic,1,0,1,2.8e-05,0.0,-0.5932,0.5932
uv,1,0,1,2.8e-05,0.0,-0.5932,0.5932
wsls,0,1,1,0.0,3.2e-05,0.7931,0.7931
invincible,1,0,1,2.8e-05,0.0,-0.5932,0.5932
heller,0,1,1,0.0,3.2e-05,0.7931,0.7931
ski,0,1,1,0.0,3.2e-05,0.7931,0.7931
faroe,0,1,1,0.0,3.2e-05,0.7931,0.7931
celebrities,1,0,1,2.8e-05,0.0,-0.5932,0.5932
skywars,1,0,1,2.8e-05,0.0,-0.5932,0.5932
disinfo,0,1,1,0.0,3.2e-05,0.7931,0.7931
pardon,1,0,1,2.8e-05,0.0,-0.5932,0.5932
sond,1,0,1,2.8e-05,0.0,-0.5932,0.5932
succeed,0,1,1,0.0,3.2e-05,0.7931,0.7931
drumstep,1,0,1,2.8e-05,0.0,-0.5932,0.5932
rijn,0,1,1,0.0,3.2e-05,0.7931,0.7931
declaring,0,1,1,0.0,3.2e-05,0.7931,0.7931
tinted,1,0,1,2.8e-05,0.0,-0.5932,0.5932
burp,1,0,1,2.8e-05,0.0,-0.5932,0.5932
wrked,1,0,1,2.8e-05,0.0,-0.5932,0.5932
appropriate,1,0,1,2.8e-05,0.0,-0.5932,0.5932
unsuccessful,0,1,1,0.0,3.2e-05,0.7931,0.7931
unexercised,0,1,1,0.0,3.2e-05,0.7931,0.7931
relaxinpr,0,1,1,0.0,3.2e-05,0.7931,0.7931
pars,1,0,1,2.8e-05,0.0,-0.5932,0.5932
m6x1,1,0,1,2.8e-05,0.0,-0.5932,0.5932
oamsgajagahahah,1,0,1,2.8e-05,0.0,-0.5932,0.5932
skywarn,0,1,1,0.0,3.2e-05,0.7931,0.7931
bangladeshflood,0,1,1,0.0,3.2e-05,0.7931,0.7931
flavored,1,0,1,2.8e-05,0.0,-0.5932,0.5932
badirandeal,1,0,1,2.8e-05,0.0,-0.5932,0.5932
glanders,0,1,1,0.0,3.2e-05,0.7931,0.7931
flaws,1,0,1,2.8e-05,0.0,-0.5932,0.5932
battleships,0,1,1,0.0,3.2e-05,0.7931,0.7931
glitch,1,0,1,2.8e-05,0.0,-0.5932,0.5932
lips,1,0,1,2.8e-05,0.0,-0.5932,0.5932
delicious,1,0,1,2.8e-05,0.0,-0.5932,0.5932
trends,1,0,1,2.8e-05,0.0,-0.5932,0.5932
bloke,0,1,1,0.0,3.2e-05,0.7931,0.7931
chronicillness,1,0,1,2.8e-05,0.0,-0.5932,0.5932
dispute,0,1,1,0.0,3.2e-05,0.7931,0.7931
honshu,0,1,1,0.0,3.2e-05,0.7931,0.7931
2500fps,0,1,1,0.0,3.2e-05,0.7931,0.7931
isaiah,1,0,1,2.8e-05,0.0,-0.5932,0.5932
lemonade,1,0,1,2.8e-05,0.0,-0.5932,0.5932
argue,1,0,1,2.8e-05,0.0,-0.5932,0.5932
practically,0,1,1,0.0,3.2e-05,0.7931,0.7931
optic,0,1,1,0.0,3.2e-05,0.7931,0.7931
ikpeazu,0,1,1,0.0,3.2e-05,0.7931,0.7931
fvck,0,1,1,0.0,3.2e-05,0.7931,0.7931
espargaro,1,0,1,2.8e-05,0.0,-0.5932,0.5932
hhs,1,0,1,2.8e-05,0.0,-0.5932,0.5932
offing,0,1,1,0.0,3.2e-05,0.7931,0.7931
htt,0,1,1,0.0,3.2e-05,0.7931,0.7931
exploring,0,1,1,0.0,3.2e-05,0.7931,0.7931
garza,1,0,1,2.8e-05,0.0,-0.5932,0.5932
addtexastonext1dtour,1,0,1,2.8e-05,0.0,-0.5932,0.5932
opener,1,0,1,2.8e-05,0.0,-0.5932,0.5932
glory,1,0,1,2.8e-05,0.0,-0.5932,0.5932
eddy,0,1,1,0.0,3.2e-05,0.7931,0.7931
strutting,0,1,1,0.0,3.2e-05,0.7931,0.7931
241487,0,1,1,0.0,3.2e-05,0.7931,0.7931
nicole,0,1,1,0.0,3.2e-05,0.7931,0.7931
sask,0,1,1,0.0,3.2e-05,0.7931,0.7931
afloat,0,1,1,0.0,3.2e-05,0.7931,0.7931
dnbheaven,1,0,1,2.8e-05,0.0,-0.5932,0.5932
clients,1,0,1,2.8e-05,0.0,-0.5932,0.5932
publish,1,0,1,2.8e-05,0.0,-0.5932,0.5932
dorling,1,0,1,2.8e-05,0.0,-0.5932,0.5932
caked,1,0,1,2.8e-05,0.0,-0.5932,0.5932
skiing,1,0,1,2.8e-05,0.0,-0.5932,0.5932
okinawan,0,1,1,0.0,3.2e-05,0.7931,0.7931
felons,1,0,1,2.8e-05,0.0,-0.5932,0.5932
nathans,1,0,1,2.8e-05,0.0,-0.5932,0.5932
aesthetic,1,0,1,2.8e-05,0.0,-0.5932,0.5932
parental,1,0,1,2.8e-05,0.0,-0.5932,0.5932
indictment,0,1,1,0.0,3.2e-05,0.7931,0.7931
lga,0,1,1,0.0,3.2e-05,0.7931,0.7931
maailiss,1,0,1,2.8e-05,0.0,-0.5932,0.5932
lalaloopsy,1,0,1,2.8e-05,0.0,-0.5932,0.5932
aul,0,1,1,0.0,3.2e-05,0.7931,0.7931
1236,0,1,1,0.0,3.2e-05,0.7931,0.7931
wesley,0,1,1,0.0,3.2e-05,0.7931,0.7931
oiled,1,0,1,2.8e-05,0.0,-0.5932,0.5932
sponsorships,0,1,1,0.0,3.2e-05,0.7931,0.7931
516,0,1,1,0.0,3.2e-05,0.7931,0.7931
preserve,0,1,1,0.0,3.2e-05,0.7931,0.7931
intervene,0,1,1,0.0,3.2e-05,0.7931,0.7931
edk,1,0,1,2.8e-05,0.0,-0.5932,0.5932
kitchen,1,0,1,2.8e-05,0.0,-0.5932,0.5932
mousse,1,0,1,2.8e-05,0.0,-0.5932,0.5932
occur,0,1,1,0.0,3.2e-05,0.7931,0.7931
l6,0,1,1,0.0,3.2e-05,0.7931,0.7931
finna,1,0,1,2.8e-05,0.0,-0.5932,0.5932
acrylic,0,1,1,0.0,3.2e-05,0.7931,0.7931
invzices,1,0,1,2.8e-05,0.0,-0.5932,0.5932
aks,0,1,1,0.0,3.2e-05,0.7931,0.7931
richhomeydon,1,0,1,2.8e-05,0.0,-0.5932,0.5932
psalm34,1,0,1,2.8e-05,0.0,-0.5932,0.5932
socket,1,0,1,2.8e-05,0.0,-0.5932,0.5932
defines,1,0,1,2.8e-05,0.0,-0.5932,0.5932
sabrina,0,1,1,0.0,3.2e-05,0.7931,0.7931
mechanicsburg,0,1,1,0.0,3.2e-05,0.7931,0.7931
pickles,1,0,1,2.8e-05,0.0,-0.5932,0.5932
donny,1,0,1,2.8e-05,0.0,-0.5932,0.5932
kidnapg,1,0,1,2.8e-05,0.0,-0.5932,0.5932
2d,1,0,1,2.8e-05,0.0,-0.5932,0.5932
sq,0,1,1,0.0,3.2e-05,0.7931,0.7931
biolab,1,0,1,2.8e-05,0.0,-0.5932,0.5932
sl,1,0,1,2.8e-05,0.0,-0.5932,0.5932
exposes,0,1,1,0.0,3.2e-05,0.7931,0.7931
atomicbomb,0,1,1,0.0,3.2e-05,0.7931,0.7931
reiterate,0,1,1,0.0,3.2e-05,0.7931,0.7931
importance,1,0,1,2.8e-05,0.0,-0.5932,0.5932
contrasts,1,0,1,2.8e-05,0.0,-0.5932,0.5932
h20,0,1,1,0.0,3.2e-05,0.7931,0.7931
marquis,1,0,1,2.8e-05,0.0,-0.5932,0.5932
cleaning,1,0,1,2.8e-05,0.0,-0.5932,0.5932
harda,0,1,1,0.0,3.2e-05,0.7931,0.7931
offenses,0,1,1,0.0,3.2e-05,0.7931,0.7931
gamer,0,1,1,0.0,3.2e-05,0.7931,0.7931
slit,1,0,1,2.8e-05,0.0,-0.5932,0.5932
mdt,0,1,1,0.0,3.2e-05,0.7931,0.7931
opinionated,1,0,1,2.8e-05,0.0,-0.5932,0.5932
gog,1,0,1,2.8e-05,0.0,-0.5932,0.5932
29pm,0,1,1,0.0,3.2e-05,0.7931,0.7931
marvellous,1,0,1,2.8e-05,0.0,-0.5932,0.5932
shingal,0,1,1,0.0,3.2e-05,0.7931,0.7931
systematic,0,1,1,0.0,3.2e-05,0.7931,0.7931
piano,1,0,1,2.8e-05,0.0,-0.5932,0.5932
euroquake,1,0,1,2.8e-05,0.0,-0.5932,0.5932
surviving,0,1,1,0.0,3.2e-05,0.7931,0.7931
diebold,1,0,1,2.8e-05,0.0,-0.5932,0.5932
precedent,0,1,1,0.0,3.2e-05,0.7931,0.7931
1017,1,0,1,2.8e-05,0.0,-0.5932,0.5932
28pm,0,1,1,0.0,3.2e-05,0.7931,0.7931
northgate,0,1,1,0.0,3.2e-05,0.7931,0.7931
durvod,1,0,1,2.8e-05,0.0,-0.5932,0.5932
extended,0,1,1,0.0,3.2e-05,0.7931,0.7931
anthony,0,1,1,0.0,3.2e-05,0.7931,0.7931
dispatch,0,1,1,0.0,3.2e-05,0.7931,0.7931
stunningly,1,0,1,2.8e-05,0.0,-0.5932,0.5932
statements,1,0,1,2.8e-05,0.0,-0.5932,0.5932
soaker,1,0,1,2.8e-05,0.0,-0.5932,0.5932
frankly,1,0,1,2.8e-05,0.0,-0.5932,0.5932
spilt,1,0,1,2.8e-05,0.0,-0.5932,0.5932
inspi,1,0,1,2.8e-05,0.0,-0.5932,0.5932
incidental,0,1,1,0.0,3.2e-05,0.7931,0.7931
nissannews,0,1,1,0.0,3.2e-05,0.7931,0.7931
laughtraders,1,0,1,2.8e-05,0.0,-0.5932,0.5932
glitter,1,0,1,2.8e-05,0.0,-0.5932,0.5932
boing,0,1,1,0.0,3.2e-05,0.7931,0.7931
pos,0,1,1,0.0,3.2e-05,0.7931,0.7931
bkn032,1,0,1,2.8e-05,0.0,-0.5932,0.5932
hardcover,1,0,1,2.8e-05,0.0,-0.5932,0.5932
tumbles,0,1,1,0.0,3.2e-05,0.7931,0.7931
amsal,1,0,1,2.8e-05,0.0,-0.5932,0.5932
whatevs,1,0,1,2.8e-05,0.0,-0.5932,0.5932
cans,1,0,1,2.8e-05,0.0,-0.5932,0.5932
disfigured,0,1,1,0.0,3.2e-05,0.7931,0.7931
togthe,1,0,1,2.8e-05,0.0,-0.5932,0.5932
cutekitten,1,0,1,2.8e-05,0.0,-0.5932,0.5932
tianta,0,1,1,0.0,3.2e-05,0.7931,0.7931
floridas,1,0,1,2.8e-05,0.0,-0.5932,0.5932
dhaka,0,1,1,0.0,3.2e-05,0.7931,0.7931
alska,0,1,1,0.0,3.2e-05,0.7931,0.7931
deductible,0,1,1,0.0,3.2e-05,0.7931,0.7931
sydtraffic,0,1,1,0.0,3.2e-05,0.7931,0.7931
frp,1,0,1,2.8e-05,0.0,-0.5932,0.5932
prompt,0,1,1,0.0,3.2e-05,0.7931,0.7931
broadly,0,1,1,0.0,3.2e-05,0.7931,0.7931
granted,0,1,1,0.0,3.2e-05,0.7931,0.7931
rural,0,1,1,0.0,3.2e-05,0.7931,0.7931
pft,1,0,1,2.8e-05,0.0,-0.5932,0.5932
secures,1,0,1,2.8e-05,0.0,-0.5932,0.5932
canonbringit,1,0,1,2.8e-05,0.0,-0.5932,0.5932
ph0tos,1,0,1,2.8e-05,0.0,-0.5932,0.5932
bulletproof,0,1,1,0.0,3.2e-05,0.7931,0.7931
doves,0,1,1,0.0,3.2e-05,0.7931,0.7931
umm,0,1,1,0.0,3.2e-05,0.7931,0.7931
charcoal,0,1,1,0.0,3.2e-05,0.7931,0.7931
offspring,1,0,1,2.8e-05,0.0,-0.5932,0.5932
ransacked,0,1,1,0.0,3.2e-05,0.7931,0.7931
eyesss,0,1,1,0.0,3.2e-05,0.7931,0.7931
businessmen,0,1,1,0.0,3.2e-05,0.7931,0.7931
sample,1,0,1,2.8e-05,0.0,-0.5932,0.5932
diversified,1,0,1,2.8e-05,0.0,-0.5932,0.5932
troye,1,0,1,2.8e-05,0.0,-0.5932,0.5932
billboard,1,0,1,2.8e-05,0.0,-0.5932,0.5932
intrigued,1,0,1,2.8e-05,0.0,-0.5932,0.5932
gba,1,0,1,2.8e-05,0.0,-0.5932,0.5932
vaccines,1,0,1,2.8e-05,0.0,-0.5932,0.5932
rods,0,1,1,0.0,3.2e-05,0.7931,0.7931
magichairbump,1,0,1,2.8e-05,0.0,-0.5932,0.5932
mesh,0,1,1,0.0,3.2e-05,0.7931,0.7931
robotcoingame,1,0,1,2.8e-05,0.0,-0.5932,0.5932
intentions,1,0,1,2.8e-05,0.0,-0.5932,0.5932
chemically,1,0,1,2.8e-05,0.0,-0.5932,0.5932
rindou,1,0,1,2.8e-05,0.0,-0.5932,0.5932
184,1,0,1,2.8e-05,0.0,-0.5932,0.5932
launches,0,1,1,0.0,3.2e-05,0.7931,0.7931
answered,1,0,1,2.8e-05,0.0,-0.5932,0.5932
charlies,1,0,1,2.8e-05,0.0,-0.5932,0.5932
annonymous,0,1,1,0.0,3.2e-05,0.7931,0.7931
straighten,1,0,1,2.8e-05,0.0,-0.5932,0.5932
ktfounder,1,0,1,2.8e-05,0.0,-0.5932,0.5932
2pack,1,0,1,2.8e-05,0.0,-0.5932,0.5932
shadows,1,0,1,2.8e-05,0.0,-0.5932,0.5932
covering,1,0,1,2.8e-05,0.0,-0.5932,0.5932
livelihoods,0,1,1,0.0,3.2e-05,0.7931,0.7931
videoclip,1,0,1,2.8e-05,0.0,-0.5932,0.5932
cerography,1,0,1,2.8e-05,0.0,-0.5932,0.5932
reggaeboyz,1,0,1,2.8e-05,0.0,-0.5932,0.5932
unscreened,0,1,1,0.0,3.2e-05,0.7931,0.7931
lancaster,0,1,1,0.0,3.2e-05,0.7931,0.7931
nikoniko12022,1,0,1,2.8e-05,0.0,-0.5932,0.5932
diggin,0,1,1,0.0,3.2e-05,0.7931,0.7931
telltales,1,0,1,2.8e-05,0.0,-0.5932,0.5932
tsutomi,0,1,1,0.0,3.2e-05,0.7931,0.7931
offside,1,0,1,2.8e-05,0.0,-0.5932,0.5932
saturation,1,0,1,2.8e-05,0.0,-0.5932,0.5932
2025,1,0,1,2.8e-05,0.0,-0.5932,0.5932
daddy,1,0,1,2.8e-05,0.0,-0.5932,0.5932
sprite,1,0,1,2.8e-05,0.0,-0.5932,0.5932
episcopal,1,0,1,2.8e-05,0.0,-0.5932,0.5932
slight,0,1,1,0.0,3.2e-05,0.7931,0.7931
chachi,1,0,1,2.8e-05,0.0,-0.5932,0.5932
yh,1,0,1,2.8e-05,0.0,-0.5932,0.5932
otp,1,0,1,2.8e-05,0.0,-0.5932,0.5932
kaboom,1,0,1,2.8e-05,0.0,-0.5932,0.5932
imkeepingmydayjob,0,1,1,0.0,3.2e-05,0.7931,0.7931
freshness,1,0,1,2.8e-05,0.0,-0.5932,0.5932
vai,1,0,1,2.8e-05,0.0,-0.5932,0.5932
p2,1,0,1,2.8e-05,0.0,-0.5932,0.5932
nugget,1,0,1,2.8e-05,0.0,-0.5932,0.5932
browsing,1,0,1,2.8e-05,0.0,-0.5932,0.5932
typewriter,1,0,1,2.8e-05,0.0,-0.5932,0.5932
bolshevik,0,1,1,0.0,3.2e-05,0.7931,0.7931
glacier,1,0,1,2.8e-05,0.0,-0.5932,0.5932
hea,0,1,1,0.0,3.2e-05,0.7931,0.7931
witnesses,0,1,1,0.0,3.2e-05,0.7931,0.7931
diverts,0,1,1,0.0,3.2e-05,0.7931,0.7931
662,0,1,1,0.0,3.2e-05,0.7931,0.7931
bacteria,0,1,1,0.0,3.2e-05,0.7931,0.7931
westminister,0,1,1,0.0,3.2e-05,0.7931,0.7931
accompanying,1,0,1,2.8e-05,0.0,-0.5932,0.5932
cowx,0,1,1,0.0,3.2e-05,0.7931,0.7931
consumes,0,1,1,0.0,3.2e-05,0.7931,0.7931
stlouis,1,0,1,2.8e-05,0.0,-0.5932,0.5932
lucio,1,0,1,2.8e-05,0.0,-0.5932,0.5932
lawx,0,1,1,0.0,3.2e-05,0.7931,0.7931
zeros,1,0,1,2.8e-05,0.0,-0.5932,0.5932
bookslast,1,0,1,2.8e-05,0.0,-0.5932,0.5932
emilee,0,1,1,0.0,3.2e-05,0.7931,0.7931
southline,0,1,1,0.0,3.2e-05,0.7931,0.7931
pandemic,0,1,1,0.0,3.2e-05,0.7931,0.7931
liberties,0,1,1,0.0,3.2e-05,0.7931,0.7931
dak,1,0,1,2.8e-05,0.0,-0.5932,0.5932
distribution,0,1,1,0.0,3.2e-05,0.7931,0.7931
aimlessly,0,1,1,0.0,3.2e-05,0.7931,0.7931
capsize,1,0,1,2.8e-05,0.0,-0.5932,0.5932
comdev,0,1,1,0.0,3.2e-05,0.7931,0.7931
unknowingly,1,0,1,2.8e-05,0.0,-0.5932,0.5932
bo3,1,0,1,2.8e-05,0.0,-0.5932,0.5932
changefortheworse,1,0,1,2.8e-05,0.0,-0.5932,0.5932
woo,0,1,1,0.0,3.2e-05,0.7931,0.7931
liverpool,0,1,1,0.0,3.2e-05,0.7931,0.7931
healed,1,0,1,2.8e-05,0.0,-0.5932,0.5932
senzu,1,0,1,2.8e-05,0.0,-0.5932,0.5932
pigeon,1,0,1,2.8e-05,0.0,-0.5932,0.5932
bordento,0,1,1,0.0,3.2e-05,0.7931,0.7931
hardball,1,0,1,2.8e-05,0.0,-0.5932,0.5932
s61,0,1,1,0.0,3.2e-05,0.7931,0.7931
whipe,0,1,1,0.0,3.2e-05,0.7931,0.7931
diyala,0,1,1,0.0,3.2e-05,0.7931,0.7931
uve,0,1,1,0.0,3.2e-05,0.7931,0.7931
quarrel,1,0,1,2.8e-05,0.0,-0.5932,0.5932
cataclysmic,0,1,1,0.0,3.2e-05,0.7931,0.7931
puny,1,0,1,2.8e-05,0.0,-0.5932,0.5932
orchardalley,0,1,1,0.0,3.2e-05,0.7931,0.7931
biggar,1,0,1,2.8e-05,0.0,-0.5932,0.5932
shestooyoung,1,0,1,2.8e-05,0.0,-0.5932,0.5932
restoringpaths,1,0,1,2.8e-05,0.0,-0.5932,0.5932
bachmann,1,0,1,2.8e-05,0.0,-0.5932,0.5932
improvements,1,0,1,2.8e-05,0.0,-0.5932,0.5932
hoke,0,1,1,0.0,3.2e-05,0.7931,0.7931
exits,1,0,1,2.8e-05,0.0,-0.5932,0.5932
jaylenejoybeligan,1,0,1,2.8e-05,0.0,-0.5932,0.5932
violin,1,0,1,2.8e-05,0.0,-0.5932,0.5932
haildamage,0,1,1,0.0,3.2e-05,0.7931,0.7931
politely,1,0,1,2.8e-05,0.0,-0.5932,0.5932
atombomb,0,1,1,0.0,3.2e-05,0.7931,0.7931
amen,0,1,1,0.0,3.2e-05,0.7931,0.7931
lopez,1,0,1,2.8e-05,0.0,-0.5932,0.5932
slsp,1,0,1,2.8e-05,0.0,-0.5932,0.5932
bae,1,0,1,2.8e-05,0.0,-0.5932,0.5932
lieu,1,0,1,2.8e-05,0.0,-0.5932,0.5932
400t,1,0,1,2.8e-05,0.0,-0.5932,0.5932
finite,1,0,1,2.8e-05,0.0,-0.5932,0.5932
piercings,1,0,1,2.8e-05,0.0,-0.5932,0.5932
film4,1,0,1,2.8e-05,0.0,-0.5932,0.5932
cycle,1,0,1,2.8e-05,0.0,-0.5932,0.5932
2slow2report,0,1,1,0.0,3.2e-05,0.7931,0.7931
african,1,0,1,2.8e-05,0.0,-0.5932,0.5932
natsu,1,0,1,2.8e-05,0.0,-0.5932,0.5932
51,0,1,1,0.0,3.2e-05,0.7931,0.7931
reactions,1,0,1,2.8e-05,0.0,-0.5932,0.5932
stillness,1,0,1,2.8e-05,0.0,-0.5932,0.5932
resilience,1,0,1,2.8e-05,0.0,-0.5932,0.5932
tookitlikeaman,1,0,1,2.8e-05,0.0,-0.5932,0.5932
miprv,0,1,1,0.0,3.2e-05,0.7931,0.7931
lamps,0,1,1,0.0,3.2e-05,0.7931,0.7931
notley,1,0,1,2.8e-05,0.0,-0.5932,0.5932
tractor,1,0,1,2.8e-05,0.0,-0.5932,0.5932
divine,1,0,1,2.8e-05,0.0,-0.5932,0.5932
subconscious,1,0,1,2.8e-05,0.0,-0.5932,0.5932
formula,1,0,1,2.8e-05,0.0,-0.5932,0.5932
salted,1,0,1,2.8e-05,0.0,-0.5932,0.5932
bilingual,1,0,1,2.8e-05,0.0,-0.5932,0.5932
extend,0,1,1,0.0,3.2e-05,0.7931,0.7931
dragneel,1,0,1,2.8e-05,0.0,-0.5932,0.5932
produces,0,1,1,0.0,3.2e-05,0.7931,0.7931
drjustinmazur,1,0,1,2.8e-05,0.0,-0.5932,0.5932
cartoony,1,0,1,2.8e-05,0.0,-0.5932,0.5932
mypillowstudio,1,0,1,2.8e-05,0.0,-0.5932,0.5932
penneys,1,0,1,2.8e-05,0.0,-0.5932,0.5932
pp15000266818,1,0,1,2.8e-05,0.0,-0.5932,0.5932
rezaphotography,0,1,1,0.0,3.2e-05,0.7931,0.7931
afterhaiyan,0,1,1,0.0,3.2e-05,0.7931,0.7931
neverforget,1,0,1,2.8e-05,0.0,-0.5932,0.5932
hows,0,1,1,0.0,3.2e-05,0.7931,0.7931
suffers,1,0,1,2.8e-05,0.0,-0.5932,0.5932
baseman,1,0,1,2.8e-05,0.0,-0.5932,0.5932
excepting,0,1,1,0.0,3.2e-05,0.7931,0.7931
java,1,0,1,2.8e-05,0.0,-0.5932,0.5932
yeyeulala,1,0,1,2.8e-05,0.0,-0.5932,0.5932
mccain,1,0,1,2.8e-05,0.0,-0.5932,0.5932
trickshot,1,0,1,2.8e-05,0.0,-0.5932,0.5932
uninvestigated,0,1,1,0.0,3.2e-05,0.7931,0.7931
homosexuality,0,1,1,0.0,3.2e-05,0.7931,0.7931
kakeru,0,1,1,0.0,3.2e-05,0.7931,0.7931
motordom,1,0,1,2.8e-05,0.0,-0.5932,0.5932
vanishing,0,1,1,0.0,3.2e-05,0.7931,0.7931
sometimesi,1,0,1,2.8e-05,0.0,-0.5932,0.5932
mages,1,0,1,2.8e-05,0.0,-0.5932,0.5932
martinmj22,0,1,1,0.0,3.2e-05,0.7931,0.7931
dismissed,1,0,1,2.8e-05,0.0,-0.5932,0.5932
elevator,1,0,1,2.8e-05,0.0,-0.5932,0.5932
wnw,1,0,1,2.8e-05,0.0,-0.5932,0.5932
photogenic,1,0,1,2.8e-05,0.0,-0.5932,0.5932
chainsaw,0,1,1,0.0,3.2e-05,0.7931,0.7931
pundits,0,1,1,0.0,3.2e-05,0.7931,0.7931
suing,0,1,1,0.0,3.2e-05,0.7931,0.7931
zimmerman,1,0,1,2.8e-05,0.0,-0.5932,0.5932
yelp,0,1,1,0.0,3.2e-05,0.7931,0.7931
scofield,1,0,1,2.8e-05,0.0,-0.5932,0.5932
goulding,1,0,1,2.8e-05,0.0,-0.5932,0.5932
atlas,1,0,1,2.8e-05,0.0,-0.5932,0.5932
soz,1,0,1,2.8e-05,0.0,-0.5932,0.5932
lightman,1,0,1,2.8e-05,0.0,-0.5932,0.5932
lavatory,1,0,1,2.8e-05,0.0,-0.5932,0.5932
hapa,1,0,1,2.8e-05,0.0,-0.5932,0.5932
portable,1,0,1,2.8e-05,0.0,-0.5932,0.5932
jadehelm15,1,0,1,2.8e-05,0.0,-0.5932,0.5932
sailors,0,1,1,0.0,3.2e-05,0.7931,0.7931
charon,1,0,1,2.8e-05,0.0,-0.5932,0.5932
eighty,0,1,1,0.0,3.2e-05,0.7931,0.7931
wedneday,1,0,1,2.8e-05,0.0,-0.5932,0.5932
festac,1,0,1,2.8e-05,0.0,-0.5932,0.5932
farther,1,0,1,2.8e-05,0.0,-0.5932,0.5932
stable,1,0,1,2.8e-05,0.0,-0.5932,0.5932
nojoke,1,0,1,2.8e-05,0.0,-0.5932,0.5932
hungover,1,0,1,2.8e-05,0.0,-0.5932,0.5932
winechat,1,0,1,2.8e-05,0.0,-0.5932,0.5932
stopping,0,1,1,0.0,3.2e-05,0.7931,0.7931
rocking,1,0,1,2.8e-05,0.0,-0.5932,0.5932
texting,1,0,1,2.8e-05,0.0,-0.5932,0.5932
sprains,1,0,1,2.8e-05,0.0,-0.5932,0.5932
meerkat,1,0,1,2.8e-05,0.0,-0.5932,0.5932
1950,1,0,1,2.8e-05,0.0,-0.5932,0.5932
cpanel,1,0,1,2.8e-05,0.0,-0.5932,0.5932
comparing,1,0,1,2.8e-05,0.0,-0.5932,0.5932
hospitality,1,0,1,2.8e-05,0.0,-0.5932,0.5932
18jst,1,0,1,2.8e-05,0.0,-0.5932,0.5932
tucson,0,1,1,0.0,3.2e-05,0.7931,0.7931
hometown,0,1,1,0.0,3.2e-05,0.7931,0.7931
meds,1,0,1,2.8e-05,0.0,-0.5932,0.5932
coaching,1,0,1,2.8e-05,0.0,-0.5932,0.5932
lightly,1,0,1,2.8e-05,0.0,-0.5932,0.5932
roleplay,1,0,1,2.8e-05,0.0,-0.5932,0.5932
sioux,0,1,1,0.0,3.2e-05,0.7931,0.7931
benstracy,0,1,1,0.0,3.2e-05,0.7931,0.7931
cern,1,0,1,2.8e-05,0.0,-0.5932,0.5932
herring,0,1,1,0.0,3.2e-05,0.7931,0.7931
cognitive,0,1,1,0.0,3.2e-05,0.7931,0.7931
caesars,1,0,1,2.8e-05,0.0,-0.5932,0.5932
taxreturn,1,0,1,2.8e-05,0.0,-0.5932,0.5932
nanotech,1,0,1,2.8e-05,0.0,-0.5932,0.5932
nate,1,0,1,2.8e-05,0.0,-0.5932,0.5932
loudest,1,0,1,2.8e-05,0.0,-0.5932,0.5932
enolagay,0,1,1,0.0,3.2e-05,0.7931,0.7931
rsx,1,0,1,2.8e-05,0.0,-0.5932,0.5932
abs,0,1,1,0.0,3.2e-05,0.7931,0.7931
goofballs,1,0,1,2.8e-05,0.0,-0.5932,0.5932
copped,1,0,1,2.8e-05,0.0,-0.5932,0.5932
nkea,1,0,1,2.8e-05,0.0,-0.5932,0.5932
undone,0,1,1,0.0,3.2e-05,0.7931,0.7931
gesserit,1,0,1,2.8e-05,0.0,-0.5932,0.5932
helmet,1,0,1,2.8e-05,0.0,-0.5932,0.5932
bombers,0,1,1,0.0,3.2e-05,0.7931,0.7931
616,0,1,1,0.0,3.2e-05,0.7931,0.7931
marxism,0,1,1,0.0,3.2e-05,0.7931,0.7931
obstacles,1,0,1,2.8e-05,0.0,-0.5932,0.5932
autism,1,0,1,2.8e-05,0.0,-0.5932,0.5932
lesnar,1,0,1,2.8e-05,0.0,-0.5932,0.5932
copalibertadores,1,0,1,2.8e-05,0.0,-0.5932,0.5932
soaked,1,0,1,2.8e-05,0.0,-0.5932,0.5932
unfml,1,0,1,2.8e-05,0.0,-0.5932,0.5932
permission,1,0,1,2.8e-05,0.0,-0.5932,0.5932
bonus,1,0,1,2.8e-05,0.0,-0.5932,0.5932
brutal,0,1,1,0.0,3.2e-05,0.7931,0.7931
31pm,0,1,1,0.0,3.2e-05,0.7931,0.7931
jocelyn,1,0,1,2.8e-05,0.0,-0.5932,0.5932
aladdin,1,0,1,2.8e-05,0.0,-0.5932,0.5932
fanarmyfaceoff,1,0,1,2.8e-05,0.0,-0.5932,0.5932
induced,1,0,1,2.8e-05,0.0,-0.5932,0.5932
varagesale,1,0,1,2.8e-05,0.0,-0.5932,0.5932
lame,1,0,1,2.8e-05,0.0,-0.5932,0.5932
foliage,0,1,1,0.0,3.2e-05,0.7931,0.7931
jarmusch,1,0,1,2.8e-05,0.0,-0.5932,0.5932
m3,0,1,1,0.0,3.2e-05,0.7931,0.7931
whack,0,1,1,0.0,3.2e-05,0.7931,0.7931
arsonists,1,0,1,2.8e-05,0.0,-0.5932,0.5932
manitou,0,1,1,0.0,3.2e-05,0.7931,0.7931
damascus,0,1,1,0.0,3.2e-05,0.7931,0.7931
painful,1,0,1,2.8e-05,0.0,-0.5932,0.5932
biosurveillance,0,1,1,0.0,3.2e-05,0.7931,0.7931
hunchback,1,0,1,2.8e-05,0.0,-0.5932,0.5932
jammed,0,1,1,0.0,3.2e-05,0.7931,0.7931
previews,1,0,1,2.8e-05,0.0,-0.5932,0.5932
wyou,1,0,1,2.8e-05,0.0,-0.5932,0.5932
notoriety,0,1,1,0.0,3.2e-05,0.7931,0.7931
rebooting,1,0,1,2.8e-05,0.0,-0.5932,0.5932
cai,0,1,1,0.0,3.2e-05,0.7931,0.7931
bsg,0,1,1,0.0,3.2e-05,0.7931,0.7931
cypress,1,0,1,2.8e-05,0.0,-0.5932,0.5932
twist,1,0,1,2.8e-05,0.0,-0.5932,0.5932
bioter,1,0,1,2.8e-05,0.0,-0.5932,0.5932
estates,0,1,1,0.0,3.2e-05,0.7931,0.7931
sama,1,0,1,2.8e-05,0.0,-0.5932,0.5932
muffle,1,0,1,2.8e-05,0.0,-0.5932,0.5932
texture,1,0,1,2.8e-05,0.0,-0.5932,0.5932
coyi,0,1,1,0.0,3.2e-05,0.7931,0.7931
speakingfromexperience,1,0,1,2.8e-05,0.0,-0.5932,0.5932
atom,0,1,1,0.0,3.2e-05,0.7931,0.7931
23rd,0,1,1,0.0,3.2e-05,0.7931,0.7931
vosloorus,0,1,1,0.0,3.2e-05,0.7931,0.7931
seasonfrom,1,0,1,2.8e-05,0.0,-0.5932,0.5932
twill,0,1,1,0.0,3.2e-05,0.7931,0.7931
752,0,1,1,0.0,3.2e-05,0.7931,0.7931
061,0,1,1,0.0,3.2e-05,0.7931,0.7931
win10,1,0,1,2.8e-05,0.0,-0.5932,0.5932
csismica,0,1,1,0.0,3.2e-05,0.7931,0.7931
trampling,0,1,1,0.0,3.2e-05,0.7931,0.7931
kia,1,0,1,2.8e-05,0.0,-0.5932,0.5932
skims,0,1,1,0.0,3.2e-05,0.7931,0.7931
tactics,1,0,1,2.8e-05,0.0,-0.5932,0.5932
bod,1,0,1,2.8e-05,0.0,-0.5932,0.5932
alllll,1,0,1,2.8e-05,0.0,-0.5932,0.5932
paths,1,0,1,2.8e-05,0.0,-0.5932,0.5932
buyout,1,0,1,2.8e-05,0.0,-0.5932,0.5932
ignoranceshe,1,0,1,2.8e-05,0.0,-0.5932,0.5932
ejaculating,0,1,1,0.0,3.2e-05,0.7931,0.7931
aside,0,1,1,0.0,3.2e-05,0.7931,0.7931
insure,1,0,1,2.8e-05,0.0,-0.5932,0.5932
duckvillelol,1,0,1,2.8e-05,0.0,-0.5932,0.5932
effected,0,1,1,0.0,3.2e-05,0.7931,0.7931
jackass,1,0,1,2.8e-05,0.0,-0.5932,0.5932
astounding,0,1,1,0.0,3.2e-05,0.7931,0.7931
suck,1,0,1,2.8e-05,0.0,-0.5932,0.5932
producer,1,0,1,2.8e-05,0.0,-0.5932,0.5932
oem,1,0,1,2.8e-05,0.0,-0.5932,0.5932
listing,1,0,1,2.8e-05,0.0,-0.5932,0.5932
craving,1,0,1,2.8e-05,0.0,-0.5932,0.5932
dramatically,0,1,1,0.0,3.2e-05,0.7931,0.7931
wardens,0,1,1,0.0,3.2e-05,0.7931,0.7931
bracing,1,0,1,2.8e-05,0.0,-0.5932,0.5932
grapes,1,0,1,2.8e-05,0.0,-0.5932,0.5932
baaaack,1,0,1,2.8e-05,0.0,-0.5932,0.5932
kuznetsova,1,0,1,2.8e-05,0.0,-0.5932,0.5932
cartel,0,1,1,0.0,3.2e-05,0.7931,0.7931
pga,1,0,1,2.8e-05,0.0,-0.5932,0.5932
corruption,1,0,1,2.8e-05,0.0,-0.5932,0.5932
html5,0,1,1,0.0,3.2e-05,0.7931,0.7931
blackmail,0,1,1,0.0,3.2e-05,0.7931,0.7931
1665,0,1,1,0.0,3.2e-05,0.7931,0.7931
1921,1,0,1,2.8e-05,0.0,-0.5932,0.5932
georgecole,0,1,1,0.0,3.2e-05,0.7931,0.7931
pone,1,0,1,2.8e-05,0.0,-0.5932,0.5932
tennis,1,0,1,2.8e-05,0.0,-0.5932,0.5932
exaggerated,0,1,1,0.0,3.2e-05,0.7931,0.7931
span,1,0,1,2.8e-05,0.0,-0.5932,0.5932
deai,0,1,1,0.0,3.2e-05,0.7931,0.7931
aspects,1,0,1,2.8e-05,0.0,-0.5932,0.5932
2am,1,0,1,2.8e-05,0.0,-0.5932,0.5932
speccy,0,1,1,0.0,3.2e-05,0.7931,0.7931
truths,1,0,1,2.8e-05,0.0,-0.5932,0.5932
ameribag,1,0,1,2.8e-05,0.0,-0.5932,0.5932
sanfrancisco,0,1,1,0.0,3.2e-05,0.7931,0.7931
misled,1,0,1,2.8e-05,0.0,-0.5932,0.5932
chains,1,0,1,2.8e-05,0.0,-0.5932,0.5932
conservation,1,0,1,2.8e-05,0.0,-0.5932,0.5932
zurich,0,1,1,0.0,3.2e-05,0.7931,0.7931
70years,0,1,1,0.0,3.2e-05,0.7931,0.7931
projectiles,0,1,1,0.0,3.2e-05,0.7931,0.7931
12th,1,0,1,2.8e-05,0.0,-0.5932,0.5932
understood,1,0,1,2.8e-05,0.0,-0.5932,0.5932
miracle,0,1,1,0.0,3.2e-05,0.7931,0.7931
airing,0,1,1,0.0,3.2e-05,0.7931,0.7931
harshly,1,0,1,2.8e-05,0.0,-0.5932,0.5932
cookie,1,0,1,2.8e-05,0.0,-0.5932,0.5932
yell,1,0,1,2.8e-05,0.0,-0.5932,0.5932
alarmingly,1,0,1,2.8e-05,0.0,-0.5932,0.5932
tormented,1,0,1,2.8e-05,0.0,-0.5932,0.5932
cuts,0,1,1,0.0,3.2e-05,0.7931,0.7931
15000270364,0,1,1,0.0,3.2e-05,0.7931,0.7931
gross,1,0,1,2.8e-05,0.0,-0.5932,0.5932
witches,1,0,1,2.8e-05,0.0,-0.5932,0.5932
spaniel,0,1,1,0.0,3.2e-05,0.7931,0.7931
household,0,1,1,0.0,3.2e-05,0.7931,0.7931
hawk,1,0,1,2.8e-05,0.0,-0.5932,0.5932
clapton,0,1,1,0.0,3.2e-05,0.7931,0.7931
10news,0,1,1,0.0,3.2e-05,0.7931,0.7931
arrests,0,1,1,0.0,3.2e-05,0.7931,0.7931
juliet,1,0,1,2.8e-05,0.0,-0.5932,0.5932
lich,0,1,1,0.0,3.2e-05,0.7931,0.7931
exam,0,1,1,0.0,3.2e-05,0.7931,0.7931
commenting,0,1,1,0.0,3.2e-05,0.7931,0.7931
chiang,1,0,1,2.8e-05,0.0,-0.5932,0.5932
ksbynews,0,1,1,0.0,3.2e-05,0.7931,0.7931
shaping,1,0,1,2.8e-05,0.0,-0.5932,0.5932
valuations,1,0,1,2.8e-05,0.0,-0.5932,0.5932
hwrf,0,1,1,0.0,3.2e-05,0.7931,0.7931
illusoria,1,0,1,2.8e-05,0.0,-0.5932,0.5932
homealone2,1,0,1,2.8e-05,0.0,-0.5932,0.5932
makewaterwork,0,1,1,0.0,3.2e-05,0.7931,0.7931
spouse,1,0,1,2.8e-05,0.0,-0.5932,0.5932
mdash,0,1,1,0.0,3.2e-05,0.7931,0.7931
downing,1,0,1,2.8e-05,0.0,-0.5932,0.5932
condolences,0,1,1,0.0,3.2e-05,0.7931,0.7931
flint,0,1,1,0.0,3.2e-05,0.7931,0.7931
kindlecountdown,1,0,1,2.8e-05,0.0,-0.5932,0.5932
philip,0,1,1,0.0,3.2e-05,0.7931,0.7931
nieuws,1,0,1,2.8e-05,0.0,-0.5932,0.5932
joes,1,0,1,2.8e-05,0.0,-0.5932,0.5932
pride,1,0,1,2.8e-05,0.0,-0.5932,0.5932
railguns,1,0,1,2.8e-05,0.0,-0.5932,0.5932
pageshi,1,0,1,2.8e-05,0.0,-0.5932,0.5932
servicin,1,0,1,2.8e-05,0.0,-0.5932,0.5932
sherfield72,0,1,1,0.0,3.2e-05,0.7931,0.7931
dispatchers,1,0,1,2.8e-05,0.0,-0.5932,0.5932
recip,1,0,1,2.8e-05,0.0,-0.5932,0.5932
bullshit,1,0,1,2.8e-05,0.0,-0.5932,0.5932
africanbaze,0,1,1,0.0,3.2e-05,0.7931,0.7931
top25,1,0,1,2.8e-05,0.0,-0.5932,0.5932
suspicious,0,1,1,0.0,3.2e-05,0.7931,0.7931
oo,1,0,1,2.8e-05,0.0,-0.5932,0.5932
scrolling,1,0,1,2.8e-05,0.0,-0.5932,0.5932
instaquote,1,0,1,2.8e-05,0.0,-0.5932,0.5932
bak,1,0,1,2.8e-05,0.0,-0.5932,0.5932
creation,1,0,1,2.8e-05,0.0,-0.5932,0.5932
ogun,0,1,1,0.0,3.2e-05,0.7931,0.7931
cardboard,1,0,1,2.8e-05,0.0,-0.5932,0.5932
zip,1,0,1,2.8e-05,0.0,-0.5932,0.5932
representing,0,1,1,0.0,3.2e-05,0.7931,0.7931
jamie,1,0,1,2.8e-05,0.0,-0.5932,0.5932
bastards,1,0,1,2.8e-05,0.0,-0.5932,0.5932
segas,1,0,1,2.8e-05,0.0,-0.5932,0.5932
gauteng,0,1,1,0.0,3.2e-05,0.7931,0.7931
taylors,0,1,1,0.0,3.2e-05,0.7931,0.7931
ashrafiyah,0,1,1,0.0,3.2e-05,0.7931,0.7931
spiderweb,1,0,1,2.8e-05,0.0,-0.5932,0.5932
usat,1,0,1,2.8e-05,0.0,-0.5932,0.5932
pestle,1,0,1,2.8e-05,0.0,-0.5932,0.5932
hoof,1,0,1,2.8e-05,0.0,-0.5932,0.5932
dreamy,0,1,1,0.0,3.2e-05,0.7931,0.7931
climbing,0,1,1,0.0,3.2e-05,0.7931,0.7931
cascade,1,0,1,2.8e-05,0.0,-0.5932,0.5932
marketers,1,0,1,2.8e-05,0.0,-0.5932,0.5932
modernized,1,0,1,2.8e-05,0.0,-0.5932,0.5932
wahhabism,0,1,1,0.0,3.2e-05,0.7931,0.7931
optimization,1,0,1,2.8e-05,0.0,-0.5932,0.5932
podcast,1,0,1,2.8e-05,0.0,-0.5932,0.5932
mideast,0,1,1,0.0,3.2e-05,0.7931,0.7931
shay,1,0,1,2.8e-05,0.0,-0.5932,0.5932
sens,0,1,1,0.0,3.2e-05,0.7931,0.7931
violated,1,0,1,2.8e-05,0.0,-0.5932,0.5932
masonite,1,0,1,2.8e-05,0.0,-0.5932,0.5932
hw,1,0,1,2.8e-05,0.0,-0.5932,0.5932
lastingness,0,1,1,0.0,3.2e-05,0.7931,0.7931
smartteks,1,0,1,2.8e-05,0.0,-0.5932,0.5932
streams,0,1,1,0.0,3.2e-05,0.7931,0.7931
swea,1,0,1,2.8e-05,0.0,-0.5932,0.5932
doris,0,1,1,0.0,3.2e-05,0.7931,0.7931
render,1,0,1,2.8e-05,0.0,-0.5932,0.5932
ombudsmanship,1,0,1,2.8e-05,0.0,-0.5932,0.5932
screenshot,1,0,1,2.8e-05,0.0,-0.5932,0.5932
showdown,1,0,1,2.8e-05,0.0,-0.5932,0.5932
shovel,1,0,1,2.8e-05,0.0,-0.5932,0.5932
mcpherson,0,1,1,0.0,3.2e-05,0.7931,0.7931
wristband,1,0,1,2.8e-05,0.0,-0.5932,0.5932
12v,1,0,1,2.8e-05,0.0,-0.5932,0.5932
congratulations,0,1,1,0.0,3.2e-05,0.7931,0.7931
disturbances,1,0,1,2.8e-05,0.0,-0.5932,0.5932
drums,1,0,1,2.8e-05,0.0,-0.5932,0.5932
empathy,1,0,1,2.8e-05,0.0,-0.5932,0.5932
construct,1,0,1,2.8e-05,0.0,-0.5932,0.5932
standardized,1,0,1,2.8e-05,0.0,-0.5932,0.5932
havnt,1,0,1,2.8e-05,0.0,-0.5932,0.5932
newep,0,1,1,0.0,3.2e-05,0.7931,0.7931
ariana,1,0,1,2.8e-05,0.0,-0.5932,0.5932
illustrated,0,1,1,0.0,3.2e-05,0.7931,0.7931
infowars,0,1,1,0.0,3.2e-05,0.7931,0.7931
seed,1,0,1,2.8e-05,0.0,-0.5932,0.5932
tahini,1,0,1,2.8e-05,0.0,-0.5932,0.5932
freud,1,0,1,2.8e-05,0.0,-0.5932,0.5932
amicospizzato,1,0,1,2.8e-05,0.0,-0.5932,0.5932
overall,1,0,1,2.8e-05,0.0,-0.5932,0.5932
moonlight,1,0,1,2.8e-05,0.0,-0.5932,0.5932
ks315,1,0,1,2.8e-05,0.0,-0.5932,0.5932
spartans,1,0,1,2.8e-05,0.0,-0.5932,0.5932
heavyweight,1,0,1,2.8e-05,0.0,-0.5932,0.5932
vaca,1,0,1,2.8e-05,0.0,-0.5932,0.5932
credits,1,0,1,2.8e-05,0.0,-0.5932,0.5932
ipa,1,0,1,2.8e-05,0.0,-0.5932,0.5932
austrian,1,0,1,2.8e-05,0.0,-0.5932,0.5932
disgrace,1,0,1,2.8e-05,0.0,-0.5932,0.5932
bashing,1,0,1,2.8e-05,0.0,-0.5932,0.5932
falmer,0,1,1,0.0,3.2e-05,0.7931,0.7931
statistically,1,0,1,2.8e-05,0.0,-0.5932,0.5932
endlessly,1,0,1,2.8e-05,0.0,-0.5932,0.5932
inch,1,0,1,2.8e-05,0.0,-0.5932,0.5932
lapping,0,1,1,0.0,3.2e-05,0.7931,0.7931
push2left,0,1,1,0.0,3.2e-05,0.7931,0.7931
blair,1,0,1,2.8e-05,0.0,-0.5932,0.5932
rips,0,1,1,0.0,3.2e-05,0.7931,0.7931
triangle,0,1,1,0.0,3.2e-05,0.7931,0.7931
blazes,0,1,1,0.0,3.2e-05,0.7931,0.7931
strip,0,1,1,0.0,3.2e-05,0.7931,0.7931
westmarch,1,0,1,2.8e-05,0.0,-0.5932,0.5932
hamlet,0,1,1,0.0,3.2e-05,0.7931,0.7931
churchs,1,0,1,2.8e-05,0.0,-0.5932,0.5932
derivative,1,0,1,2.8e-05,0.0,-0.5932,0.5932
cheeks,1,0,1,2.8e-05,0.0,-0.5932,0.5932
incinerator,1,0,1,2.8e-05,0.0,-0.5932,0.5932
interestraterise,1,0,1,2.8e-05,0.0,-0.5932,0.5932
lolo,1,0,1,2.8e-05,0.0,-0.5932,0.5932
bundy,0,1,1,0.0,3.2e-05,0.7931,0.7931
rhinestone,1,0,1,2.8e-05,0.0,-0.5932,0.5932
soner,1,0,1,2.8e-05,0.0,-0.5932,0.5932
fiery,1,0,1,2.8e-05,0.0,-0.5932,0.5932
4678,1,0,1,2.8e-05,0.0,-0.5932,0.5932
awol,1,0,1,2.8e-05,0.0,-0.5932,0.5932
bromleythe,1,0,1,2.8e-05,0.0,-0.5932,0.5932
lvg,1,0,1,2.8e-05,0.0,-0.5932,0.5932
8400,1,0,1,2.8e-05,0.0,-0.5932,0.5932
proxies,1,0,1,2.8e-05,0.0,-0.5932,0.5932
cutlery,1,0,1,2.8e-05,0.0,-0.5932,0.5932
jittering,0,1,1,0.0,3.2e-05,0.7931,0.7931
lawrence,0,1,1,0.0,3.2e-05,0.7931,0.7931
14000,0,1,1,0.0,3.2e-05,0.7931,0.7931
gleaned,0,1,1,0.0,3.2e-05,0.7931,0.7931
cuddling,1,0,1,2.8e-05,0.0,-0.5932,0.5932
wsoc,0,1,1,0.0,3.2e-05,0.7931,0.7931
psm,1,0,1,2.8e-05,0.0,-0.5932,0.5932
sins,1,0,1,2.8e-05,0.0,-0.5932,0.5932
intertwine,1,0,1,2.8e-05,0.0,-0.5932,0.5932
mayonnaise,1,0,1,2.8e-05,0.0,-0.5932,0.5932
fo,0,1,1,0.0,3.2e-05,0.7931,0.7931
presents,0,1,1,0.0,3.2e-05,0.7931,0.7931
matias,1,0,1,2.8e-05,0.0,-0.5932,0.5932
proxy,1,0,1,2.8e-05,0.0,-0.5932,0.5932
injustice,1,0,1,2.8e-05,0.0,-0.5932,0.5932
tripoli,0,1,1,0.0,3.2e-05,0.7931,0.7931
hayden,1,0,1,2.8e-05,0.0,-0.5932,0.5932
instruction,1,0,1,2.8e-05,0.0,-0.5932,0.5932
pictured,1,0,1,2.8e-05,0.0,-0.5932,0.5932
kabul,0,1,1,0.0,3.2e-05,0.7931,0.7931
ilford,0,1,1,0.0,3.2e-05,0.7931,0.7931
preschool,0,1,1,0.0,3.2e-05,0.7931,0.7931
wallybaiter,1,0,1,2.8e-05,0.0,-0.5932,0.5932
agencies,1,0,1,2.8e-05,0.0,-0.5932,0.5932
parks,1,0,1,2.8e-05,0.0,-0.5932,0.5932
nockthie,0,1,1,0.0,3.2e-05,0.7931,0.7931
mh17,0,1,1,0.0,3.2e-05,0.7931,0.7931
schism,1,0,1,2.8e-05,0.0,-0.5932,0.5932
particular,0,1,1,0.0,3.2e-05,0.7931,0.7931
retooled,1,0,1,2.8e-05,0.0,-0.5932,0.5932
superman,1,0,1,2.8e-05,0.0,-0.5932,0.5932
tight,1,0,1,2.8e-05,0.0,-0.5932,0.5932
magne,1,0,1,2.8e-05,0.0,-0.5932,0.5932
rotting,0,1,1,0.0,3.2e-05,0.7931,0.7931
citrus,0,1,1,0.0,3.2e-05,0.7931,0.7931
blitzes,0,1,1,0.0,3.2e-05,0.7931,0.7931
oilandgas,0,1,1,0.0,3.2e-05,0.7931,0.7931
dom,1,0,1,2.8e-05,0.0,-0.5932,0.5932
amazin,1,0,1,2.8e-05,0.0,-0.5932,0.5932
shifter,1,0,1,2.8e-05,0.0,-0.5932,0.5932
kno,1,0,1,2.8e-05,0.0,-0.5932,0.5932
hatman,1,0,1,2.8e-05,0.0,-0.5932,0.5932
antiochus,1,0,1,2.8e-05,0.0,-0.5932,0.5932
hem,1,0,1,2.8e-05,0.0,-0.5932,0.5932
nelson,1,0,1,2.8e-05,0.0,-0.5932,0.5932
expense,1,0,1,2.8e-05,0.0,-0.5932,0.5932
snapchatselfie,1,0,1,2.8e-05,0.0,-0.5932,0.5932
shevlin,0,1,1,0.0,3.2e-05,0.7931,0.7931
gulls,0,1,1,0.0,3.2e-05,0.7931,0.7931
deploy,0,1,1,0.0,3.2e-05,0.7931,0.7931
implicit,1,0,1,2.8e-05,0.0,-0.5932,0.5932
geek,1,0,1,2.8e-05,0.0,-0.5932,0.5932
prefecture,0,1,1,0.0,3.2e-05,0.7931,0.7931
chillin,1,0,1,2.8e-05,0.0,-0.5932,0.5932
pacifics,0,1,1,0.0,3.2e-05,0.7931,0.7931
midweek,1,0,1,2.8e-05,0.0,-0.5932,0.5932
asses,1,0,1,2.8e-05,0.0,-0.5932,0.5932
ol,0,1,1,0.0,3.2e-05,0.7931,0.7931
duo,0,1,1,0.0,3.2e-05,0.7931,0.7931
heared,1,0,1,2.8e-05,0.0,-0.5932,0.5932
shen,1,0,1,2.8e-05,0.0,-0.5932,0.5932
gravitymovie,0,1,1,0.0,3.2e-05,0.7931,0.7931
cosme,1,0,1,2.8e-05,0.0,-0.5932,0.5932
louder,1,0,1,2.8e-05,0.0,-0.5932,0.5932
invented,1,0,1,2.8e-05,0.0,-0.5932,0.5932
underwood,1,0,1,2.8e-05,0.0,-0.5932,0.5932
victorinox,0,1,1,0.0,3.2e-05,0.7931,0.7931
wld,1,0,1,2.8e-05,0.0,-0.5932,0.5932
unfollow,1,0,1,2.8e-05,0.0,-0.5932,0.5932
verge,1,0,1,2.8e-05,0.0,-0.5932,0.5932
monthly,1,0,1,2.8e-05,0.0,-0.5932,0.5932
fools,1,0,1,2.8e-05,0.0,-0.5932,0.5932
fdx,0,1,1,0.0,3.2e-05,0.7931,0.7931
collaborating,1,0,1,2.8e-05,0.0,-0.5932,0.5932
puddle,1,0,1,2.8e-05,0.0,-0.5932,0.5932
mumbai24x7,0,1,1,0.0,3.2e-05,0.7931,0.7931
coloradoavalanche,0,1,1,0.0,3.2e-05,0.7931,0.7931
mk,1,0,1,2.8e-05,0.0,-0.5932,0.5932
strand,1,0,1,2.8e-05,0.0,-0.5932,0.5932
ercjmnea,1,0,1,2.8e-05,0.0,-0.5932,0.5932
qnh,1,0,1,2.8e-05,0.0,-0.5932,0.5932
290,1,0,1,2.8e-05,0.0,-0.5932,0.5932
finer,1,0,1,2.8e-05,0.0,-0.5932,0.5932
tokes,0,1,1,0.0,3.2e-05,0.7931,0.7931
est,1,0,1,2.8e-05,0.0,-0.5932,0.5932
simplify,1,0,1,2.8e-05,0.0,-0.5932,0.5932
lifelong,1,0,1,2.8e-05,0.0,-0.5932,0.5932
dew,0,1,1,0.0,3.2e-05,0.7931,0.7931
bucs,0,1,1,0.0,3.2e-05,0.7931,0.7931
har,0,1,1,0.0,3.2e-05,0.7931,0.7931
carfest,0,1,1,0.0,3.2e-05,0.7931,0.7931
120000,0,1,1,0.0,3.2e-05,0.7931,0.7931
mullin,0,1,1,0.0,3.2e-05,0.7931,0.7931
scored,0,1,1,0.0,3.2e-05,0.7931,0.7931
doomsday,1,0,1,2.8e-05,0.0,-0.5932,0.5932
ika,1,0,1,2.8e-05,0.0,-0.5932,0.5932
bolasie,0,1,1,0.0,3.2e-05,0.7931,0.7931
foreclosed,1,0,1,2.8e-05,0.0,-0.5932,0.5932
justinbieber,1,0,1,2.8e-05,0.0,-0.5932,0.5932
dupree,1,0,1,2.8e-05,0.0,-0.5932,0.5932
scandal,1,0,1,2.8e-05,0.0,-0.5932,0.5932
railing,0,1,1,0.0,3.2e-05,0.7931,0.7931
founding,0,1,1,0.0,3.2e-05,0.7931,0.7931
meters,0,1,1,0.0,3.2e-05,0.7931,0.7931
ccmusic,1,0,1,2.8e-05,0.0,-0.5932,0.5932
aaarrrgghhh,0,1,1,0.0,3.2e-05,0.7931,0.7931
1967,0,1,1,0.0,3.2e-05,0.7931,0.7931
citylink,0,1,1,0.0,3.2e-05,0.7931,0.7931
bark,1,0,1,2.8e-05,0.0,-0.5932,0.5932
corn,1,0,1,2.8e-05,0.0,-0.5932,0.5932
gibraltar,0,1,1,0.0,3.2e-05,0.7931,0.7931
restlessness,0,1,1,0.0,3.2e-05,0.7931,0.7931
scouts,0,1,1,0.0,3.2e-05,0.7931,0.7931
8437150124,1,0,1,2.8e-05,0.0,-0.5932,0.5932
itz,1,0,1,2.8e-05,0.0,-0.5932,0.5932
vodka,1,0,1,2.8e-05,0.0,-0.5932,0.5932
mantra,1,0,1,2.8e-05,0.0,-0.5932,0.5932
doomed,0,1,1,0.0,3.2e-05,0.7931,0.7931
drinkers,1,0,1,2.8e-05,0.0,-0.5932,0.5932
commodities,1,0,1,2.8e-05,0.0,-0.5932,0.5932
parliment,0,1,1,0.0,3.2e-05,0.7931,0.7931
plumbing,1,0,1,2.8e-05,0.0,-0.5932,0.5932
norse,1,0,1,2.8e-05,0.0,-0.5932,0.5932
greening,1,0,1,2.8e-05,0.0,-0.5932,0.5932
goodness,1,0,1,2.8e-05,0.0,-0.5932,0.5932
whod,1,0,1,2.8e-05,0.0,-0.5932,0.5932
murphy,1,0,1,2.8e-05,0.0,-0.5932,0.5932
standforwolves,0,1,1,0.0,3.2e-05,0.7931,0.7931
champagne,1,0,1,2.8e-05,0.0,-0.5932,0.5932
sections,1,0,1,2.8e-05,0.0,-0.5932,0.5932
package,1,0,1,2.8e-05,0.0,-0.5932,0.5932
200000,0,1,1,0.0,3.2e-05,0.7931,0.7931
twain,1,0,1,2.8e-05,0.0,-0.5932,0.5932
newave,0,1,1,0.0,3.2e-05,0.7931,0.7931
obedience,0,1,1,0.0,3.2e-05,0.7931,0.7931
reviewing,0,1,1,0.0,3.2e-05,0.7931,0.7931
stew,1,0,1,2.8e-05,0.0,-0.5932,0.5932
otm,0,1,1,0.0,3.2e-05,0.7931,0.7931
emailed,1,0,1,2.8e-05,0.0,-0.5932,0.5932
br,1,0,1,2.8e-05,0.0,-0.5932,0.5932
division,1,0,1,2.8e-05,0.0,-0.5932,0.5932
satin,1,0,1,2.8e-05,0.0,-0.5932,0.5932
medics,0,1,1,0.0,3.2e-05,0.7931,0.7931
bigrigradio,0,1,1,0.0,3.2e-05,0.7931,0.7931
contentmarketing,1,0,1,2.8e-05,0.0,-0.5932,0.5932
yug,0,1,1,0.0,3.2e-05,0.7931,0.7931
ruthann,1,0,1,2.8e-05,0.0,-0.5932,0.5932
thisdayinhistory,0,1,1,0.0,3.2e-05,0.7931,0.7931
bradley,1,0,1,2.8e-05,0.0,-0.5932,0.5932
narrator,1,0,1,2.8e-05,0.0,-0.5932,0.5932
timesofindia,0,1,1,0.0,3.2e-05,0.7931,0.7931
selfavowed,1,0,1,2.8e-05,0.0,-0.5932,0.5932
pennies,1,0,1,2.8e-05,0.0,-0.5932,0.5932
bigbrother,1,0,1,2.8e-05,0.0,-0.5932,0.5932
awash,1,0,1,2.8e-05,0.0,-0.5932,0.5932
mycareer,1,0,1,2.8e-05,0.0,-0.5932,0.5932
bolstering,1,0,1,2.8e-05,0.0,-0.5932,0.5932
ct,1,0,1,2.8e-05,0.0,-0.5932,0.5932
kulli,0,1,1,0.0,3.2e-05,0.7931,0.7931
dysfunctional,1,0,1,2.8e-05,0.0,-0.5932,0.5932
feeds,1,0,1,2.8e-05,0.0,-0.5932,0.5932
buscemi,0,1,1,0.0,3.2e-05,0.7931,0.7931
tweeted,1,0,1,2.8e-05,0.0,-0.5932,0.5932
iraqis,1,0,1,2.8e-05,0.0,-0.5932,0.5932
contd,0,1,1,0.0,3.2e-05,0.7931,0.7931
produce,0,1,1,0.0,3.2e-05,0.7931,0.7931
chip,1,0,1,2.8e-05,0.0,-0.5932,0.5932
orchard,0,1,1,0.0,3.2e-05,0.7931,0.7931
pete,0,1,1,0.0,3.2e-05,0.7931,0.7931
interrogation,1,0,1,2.8e-05,0.0,-0.5932,0.5932
woodward,0,1,1,0.0,3.2e-05,0.7931,0.7931
childish,0,1,1,0.0,3.2e-05,0.7931,0.7931
shirley,1,0,1,2.8e-05,0.0,-0.5932,0.5932
stump,1,0,1,2.8e-05,0.0,-0.5932,0.5932
ahhhh,1,0,1,2.8e-05,0.0,-0.5932,0.5932
mountainous,0,1,1,0.0,3.2e-05,0.7931,0.7931
ruled,1,0,1,2.8e-05,0.0,-0.5932,0.5932
tps,1,0,1,2.8e-05,0.0,-0.5932,0.5932
atl,1,0,1,2.8e-05,0.0,-0.5932,0.5932
sedan,1,0,1,2.8e-05,0.0,-0.5932,0.5932
tittie,1,0,1,2.8e-05,0.0,-0.5932,0.5932
rowyso,1,0,1,2.8e-05,0.0,-0.5932,0.5932
6m,1,0,1,2.8e-05,0.0,-0.5932,0.5932
piles,1,0,1,2.8e-05,0.0,-0.5932,0.5932
outrun,0,1,1,0.0,3.2e-05,0.7931,0.7931
ye,1,0,1,2.8e-05,0.0,-0.5932,0.5932
harassment,1,0,1,2.8e-05,0.0,-0.5932,0.5932
nwt,0,1,1,0.0,3.2e-05,0.7931,0.7931
sidjsjdjekdjskdjd,1,0,1,2.8e-05,0.0,-0.5932,0.5932
55436,1,0,1,2.8e-05,0.0,-0.5932,0.5932
82,0,1,1,0.0,3.2e-05,0.7931,0.7931
leelanau,0,1,1,0.0,3.2e-05,0.7931,0.7931
cougars,1,0,1,2.8e-05,0.0,-0.5932,0.5932
slipper,1,0,1,2.8e-05,0.0,-0.5932,0.5932
collar,1,0,1,2.8e-05,0.0,-0.5932,0.5932
scandals,0,1,1,0.0,3.2e-05,0.7931,0.7931
horny,1,0,1,2.8e-05,0.0,-0.5932,0.5932
upgrades,0,1,1,0.0,3.2e-05,0.7931,0.7931
loko,1,0,1,2.8e-05,0.0,-0.5932,0.5932
chiasson,0,1,1,0.0,3.2e-05,0.7931,0.7931
pot,0,1,1,0.0,3.2e-05,0.7931,0.7931
matt,1,0,1,2.8e-05,0.0,-0.5932,0.5932
bona,0,1,1,0.0,3.2e-05,0.7931,0.7931
timebomb,1,0,1,2.8e-05,0.0,-0.5932,0.5932
crozes,1,0,1,2.8e-05,0.0,-0.5932,0.5932
629,0,1,1,0.0,3.2e-05,0.7931,0.7931
alexandrian,0,1,1,0.0,3.2e-05,0.7931,0.7931
maui,0,1,1,0.0,3.2e-05,0.7931,0.7931
decisionsondecisions,0,1,1,0.0,3.2e-05,0.7931,0.7931
someday,1,0,1,2.8e-05,0.0,-0.5932,0.5932
hatzolah,1,0,1,2.8e-05,0.0,-0.5932,0.5932
news3lv,1,0,1,2.8e-05,0.0,-0.5932,0.5932
patio,1,0,1,2.8e-05,0.0,-0.5932,0.5932
cee,0,1,1,0.0,3.2e-05,0.7931,0.7931
psfda,1,0,1,2.8e-05,0.0,-0.5932,0.5932
bangin,1,0,1,2.8e-05,0.0,-0.5932,0.5932
setsuko,0,1,1,0.0,3.2e-05,0.7931,0.7931
vikings,0,1,1,0.0,3.2e-05,0.7931,0.7931
browsers,1,0,1,2.8e-05,0.0,-0.5932,0.5932
vampires,1,0,1,2.8e-05,0.0,-0.5932,0.5932
877,1,0,1,2.8e-05,0.0,-0.5932,0.5932
hooligans,1,0,1,2.8e-05,0.0,-0.5932,0.5932
mumbling,1,0,1,2.8e-05,0.0,-0.5932,0.5932
tasks,0,1,1,0.0,3.2e-05,0.7931,0.7931
coats,1,0,1,2.8e-05,0.0,-0.5932,0.5932
tbh,1,0,1,2.8e-05,0.0,-0.5932,0.5932
backups,0,1,1,0.0,3.2e-05,0.7931,0.7931
yield,0,1,1,0.0,3.2e-05,0.7931,0.7931
paracord,1,0,1,2.8e-05,0.0,-0.5932,0.5932
waziristan,0,1,1,0.0,3.2e-05,0.7931,0.7931
classes,1,0,1,2.8e-05,0.0,-0.5932,0.5932
attached,1,0,1,2.8e-05,0.0,-0.5932,0.5932
crumbling,1,0,1,2.8e-05,0.0,-0.5932,0.5932
myths,0,1,1,0.0,3.2e-05,0.7931,0.7931
sessions,1,0,1,2.8e-05,0.0,-0.5932,0.5932
gemini,0,1,1,0.0,3.2e-05,0.7931,0.7931
amssummer,0,1,1,0.0,3.2e-05,0.7931,0.7931
loveislove,1,0,1,2.8e-05,0.0,-0.5932,0.5932
pusssssssssy,1,0,1,2.8e-05,0.0,-0.5932,0.5932
37bs,1,0,1,2.8e-05,0.0,-0.5932,0.5932
mclaughlin,1,0,1,2.8e-05,0.0,-0.5932,0.5932
rejoice,1,0,1,2.8e-05,0.0,-0.5932,0.5932
giannis,0,1,1,0.0,3.2e-05,0.7931,0.7931
heavydirtysoul,1,0,1,2.8e-05,0.0,-0.5932,0.5932
scientist,1,0,1,2.8e-05,0.0,-0.5932,0.5932
usfs,1,0,1,2.8e-05,0.0,-0.5932,0.5932
porcupine,1,0,1,2.8e-05,0.0,-0.5932,0.5932
acesse,1,0,1,2.8e-05,0.0,-0.5932,0.5932
underpasses,0,1,1,0.0,3.2e-05,0.7931,0.7931
obtaing,1,0,1,2.8e-05,0.0,-0.5932,0.5932
tecno,1,0,1,2.8e-05,0.0,-0.5932,0.5932
wpo,0,1,1,0.0,3.2e-05,0.7931,0.7931
fdny,0,1,1,0.0,3.2e-05,0.7931,0.7931
goblue,0,1,1,0.0,3.2e-05,0.7931,0.7931
ugc,1,0,1,2.8e-05,0.0,-0.5932,0.5932
inclusion,0,1,1,0.0,3.2e-05,0.7931,0.7931
rent,0,1,1,0.0,3.2e-05,0.7931,0.7931
oli,1,0,1,2.8e-05,0.0,-0.5932,0.5932
spammers,1,0,1,2.8e-05,0.0,-0.5932,0.5932
moseby,1,0,1,2.8e-05,0.0,-0.5932,0.5932
akilah,0,1,1,0.0,3.2e-05,0.7931,0.7931
flatback,1,0,1,2.8e-05,0.0,-0.5932,0.5932
modestmouseremix,1,0,1,2.8e-05,0.0,-0.5932,0.5932
ugliest,1,0,1,2.8e-05,0.0,-0.5932,0.5932
ifs,1,0,1,2.8e-05,0.0,-0.5932,0.5932
disneyland,0,1,1,0.0,3.2e-05,0.7931,0.7931
tht,0,1,1,0.0,3.2e-05,0.7931,0.7931
deniers,1,0,1,2.8e-05,0.0,-0.5932,0.5932
observed,0,1,1,0.0,3.2e-05,0.7931,0.7931
monicas,1,0,1,2.8e-05,0.0,-0.5932,0.5932
plastic,1,0,1,2.8e-05,0.0,-0.5932,0.5932
mello,1,0,1,2.8e-05,0.0,-0.5932,0.5932
pixar,0,1,1,0.0,3.2e-05,0.7931,0.7931
tipster,1,0,1,2.8e-05,0.0,-0.5932,0.5932
giselle,1,0,1,2.8e-05,0.0,-0.5932,0.5932
nite,1,0,1,2.8e-05,0.0,-0.5932,0.5932
paxton,1,0,1,2.8e-05,0.0,-0.5932,0.5932
hannah,0,1,1,0.0,3.2e-05,0.7931,0.7931
dilute,1,0,1,2.8e-05,0.0,-0.5932,0.5932
serene,1,0,1,2.8e-05,0.0,-0.5932,0.5932
connects,1,0,1,2.8e-05,0.0,-0.5932,0.5932
tacoma,0,1,1,0.0,3.2e-05,0.7931,0.7931
provocation,0,1,1,0.0,3.2e-05,0.7931,0.7931
mainland,0,1,1,0.0,3.2e-05,0.7931,0.7931
magical,1,0,1,2.8e-05,0.0,-0.5932,0.5932
archipelagowolves,0,1,1,0.0,3.2e-05,0.7931,0.7931
judicial,1,0,1,2.8e-05,0.0,-0.5932,0.5932
breeder,1,0,1,2.8e-05,0.0,-0.5932,0.5932
lzk,0,1,1,0.0,3.2e-05,0.7931,0.7931
farmland,0,1,1,0.0,3.2e-05,0.7931,0.7931
mosquitoes,1,0,1,2.8e-05,0.0,-0.5932,0.5932
forestservice,0,1,1,0.0,3.2e-05,0.7931,0.7931
cadenadeseguidores,0,1,1,0.0,3.2e-05,0.7931,0.7931
cyhi,1,0,1,2.8e-05,0.0,-0.5932,0.5932
attempted,1,0,1,2.8e-05,0.0,-0.5932,0.5932
cups,1,0,1,2.8e-05,0.0,-0.5932,0.5932
740,1,0,1,2.8e-05,0.0,-0.5932,0.5932
addresses,1,0,1,2.8e-05,0.0,-0.5932,0.5932
depression,0,1,1,0.0,3.2e-05,0.7931,0.7931
masturbation,0,1,1,0.0,3.2e-05,0.7931,0.7931
rousey,1,0,1,2.8e-05,0.0,-0.5932,0.5932
arrestpastornganga,1,0,1,2.8e-05,0.0,-0.5932,0.5932
indexing,0,1,1,0.0,3.2e-05,0.7931,0.7931
fraud,0,1,1,0.0,3.2e-05,0.7931,0.7931
careen,1,0,1,2.8e-05,0.0,-0.5932,0.5932
emilio,1,0,1,2.8e-05,0.0,-0.5932,0.5932
blaaaaaaa,1,0,1,2.8e-05,0.0,-0.5932,0.5932
n15b,0,1,1,0.0,3.2e-05,0.7931,0.7931
postal,1,0,1,2.8e-05,0.0,-0.5932,0.5932
tail,1,0,1,2.8e-05,0.0,-0.5932,0.5932
dub,1,0,1,2.8e-05,0.0,-0.5932,0.5932
mattingly,0,1,1,0.0,3.2e-05,0.7931,0.7931
footed,1,0,1,2.8e-05,0.0,-0.5932,0.5932
domination,0,1,1,0.0,3.2e-05,0.7931,0.7931
arian,1,0,1,2.8e-05,0.0,-0.5932,0.5932
950,0,1,1,0.0,3.2e-05,0.7931,0.7931
vandalized,0,1,1,0.0,3.2e-05,0.7931,0.7931
appeals,0,1,1,0.0,3.2e-05,0.7931,0.7931
veld,1,0,1,2.8e-05,0.0,-0.5932,0.5932
stopevictions,0,1,1,0.0,3.2e-05,0.7931,0.7931
susinesses,1,0,1,2.8e-05,0.0,-0.5932,0.5932
htarvrgly,0,1,1,0.0,3.2e-05,0.7931,0.7931
firing,0,1,1,0.0,3.2e-05,0.7931,0.7931
regc,0,1,1,0.0,3.2e-05,0.7931,0.7931
33pm,0,1,1,0.0,3.2e-05,0.7931,0.7931
inflict,1,0,1,2.8e-05,0.0,-0.5932,0.5932
woken,0,1,1,0.0,3.2e-05,0.7931,0.7931
factsheet,1,0,1,2.8e-05,0.0,-0.5932,0.5932
ginga,1,0,1,2.8e-05,0.0,-0.5932,0.5932
messy,0,1,1,0.0,3.2e-05,0.7931,0.7931
wr,0,1,1,0.0,3.2e-05,0.7931,0.7931
soldi,0,1,1,0.0,3.2e-05,0.7931,0.7931
mercenary,1,0,1,2.8e-05,0.0,-0.5932,0.5932
wingers,1,0,1,2.8e-05,0.0,-0.5932,0.5932
alaskan,1,0,1,2.8e-05,0.0,-0.5932,0.5932
yor,1,0,1,2.8e-05,0.0,-0.5932,0.5932
overtaking,0,1,1,0.0,3.2e-05,0.7931,0.7931
cubs,0,1,1,0.0,3.2e-05,0.7931,0.7931
ands,1,0,1,2.8e-05,0.0,-0.5932,0.5932
unsure,1,0,1,2.8e-05,0.0,-0.5932,0.5932
companionship,1,0,1,2.8e-05,0.0,-0.5932,0.5932
spyro,1,0,1,2.8e-05,0.0,-0.5932,0.5932
23928835,0,1,1,0.0,3.2e-05,0.7931,0.7931
bouta,1,0,1,2.8e-05,0.0,-0.5932,0.5932
midfield,1,0,1,2.8e-05,0.0,-0.5932,0.5932
headline,0,1,1,0.0,3.2e-05,0.7931,0.7931
harrowing,1,0,1,2.8e-05,0.0,-0.5932,0.5932
banki,1,0,1,2.8e-05,0.0,-0.5932,0.5932
horrendous,0,1,1,0.0,3.2e-05,0.7931,0.7931
branch,1,0,1,2.8e-05,0.0,-0.5932,0.5932
influential,1,0,1,2.8e-05,0.0,-0.5932,0.5932
hungerarticles,0,1,1,0.0,3.2e-05,0.7931,0.7931
brit,1,0,1,2.8e-05,0.0,-0.5932,0.5932
supermarket,1,0,1,2.8e-05,0.0,-0.5932,0.5932
lokis,0,1,1,0.0,3.2e-05,0.7931,0.7931
beating,1,0,1,2.8e-05,0.0,-0.5932,0.5932
dunking,1,0,1,2.8e-05,0.0,-0.5932,0.5932
naemolgo,1,0,1,2.8e-05,0.0,-0.5932,0.5932
capeann,0,1,1,0.0,3.2e-05,0.7931,0.7931
opal,1,0,1,2.8e-05,0.0,-0.5932,0.5932
balanced,1,0,1,2.8e-05,0.0,-0.5932,0.5932
contacts,1,0,1,2.8e-05,0.0,-0.5932,0.5932
lu,1,0,1,2.8e-05,0.0,-0.5932,0.5932
oldest,1,0,1,2.8e-05,0.0,-0.5932,0.5932
forgets,1,0,1,2.8e-05,0.0,-0.5932,0.5932
erykah,1,0,1,2.8e-05,0.0,-0.5932,0.5932
allowing,0,1,1,0.0,3.2e-05,0.7931,0.7931
dustpig,1,0,1,2.8e-05,0.0,-0.5932,0.5932
temp,0,1,1,0.0,3.2e-05,0.7931,0.7931
angelina,1,0,1,2.8e-05,0.0,-0.5932,0.5932
triumphant,1,0,1,2.8e-05,0.0,-0.5932,0.5932
youuu,1,0,1,2.8e-05,0.0,-0.5932,0.5932
7k,1,0,1,2.8e-05,0.0,-0.5932,0.5932
endconflict,0,1,1,0.0,3.2e-05,0.7931,0.7931
slander,1,0,1,2.8e-05,0.0,-0.5932,0.5932
aan,0,1,1,0.0,3.2e-05,0.7931,0.7931
exquisite,1,0,1,2.8e-05,0.0,-0.5932,0.5932
regress,1,0,1,2.8e-05,0.0,-0.5932,0.5932
iartg,1,0,1,2.8e-05,0.0,-0.5932,0.5932
plantations,1,0,1,2.8e-05,0.0,-0.5932,0.5932
wimp,0,1,1,0.0,3.2e-05,0.7931,0.7931
contractor,0,1,1,0.0,3.2e-05,0.7931,0.7931
tvshowtime,1,0,1,2.8e-05,0.0,-0.5932,0.5932
vitesse,0,1,1,0.0,3.2e-05,0.7931,0.7931
innit,1,0,1,2.8e-05,0.0,-0.5932,0.5932
equipments,1,0,1,2.8e-05,0.0,-0.5932,0.5932
fylde,1,0,1,2.8e-05,0.0,-0.5932,0.5932
exercise,0,1,1,0.0,3.2e-05,0.7931,0.7931
heather,1,0,1,2.8e-05,0.0,-0.5932,0.5932
devia,1,0,1,2.8e-05,0.0,-0.5932,0.5932
donnelly,1,0,1,2.8e-05,0.0,-0.5932,0.5932
oif,0,1,1,0.0,3.2e-05,0.7931,0.7931
populardemand,1,0,1,2.8e-05,0.0,-0.5932,0.5932
caaaaaall,1,0,1,2.8e-05,0.0,-0.5932,0.5932
currency,1,0,1,2.8e-05,0.0,-0.5932,0.5932
rotations,1,0,1,2.8e-05,0.0,-0.5932,0.5932
sami,0,1,1,0.0,3.2e-05,0.7931,0.7931
indianapolis,1,0,1,2.8e-05,0.0,-0.5932,0.5932
ofclans,1,0,1,2.8e-05,0.0,-0.5932,0.5932
employee,1,0,1,2.8e-05,0.0,-0.5932,0.5932
apologise,1,0,1,2.8e-05,0.0,-0.5932,0.5932
volgagrad,0,1,1,0.0,3.2e-05,0.7931,0.7931
media420,0,1,1,0.0,3.2e-05,0.7931,0.7931
speech,0,1,1,0.0,3.2e-05,0.7931,0.7931
beastin,1,0,1,2.8e-05,0.0,-0.5932,0.5932
competitive,1,0,1,2.8e-05,0.0,-0.5932,0.5932
jimmy,1,0,1,2.8e-05,0.0,-0.5932,0.5932
gi,0,1,1,0.0,3.2e-05,0.7931,0.7931
revitup,0,1,1,0.0,3.2e-05,0.7931,0.7931
noses,1,0,1,2.8e-05,0.0,-0.5932,0.5932
hue,1,0,1,2.8e-05,0.0,-0.5932,0.5932
appalling,0,1,1,0.0,3.2e-05,0.7931,0.7931
gotthard,0,1,1,0.0,3.2e-05,0.7931,0.7931
mas,1,0,1,2.8e-05,0.0,-0.5932,0.5932
fife,0,1,1,0.0,3.2e-05,0.7931,0.7931
lzkely,1,0,1,2.8e-05,0.0,-0.5932,0.5932
laced,1,0,1,2.8e-05,0.0,-0.5932,0.5932
gears,1,0,1,2.8e-05,0.0,-0.5932,0.5932
edwards,0,1,1,0.0,3.2e-05,0.7931,0.7931
offsite,1,0,1,2.8e-05,0.0,-0.5932,0.5932
woah,1,0,1,2.8e-05,0.0,-0.5932,0.5932
kindermorgan,0,1,1,0.0,3.2e-05,0.7931,0.7931
beast,0,1,1,0.0,3.2e-05,0.7931,0.7931
caravans,0,1,1,0.0,3.2e-05,0.7931,0.7931
voltaire,0,1,1,0.0,3.2e-05,0.7931,0.7931
an247,0,1,1,0.0,3.2e-05,0.7931,0.7931
patrol,1,0,1,2.8e-05,0.0,-0.5932,0.5932
collie,1,0,1,2.8e-05,0.0,-0.5932,0.5932
galifianakis,1,0,1,2.8e-05,0.0,-0.5932,0.5932
forsythe,1,0,1,2.8e-05,0.0,-0.5932,0.5932
organized,0,1,1,0.0,3.2e-05,0.7931,0.7931
frightening,0,1,1,0.0,3.2e-05,0.7931,0.7931
nawh,1,0,1,2.8e-05,0.0,-0.5932,0.5932
pt1,1,0,1,2.8e-05,0.0,-0.5932,0.5932
yyeso,1,0,1,2.8e-05,0.0,-0.5932,0.5932
queenswharf,1,0,1,2.8e-05,0.0,-0.5932,0.5932
techniqu,1,0,1,2.8e-05,0.0,-0.5932,0.5932
deluxe,0,1,1,0.0,3.2e-05,0.7931,0.7931
alwx,0,1,1,0.0,3.2e-05,0.7931,0.7931
sequalae,1,0,1,2.8e-05,0.0,-0.5932,0.5932
moore,1,0,1,2.8e-05,0.0,-0.5932,0.5932
ministry,1,0,1,2.8e-05,0.0,-0.5932,0.5932
reqd,1,0,1,2.8e-05,0.0,-0.5932,0.5932
specs,1,0,1,2.8e-05,0.0,-0.5932,0.5932
jishin,0,1,1,0.0,3.2e-05,0.7931,0.7931
invokces,1,0,1,2.8e-05,0.0,-0.5932,0.5932
directly,1,0,1,2.8e-05,0.0,-0.5932,0.5932
tafs,0,1,1,0.0,3.2e-05,0.7931,0.7931
pioneer,1,0,1,2.8e-05,0.0,-0.5932,0.5932
enders,1,0,1,2.8e-05,0.0,-0.5932,0.5932
tms7,1,0,1,2.8e-05,0.0,-0.5932,0.5932
cl,1,0,1,2.8e-05,0.0,-0.5932,0.5932
barcelona,1,0,1,2.8e-05,0.0,-0.5932,0.5932
keegan,1,0,1,2.8e-05,0.0,-0.5932,0.5932
rite,1,0,1,2.8e-05,0.0,-0.5932,0.5932
2017,1,0,1,2.8e-05,0.0,-0.5932,0.5932
60s,1,0,1,2.8e-05,0.0,-0.5932,0.5932
psychrewatch,1,0,1,2.8e-05,0.0,-0.5932,0.5932
wenger,1,0,1,2.8e-05,0.0,-0.5932,0.5932
interspersed,1,0,1,2.8e-05,0.0,-0.5932,0.5932
brutality,0,1,1,0.0,3.2e-05,0.7931,0.7931
becarefulharry,1,0,1,2.8e-05,0.0,-0.5932,0.5932
fgcu,1,0,1,2.8e-05,0.0,-0.5932,0.5932
wknd,1,0,1,2.8e-05,0.0,-0.5932,0.5932
mygc,0,1,1,0.0,3.2e-05,0.7931,0.7931
tunisian,0,1,1,0.0,3.2e-05,0.7931,0.7931
strategies,0,1,1,0.0,3.2e-05,0.7931,0.7931
respects,1,0,1,2.8e-05,0.0,-0.5932,0.5932
cybersecurity,1,0,1,2.8e-05,0.0,-0.5932,0.5932
vulcan,0,1,1,0.0,3.2e-05,0.7931,0.7931
salado,0,1,1,0.0,3.2e-05,0.7931,0.7931
pearl,0,1,1,0.0,3.2e-05,0.7931,0.7931
travellers,0,1,1,0.0,3.2e-05,0.7931,0.7931
telangana,1,0,1,2.8e-05,0.0,-0.5932,0.5932
licensed,1,0,1,2.8e-05,0.0,-0.5932,0.5932
onboard,0,1,1,0.0,3.2e-05,0.7931,0.7931
guage,1,0,1,2.8e-05,0.0,-0.5932,0.5932
wishing,1,0,1,2.8e-05,0.0,-0.5932,0.5932
cleanest,1,0,1,2.8e-05,0.0,-0.5932,0.5932
infographic,0,1,1,0.0,3.2e-05,0.7931,0.7931
72,1,0,1,2.8e-05,0.0,-0.5932,0.5932
mothernature,0,1,1,0.0,3.2e-05,0.7931,0.7931
8000,1,0,1,2.8e-05,0.0,-0.5932,0.5932
narcissism,1,0,1,2.8e-05,0.0,-0.5932,0.5932
witch,1,0,1,2.8e-05,0.0,-0.5932,0.5932
silentmind,1,0,1,2.8e-05,0.0,-0.5932,0.5932
stearns,0,1,1,0.0,3.2e-05,0.7931,0.7931
uncomfortable,1,0,1,2.8e-05,0.0,-0.5932,0.5932
sackings,1,0,1,2.8e-05,0.0,-0.5932,0.5932
alice,0,1,1,0.0,3.2e-05,0.7931,0.7931
walkthrough,1,0,1,2.8e-05,0.0,-0.5932,0.5932
sevenfold,1,0,1,2.8e-05,0.0,-0.5932,0.5932
freyas,1,0,1,2.8e-05,0.0,-0.5932,0.5932
cnv,0,1,1,0.0,3.2e-05,0.7931,0.7931
exponential,0,1,1,0.0,3.2e-05,0.7931,0.7931
pennlive,0,1,1,0.0,3.2e-05,0.7931,0.7931
edmund,0,1,1,0.0,3.2e-05,0.7931,0.7931
i77,0,1,1,0.0,3.2e-05,0.7931,0.7931
js,1,0,1,2.8e-05,0.0,-0.5932,0.5932
acquired,0,1,1,0.0,3.2e-05,0.7931,0.7931
chargedup,0,1,1,0.0,3.2e-05,0.7931,0.7931
nephew,1,0,1,2.8e-05,0.0,-0.5932,0.5932
73rd,0,1,1,0.0,3.2e-05,0.7931,0.7931
relevance,1,0,1,2.8e-05,0.0,-0.5932,0.5932
slabs,1,0,1,2.8e-05,0.0,-0.5932,0.5932
ate,1,0,1,2.8e-05,0.0,-0.5932,0.5932
sensei,1,0,1,2.8e-05,0.0,-0.5932,0.5932
lurkin,1,0,1,2.8e-05,0.0,-0.5932,0.5932
hixon,0,1,1,0.0,3.2e-05,0.7931,0.7931
88,0,1,1,0.0,3.2e-05,0.7931,0.7931
fond,1,0,1,2.8e-05,0.0,-0.5932,0.5932
expansive,1,0,1,2.8e-05,0.0,-0.5932,0.5932
trekkers,0,1,1,0.0,3.2e-05,0.7931,0.7931
detersion,0,1,1,0.0,3.2e-05,0.7931,0.7931
fartanxiety,1,0,1,2.8e-05,0.0,-0.5932,0.5932
groceries,1,0,1,2.8e-05,0.0,-0.5932,0.5932
fecal,0,1,1,0.0,3.2e-05,0.7931,0.7931
nsa,1,0,1,2.8e-05,0.0,-0.5932,0.5932
trad,1,0,1,2.8e-05,0.0,-0.5932,0.5932
richelieu,1,0,1,2.8e-05,0.0,-0.5932,0.5932
kindof,1,0,1,2.8e-05,0.0,-0.5932,0.5932
interviewed,0,1,1,0.0,3.2e-05,0.7931,0.7931
disappearing,1,0,1,2.8e-05,0.0,-0.5932,0.5932
pickpocket,0,1,1,0.0,3.2e-05,0.7931,0.7931
summons,1,0,1,2.8e-05,0.0,-0.5932,0.5932
sow,1,0,1,2.8e-05,0.0,-0.5932,0.5932
prensa,0,1,1,0.0,3.2e-05,0.7931,0.7931
deadgirltalking,1,0,1,2.8e-05,0.0,-0.5932,0.5932
sigmund,1,0,1,2.8e-05,0.0,-0.5932,0.5932
cech,1,0,1,2.8e-05,0.0,-0.5932,0.5932
500th,1,0,1,2.8e-05,0.0,-0.5932,0.5932
plugin,1,0,1,2.8e-05,0.0,-0.5932,0.5932
kosher,0,1,1,0.0,3.2e-05,0.7931,0.7931
defending,1,0,1,2.8e-05,0.0,-0.5932,0.5932
irrespective,1,0,1,2.8e-05,0.0,-0.5932,0.5932
roar,1,0,1,2.8e-05,0.0,-0.5932,0.5932
preacher,0,1,1,0.0,3.2e-05,0.7931,0.7931
landslides,0,1,1,0.0,3.2e-05,0.7931,0.7931
audit,1,0,1,2.8e-05,0.0,-0.5932,0.5932
spur,0,1,1,0.0,3.2e-05,0.7931,0.7931
65000,0,1,1,0.0,3.2e-05,0.7931,0.7931
mrrobinson,1,0,1,2.8e-05,0.0,-0.5932,0.5932
govts,0,1,1,0.0,3.2e-05,0.7931,0.7931
shoook,1,0,1,2.8e-05,0.0,-0.5932,0.5932
8km,0,1,1,0.0,3.2e-05,0.7931,0.7931
gunk,1,0,1,2.8e-05,0.0,-0.5932,0.5932
metaphorically,1,0,1,2.8e-05,0.0,-0.5932,0.5932
shar,1,0,1,2.8e-05,0.0,-0.5932,0.5932
as10004,1,0,1,2.8e-05,0.0,-0.5932,0.5932
skynet,1,0,1,2.8e-05,0.0,-0.5932,0.5932
purely,0,1,1,0.0,3.2e-05,0.7931,0.7931
mats,1,0,1,2.8e-05,0.0,-0.5932,0.5932
silly,0,1,1,0.0,3.2e-05,0.7931,0.7931
hopped,1,0,1,2.8e-05,0.0,-0.5932,0.5932
iraqi,0,1,1,0.0,3.2e-05,0.7931,0.7931
intending,0,1,1,0.0,3.2e-05,0.7931,0.7931
firstnations,0,1,1,0.0,3.2e-05,0.7931,0.7931
rl,1,0,1,2.8e-05,0.0,-0.5932,0.5932
provided,1,0,1,2.8e-05,0.0,-0.5932,0.5932
wage,1,0,1,2.8e-05,0.0,-0.5932,0.5932
bridal,0,1,1,0.0,3.2e-05,0.7931,0.7931
foxdebatequestions,0,1,1,0.0,3.2e-05,0.7931,0.7931
alchemist,0,1,1,0.0,3.2e-05,0.7931,0.7931
floral,1,0,1,2.8e-05,0.0,-0.5932,0.5932
gmtty,0,1,1,0.0,3.2e-05,0.7931,0.7931
arkansas,0,1,1,0.0,3.2e-05,0.7931,0.7931
womengirls,1,0,1,2.8e-05,0.0,-0.5932,0.5932
freebesieged,0,1,1,0.0,3.2e-05,0.7931,0.7931
lapaka,1,0,1,2.8e-05,0.0,-0.5932,0.5932
reached,0,1,1,0.0,3.2e-05,0.7931,0.7931
talisman,1,0,1,2.8e-05,0.0,-0.5932,0.5932
torrance,1,0,1,2.8e-05,0.0,-0.5932,0.5932
clue,1,0,1,2.8e-05,0.0,-0.5932,0.5932
945hpa,0,1,1,0.0,3.2e-05,0.7931,0.7931
pvc,1,0,1,2.8e-05,0.0,-0.5932,0.5932
froze,1,0,1,2.8e-05,0.0,-0.5932,0.5932
addicts,1,0,1,2.8e-05,0.0,-0.5932,0.5932
ebb,1,0,1,2.8e-05,0.0,-0.5932,0.5932
666,1,0,1,2.8e-05,0.0,-0.5932,0.5932
discourse,0,1,1,0.0,3.2e-05,0.7931,0.7931
doco,1,0,1,2.8e-05,0.0,-0.5932,0.5932
loa,1,0,1,2.8e-05,0.0,-0.5932,0.5932
weyburn,0,1,1,0.0,3.2e-05,0.7931,0.7931
understandable,1,0,1,2.8e-05,0.0,-0.5932,0.5932
rockstar,1,0,1,2.8e-05,0.0,-0.5932,0.5932
ghetto,1,0,1,2.8e-05,0.0,-0.5932,0.5932
foodstand,1,0,1,2.8e-05,0.0,-0.5932,0.5932
1d,1,0,1,2.8e-05,0.0,-0.5932,0.5932
valentines,0,1,1,0.0,3.2e-05,0.7931,0.7931
lulu,1,0,1,2.8e-05,0.0,-0.5932,0.5932
turdnado,0,1,1,0.0,3.2e-05,0.7931,0.7931
m8,1,0,1,2.8e-05,0.0,-0.5932,0.5932
lumpur,0,1,1,0.0,3.2e-05,0.7931,0.7931
defective,0,1,1,0.0,3.2e-05,0.7931,0.7931
wayward,1,0,1,2.8e-05,0.0,-0.5932,0.5932
deflategate,1,0,1,2.8e-05,0.0,-0.5932,0.5932
payment,1,0,1,2.8e-05,0.0,-0.5932,0.5932
ngata,1,0,1,2.8e-05,0.0,-0.5932,0.5932
gtxrwm,1,0,1,2.8e-05,0.0,-0.5932,0.5932
911bombing,0,1,1,0.0,3.2e-05,0.7931,0.7931
preventative,1,0,1,2.8e-05,0.0,-0.5932,0.5932
demonstrations,0,1,1,0.0,3.2e-05,0.7931,0.7931
plank,1,0,1,2.8e-05,0.0,-0.5932,0.5932
badkitty,1,0,1,2.8e-05,0.0,-0.5932,0.5932
downside,1,0,1,2.8e-05,0.0,-0.5932,0.5932
suncorp,0,1,1,0.0,3.2e-05,0.7931,0.7931
luiz,1,0,1,2.8e-05,0.0,-0.5932,0.5932
100mb,1,0,1,2.8e-05,0.0,-0.5932,0.5932
pumper,1,0,1,2.8e-05,0.0,-0.5932,0.5932
iwasdisappointedby,1,0,1,2.8e-05,0.0,-0.5932,0.5932
ashestoashes,1,0,1,2.8e-05,0.0,-0.5932,0.5932
undetected,0,1,1,0.0,3.2e-05,0.7931,0.7931
iamdowntown,0,1,1,0.0,3.2e-05,0.7931,0.7931
div,0,1,1,0.0,3.2e-05,0.7931,0.7931
competence,1,0,1,2.8e-05,0.0,-0.5932,0.5932
entitlement,1,0,1,2.8e-05,0.0,-0.5932,0.5932
guessing,1,0,1,2.8e-05,0.0,-0.5932,0.5932
huebels,1,0,1,2.8e-05,0.0,-0.5932,0.5932
15000270653,0,1,1,0.0,3.2e-05,0.7931,0.7931
nflexpertpicks,1,0,1,2.8e-05,0.0,-0.5932,0.5932
schulz,1,0,1,2.8e-05,0.0,-0.5932,0.5932
hiatt,1,0,1,2.8e-05,0.0,-0.5932,0.5932
improves,0,1,1,0.0,3.2e-05,0.7931,0.7931
honda,0,1,1,0.0,3.2e-05,0.7931,0.7931
friend50,0,1,1,0.0,3.2e-05,0.7931,0.7931
healthinsurance,0,1,1,0.0,3.2e-05,0.7931,0.7931
wdyouth,1,0,1,2.8e-05,0.0,-0.5932,0.5932
hashimoto,0,1,1,0.0,3.2e-05,0.7931,0.7931
edcxo,1,0,1,2.8e-05,0.0,-0.5932,0.5932
stopharper,1,0,1,2.8e-05,0.0,-0.5932,0.5932
drying,0,1,1,0.0,3.2e-05,0.7931,0.7931
excite,0,1,1,0.0,3.2e-05,0.7931,0.7931
novels,1,0,1,2.8e-05,0.0,-0.5932,0.5932
urine,1,0,1,2.8e-05,0.0,-0.5932,0.5932
mahalo,1,0,1,2.8e-05,0.0,-0.5932,0.5932
dolla,1,0,1,2.8e-05,0.0,-0.5932,0.5932
phillip,0,1,1,0.0,3.2e-05,0.7931,0.7931
thread,1,0,1,2.8e-05,0.0,-0.5932,0.5932
whyor,1,0,1,2.8e-05,0.0,-0.5932,0.5932
mosquito,1,0,1,2.8e-05,0.0,-0.5932,0.5932
guevara,0,1,1,0.0,3.2e-05,0.7931,0.7931
dougkessler,1,0,1,2.8e-05,0.0,-0.5932,0.5932
menolippu,1,0,1,2.8e-05,0.0,-0.5932,0.5932
cena,1,0,1,2.8e-05,0.0,-0.5932,0.5932
morales,0,1,1,0.0,3.2e-05,0.7931,0.7931
diaries,1,0,1,2.8e-05,0.0,-0.5932,0.5932
waved,1,0,1,2.8e-05,0.0,-0.5932,0.5932
dial,1,0,1,2.8e-05,0.0,-0.5932,0.5932
unhappy,1,0,1,2.8e-05,0.0,-0.5932,0.5932
mesick,0,1,1,0.0,3.2e-05,0.7931,0.7931
eliminate,1,0,1,2.8e-05,0.0,-0.5932,0.5932
plymouth,1,0,1,2.8e-05,0.0,-0.5932,0.5932
beet,1,0,1,2.8e-05,0.0,-0.5932,0.5932
employs,1,0,1,2.8e-05,0.0,-0.5932,0.5932
headlinelike,1,0,1,2.8e-05,0.0,-0.5932,0.5932
zipper,1,0,1,2.8e-05,0.0,-0.5932,0.5932
elven,1,0,1,2.8e-05,0.0,-0.5932,0.5932
chemicals,0,1,1,0.0,3.2e-05,0.7931,0.7931
pra,1,0,1,2.8e-05,0.0,-0.5932,0.5932
critically,0,1,1,0.0,3.2e-05,0.7931,0.7931
patriotsnation,1,0,1,2.8e-05,0.0,-0.5932,0.5932
inbounds,0,1,1,0.0,3.2e-05,0.7931,0.7931
idm,1,0,1,2.8e-05,0.0,-0.5932,0.5932
6bn,1,0,1,2.8e-05,0.0,-0.5932,0.5932
bunting,1,0,1,2.8e-05,0.0,-0.5932,0.5932
geysers,1,0,1,2.8e-05,0.0,-0.5932,0.5932
colomr,1,0,1,2.8e-05,0.0,-0.5932,0.5932
harder,1,0,1,2.8e-05,0.0,-0.5932,0.5932
jagm,1,0,1,2.8e-05,0.0,-0.5932,0.5932
fentanyl,0,1,1,0.0,3.2e-05,0.7931,0.7931
deactivate,1,0,1,2.8e-05,0.0,-0.5932,0.5932
weigh,1,0,1,2.8e-05,0.0,-0.5932,0.5932
bomd,0,1,1,0.0,3.2e-05,0.7931,0.7931
historical,0,1,1,0.0,3.2e-05,0.7931,0.7931
poze,1,0,1,2.8e-05,0.0,-0.5932,0.5932
bowhunting,1,0,1,2.8e-05,0.0,-0.5932,0.5932
academia,1,0,1,2.8e-05,0.0,-0.5932,0.5932
ventilated,1,0,1,2.8e-05,0.0,-0.5932,0.5932
substance,1,0,1,2.8e-05,0.0,-0.5932,0.5932
flurry,1,0,1,2.8e-05,0.0,-0.5932,0.5932
trajectories,1,0,1,2.8e-05,0.0,-0.5932,0.5932
merle,0,1,1,0.0,3.2e-05,0.7931,0.7931
dorrie,1,0,1,2.8e-05,0.0,-0.5932,0.5932
hibernating,1,0,1,2.8e-05,0.0,-0.5932,0.5932
hairy,1,0,1,2.8e-05,0.0,-0.5932,0.5932
faints,0,1,1,0.0,3.2e-05,0.7931,0.7931
urbanisation,1,0,1,2.8e-05,0.0,-0.5932,0.5932
3939,1,0,1,2.8e-05,0.0,-0.5932,0.5932
diversification,1,0,1,2.8e-05,0.0,-0.5932,0.5932
skc,1,0,1,2.8e-05,0.0,-0.5932,0.5932
matchwood,0,1,1,0.0,3.2e-05,0.7931,0.7931
binladen,0,1,1,0.0,3.2e-05,0.7931,0.7931
ethiopia,0,1,1,0.0,3.2e-05,0.7931,0.7931
manage,1,0,1,2.8e-05,0.0,-0.5932,0.5932
hs,0,1,1,0.0,3.2e-05,0.7931,0.7931
catholicism,1,0,1,2.8e-05,0.0,-0.5932,0.5932
proportions,1,0,1,2.8e-05,0.0,-0.5932,0.5932
oven,1,0,1,2.8e-05,0.0,-0.5932,0.5932
credentials,0,1,1,0.0,3.2e-05,0.7931,0.7931
tod,1,0,1,2.8e-05,0.0,-0.5932,0.5932
grahamwp,0,1,1,0.0,3.2e-05,0.7931,0.7931
cometh,1,0,1,2.8e-05,0.0,-0.5932,0.5932
visting,0,1,1,0.0,3.2e-05,0.7931,0.7931
9973,1,0,1,2.8e-05,0.0,-0.5932,0.5932
tae,1,0,1,2.8e-05,0.0,-0.5932,0.5932
seashore,1,0,1,2.8e-05,0.0,-0.5932,0.5932
pummel,0,1,1,0.0,3.2e-05,0.7931,0.7931
2500,0,1,1,0.0,3.2e-05,0.7931,0.7931
possess,0,1,1,0.0,3.2e-05,0.7931,0.7931
unplug,1,0,1,2.8e-05,0.0,-0.5932,0.5932
wew,1,0,1,2.8e-05,0.0,-0.5932,0.5932
racial,1,0,1,2.8e-05,0.0,-0.5932,0.5932
mb,1,0,1,2.8e-05,0.0,-0.5932,0.5932
indah,0,1,1,0.0,3.2e-05,0.7931,0.7931
preaching,1,0,1,2.8e-05,0.0,-0.5932,0.5932
theconspiracytheory,0,1,1,0.0,3.2e-05,0.7931,0.7931
lcb,1,0,1,2.8e-05,0.0,-0.5932,0.5932
compensate,1,0,1,2.8e-05,0.0,-0.5932,0.5932
sorrower,0,1,1,0.0,3.2e-05,0.7931,0.7931
wackoes,1,0,1,2.8e-05,0.0,-0.5932,0.5932
lesotho,1,0,1,2.8e-05,0.0,-0.5932,0.5932
brooo,1,0,1,2.8e-05,0.0,-0.5932,0.5932
philippine,1,0,1,2.8e-05,0.0,-0.5932,0.5932
childsexabuse,0,1,1,0.0,3.2e-05,0.7931,0.7931
1km,1,0,1,2.8e-05,0.0,-0.5932,0.5932
agnus,1,0,1,2.8e-05,0.0,-0.5932,0.5932
hendricks,1,0,1,2.8e-05,0.0,-0.5932,0.5932
motley,1,0,1,2.8e-05,0.0,-0.5932,0.5932
itinerary,1,0,1,2.8e-05,0.0,-0.5932,0.5932
amalie,1,0,1,2.8e-05,0.0,-0.5932,0.5932
ode,0,1,1,0.0,3.2e-05,0.7931,0.7931
mingo,1,0,1,2.8e-05,0.0,-0.5932,0.5932
xl61,1,0,1,2.8e-05,0.0,-0.5932,0.5932
spice,1,0,1,2.8e-05,0.0,-0.5932,0.5932
atleast,1,0,1,2.8e-05,0.0,-0.5932,0.5932
choosegod,1,0,1,2.8e-05,0.0,-0.5932,0.5932
joked,1,0,1,2.8e-05,0.0,-0.5932,0.5932
gist,0,1,1,0.0,3.2e-05,0.7931,0.7931
litany,1,0,1,2.8e-05,0.0,-0.5932,0.5932
fastpitch,0,1,1,0.0,3.2e-05,0.7931,0.7931
holtz,1,0,1,2.8e-05,0.0,-0.5932,0.5932
artists,0,1,1,0.0,3.2e-05,0.7931,0.7931
allocating,0,1,1,0.0,3.2e-05,0.7931,0.7931
taungbazar,0,1,1,0.0,3.2e-05,0.7931,0.7931
ranked,1,0,1,2.8e-05,0.0,-0.5932,0.5932
schoenfeld,1,0,1,2.8e-05,0.0,-0.5932,0.5932
scourgue,0,1,1,0.0,3.2e-05,0.7931,0.7931
nikki,1,0,1,2.8e-05,0.0,-0.5932,0.5932
drain,1,0,1,2.8e-05,0.0,-0.5932,0.5932
gosh,1,0,1,2.8e-05,0.0,-0.5932,0.5932
cumberbatch,1,0,1,2.8e-05,0.0,-0.5932,0.5932
muaytai,1,0,1,2.8e-05,0.0,-0.5932,0.5932
kitana,0,1,1,0.0,3.2e-05,0.7931,0.7931
15901,0,1,1,0.0,3.2e-05,0.7931,0.7931
dh30000,1,0,1,2.8e-05,0.0,-0.5932,0.5932
tenshi,1,0,1,2.8e-05,0.0,-0.5932,0.5932
laudner,1,0,1,2.8e-05,0.0,-0.5932,0.5932
attended,0,1,1,0.0,3.2e-05,0.7931,0.7931
province,0,1,1,0.0,3.2e-05,0.7931,0.7931
rand,0,1,1,0.0,3.2e-05,0.7931,0.7931
closet,1,0,1,2.8e-05,0.0,-0.5932,0.5932
6c,1,0,1,2.8e-05,0.0,-0.5932,0.5932
171,1,0,1,2.8e-05,0.0,-0.5932,0.5932
male,0,1,1,0.0,3.2e-05,0.7931,0.7931
hyperbole,0,1,1,0.0,3.2e-05,0.7931,0.7931
dragonvale,1,0,1,2.8e-05,0.0,-0.5932,0.5932
wut,1,0,1,2.8e-05,0.0,-0.5932,0.5932
coya,1,0,1,2.8e-05,0.0,-0.5932,0.5932
brace,1,0,1,2.8e-05,0.0,-0.5932,0.5932
midtown,0,1,1,0.0,3.2e-05,0.7931,0.7931
westward,1,0,1,2.8e-05,0.0,-0.5932,0.5932
060,1,0,1,2.8e-05,0.0,-0.5932,0.5932
prairie,0,1,1,0.0,3.2e-05,0.7931,0.7931
deltachildren,1,0,1,2.8e-05,0.0,-0.5932,0.5932
ferno,1,0,1,2.8e-05,0.0,-0.5932,0.5932
gimp,0,1,1,0.0,3.2e-05,0.7931,0.7931
feelingmanly,1,0,1,2.8e-05,0.0,-0.5932,0.5932
lorr,0,1,1,0.0,3.2e-05,0.7931,0.7931
bengalis,0,1,1,0.0,3.2e-05,0.7931,0.7931
sparking,0,1,1,0.0,3.2e-05,0.7931,0.7931
slave,1,0,1,2.8e-05,0.0,-0.5932,0.5932
seemeth,0,1,1,0.0,3.2e-05,0.7931,0.7931
peice,1,0,1,2.8e-05,0.0,-0.5932,0.5932
usd,1,0,1,2.8e-05,0.0,-0.5932,0.5932
wastelands,1,0,1,2.8e-05,0.0,-0.5932,0.5932
abq,1,0,1,2.8e-05,0.0,-0.5932,0.5932
locks,1,0,1,2.8e-05,0.0,-0.5932,0.5932
be4,1,0,1,2.8e-05,0.0,-0.5932,0.5932
domesticate,1,0,1,2.8e-05,0.0,-0.5932,0.5932
infield,0,1,1,0.0,3.2e-05,0.7931,0.7931
distress,1,0,1,2.8e-05,0.0,-0.5932,0.5932
clicca,1,0,1,2.8e-05,0.0,-0.5932,0.5932
erally,1,0,1,2.8e-05,0.0,-0.5932,0.5932
qew,0,1,1,0.0,3.2e-05,0.7931,0.7931
giorgio,1,0,1,2.8e-05,0.0,-0.5932,0.5932
expenses,1,0,1,2.8e-05,0.0,-0.5932,0.5932
birb,1,0,1,2.8e-05,0.0,-0.5932,0.5932
kwaaaaadead,1,0,1,2.8e-05,0.0,-0.5932,0.5932
pineview,0,1,1,0.0,3.2e-05,0.7931,0.7931
nowplay,0,1,1,0.0,3.2e-05,0.7931,0.7931
poured,1,0,1,2.8e-05,0.0,-0.5932,0.5932
midges,0,1,1,0.0,3.2e-05,0.7931,0.7931
manzanita,0,1,1,0.0,3.2e-05,0.7931,0.7931
ethical,1,0,1,2.8e-05,0.0,-0.5932,0.5932
lbr,1,0,1,2.8e-05,0.0,-0.5932,0.5932
ripping,1,0,1,2.8e-05,0.0,-0.5932,0.5932
sanonofre,0,1,1,0.0,3.2e-05,0.7931,0.7931
bb,1,0,1,2.8e-05,0.0,-0.5932,0.5932
lonelyness,1,0,1,2.8e-05,0.0,-0.5932,0.5932
inspection,1,0,1,2.8e-05,0.0,-0.5932,0.5932
demise,0,1,1,0.0,3.2e-05,0.7931,0.7931
irannucleardeal,0,1,1,0.0,3.2e-05,0.7931,0.7931
baan,1,0,1,2.8e-05,0.0,-0.5932,0.5932
1935,0,1,1,0.0,3.2e-05,0.7931,0.7931
dardanelle,0,1,1,0.0,3.2e-05,0.7931,0.7931
adelaide,1,0,1,2.8e-05,0.0,-0.5932,0.5932
stayed,1,0,1,2.8e-05,0.0,-0.5932,0.5932
damsels,1,0,1,2.8e-05,0.0,-0.5932,0.5932
foreboding,1,0,1,2.8e-05,0.0,-0.5932,0.5932
1928,0,1,1,0.0,3.2e-05,0.7931,0.7931
shuffle,1,0,1,2.8e-05,0.0,-0.5932,0.5932
wilden,1,0,1,2.8e-05,0.0,-0.5932,0.5932
septic,1,0,1,2.8e-05,0.0,-0.5932,0.5932
qendil,0,1,1,0.0,3.2e-05,0.7931,0.7931
scotiabank,1,0,1,2.8e-05,0.0,-0.5932,0.5932
noel,1,0,1,2.8e-05,0.0,-0.5932,0.5932
pittsburgh,1,0,1,2.8e-05,0.0,-0.5932,0.5932
bloom,0,1,1,0.0,3.2e-05,0.7931,0.7931
tallest,1,0,1,2.8e-05,0.0,-0.5932,0.5932
ps3,1,0,1,2.8e-05,0.0,-0.5932,0.5932
uncover,1,0,1,2.8e-05,0.0,-0.5932,0.5932
ux,0,1,1,0.0,3.2e-05,0.7931,0.7931
adjusted,1,0,1,2.8e-05,0.0,-0.5932,0.5932
disillusioned,1,0,1,2.8e-05,0.0,-0.5932,0.5932
hardest,0,1,1,0.0,3.2e-05,0.7931,0.7931
wraith,0,1,1,0.0,3.2e-05,0.7931,0.7931
apd,0,1,1,0.0,3.2e-05,0.7931,0.7931
paperwork,1,0,1,2.8e-05,0.0,-0.5932,0.5932
bernard,1,0,1,2.8e-05,0.0,-0.5932,0.5932
unite,1,0,1,2.8e-05,0.0,-0.5932,0.5932
earnest,0,1,1,0.0,3.2e-05,0.7931,0.7931
notorious,1,0,1,2.8e-05,0.0,-0.5932,0.5932
bengston,0,1,1,0.0,3.2e-05,0.7931,0.7931
3967,1,0,1,2.8e-05,0.0,-0.5932,0.5932
cervix,1,0,1,2.8e-05,0.0,-0.5932,0.5932
greeting,0,1,1,0.0,3.2e-05,0.7931,0.7931
reverse,0,1,1,0.0,3.2e-05,0.7931,0.7931
yuvi,1,0,1,2.8e-05,0.0,-0.5932,0.5932
gyrsi,1,0,1,2.8e-05,0.0,-0.5932,0.5932
moreland,0,1,1,0.0,3.2e-05,0.7931,0.7931
ronge,0,1,1,0.0,3.2e-05,0.7931,0.7931
personalinjury,1,0,1,2.8e-05,0.0,-0.5932,0.5932
bud,1,0,1,2.8e-05,0.0,-0.5932,0.5932
explodingkittens,1,0,1,2.8e-05,0.0,-0.5932,0.5932
paine,1,0,1,2.8e-05,0.0,-0.5932,0.5932
zehrs,0,1,1,0.0,3.2e-05,0.7931,0.7931
hardside,1,0,1,2.8e-05,0.0,-0.5932,0.5932
bluebell,0,1,1,0.0,3.2e-05,0.7931,0.7931
smfh,1,0,1,2.8e-05,0.0,-0.5932,0.5932
hesse,1,0,1,2.8e-05,0.0,-0.5932,0.5932
lilourry,1,0,1,2.8e-05,0.0,-0.5932,0.5932
stefano,1,0,1,2.8e-05,0.0,-0.5932,0.5932
bangtan,1,0,1,2.8e-05,0.0,-0.5932,0.5932
holistic,0,1,1,0.0,3.2e-05,0.7931,0.7931
orchs,0,1,1,0.0,3.2e-05,0.7931,0.7931
zumiez,1,0,1,2.8e-05,0.0,-0.5932,0.5932
hunwx,0,1,1,0.0,3.2e-05,0.7931,0.7931
bishopfred,1,0,1,2.8e-05,0.0,-0.5932,0.5932
fondness,1,0,1,2.8e-05,0.0,-0.5932,0.5932
increasingly,0,1,1,0.0,3.2e-05,0.7931,0.7931
2006,0,1,1,0.0,3.2e-05,0.7931,0.7931
veg,1,0,1,2.8e-05,0.0,-0.5932,0.5932
dum,0,1,1,0.0,3.2e-05,0.7931,0.7931
gifts,1,0,1,2.8e-05,0.0,-0.5932,0.5932
reputation,1,0,1,2.8e-05,0.0,-0.5932,0.5932
lethbridge,0,1,1,0.0,3.2e-05,0.7931,0.7931
twilights,1,0,1,2.8e-05,0.0,-0.5932,0.5932
bestival,0,1,1,0.0,3.2e-05,0.7931,0.7931
msgdoing111welfareworks,0,1,1,0.0,3.2e-05,0.7931,0.7931
iger,1,0,1,2.8e-05,0.0,-0.5932,0.5932
frusciante,1,0,1,2.8e-05,0.0,-0.5932,0.5932
cty,0,1,1,0.0,3.2e-05,0.7931,0.7931
nativehuman,0,1,1,0.0,3.2e-05,0.7931,0.7931
staged,1,0,1,2.8e-05,0.0,-0.5932,0.5932
choppas,0,1,1,0.0,3.2e-05,0.7931,0.7931
detonates,0,1,1,0.0,3.2e-05,0.7931,0.7931
kyee,0,1,1,0.0,3.2e-05,0.7931,0.7931
mastered,1,0,1,2.8e-05,0.0,-0.5932,0.5932
hospitalized,0,1,1,0.0,3.2e-05,0.7931,0.7931
weightless,1,0,1,2.8e-05,0.0,-0.5932,0.5932
biblestudy,1,0,1,2.8e-05,0.0,-0.5932,0.5932
hotteennsfwpornmilf,1,0,1,2.8e-05,0.0,-0.5932,0.5932
frisco,0,1,1,0.0,3.2e-05,0.7931,0.7931
harrystyles,1,0,1,2.8e-05,0.0,-0.5932,0.5932
s3xleak,1,0,1,2.8e-05,0.0,-0.5932,0.5932
fwo,0,1,1,0.0,3.2e-05,0.7931,0.7931
indepth,1,0,1,2.8e-05,0.0,-0.5932,0.5932
mon,0,1,1,0.0,3.2e-05,0.7931,0.7931
sally,1,0,1,2.8e-05,0.0,-0.5932,0.5932
hilda,0,1,1,0.0,3.2e-05,0.7931,0.7931
errrr,0,1,1,0.0,3.2e-05,0.7931,0.7931
slogan,0,1,1,0.0,3.2e-05,0.7931,0.7931
spells,1,0,1,2.8e-05,0.0,-0.5932,0.5932
evangelical,1,0,1,2.8e-05,0.0,-0.5932,0.5932
megalpolis,1,0,1,2.8e-05,0.0,-0.5932,0.5932
bcpoli,0,1,1,0.0,3.2e-05,0.7931,0.7931
theft,0,1,1,0.0,3.2e-05,0.7931,0.7931
portgassdk,1,0,1,2.8e-05,0.0,-0.5932,0.5932
disappointed,1,0,1,2.8e-05,0.0,-0.5932,0.5932
cessna,0,1,1,0.0,3.2e-05,0.7931,0.7931
groaning,1,0,1,2.8e-05,0.0,-0.5932,0.5932
freaks,1,0,1,2.8e-05,0.0,-0.5932,0.5932
defensenews,0,1,1,0.0,3.2e-05,0.7931,0.7931
ashville,0,1,1,0.0,3.2e-05,0.7931,0.7931
wdym,1,0,1,2.8e-05,0.0,-0.5932,0.5932
historys,0,1,1,0.0,3.2e-05,0.7931,0.7931
craig,0,1,1,0.0,3.2e-05,0.7931,0.7931
250k,0,1,1,0.0,3.2e-05,0.7931,0.7931
docked,0,1,1,0.0,3.2e-05,0.7931,0.7931
saat,0,1,1,0.0,3.2e-05,0.7931,0.7931
panther,1,0,1,2.8e-05,0.0,-0.5932,0.5932
outbreaks,0,1,1,0.0,3.2e-05,0.7931,0.7931
hotboy,1,0,1,2.8e-05,0.0,-0.5932,0.5932
rave,1,0,1,2.8e-05,0.0,-0.5932,0.5932
spins,0,1,1,0.0,3.2e-05,0.7931,0.7931
witnessing,0,1,1,0.0,3.2e-05,0.7931,0.7931
dominicana,0,1,1,0.0,3.2e-05,0.7931,0.7931
uncertainty,1,0,1,2.8e-05,0.0,-0.5932,0.5932
priest,1,0,1,2.8e-05,0.0,-0.5932,0.5932
ouch,1,0,1,2.8e-05,0.0,-0.5932,0.5932
pleasant,1,0,1,2.8e-05,0.0,-0.5932,0.5932
baskets,1,0,1,2.8e-05,0.0,-0.5932,0.5932
dove,0,1,1,0.0,3.2e-05,0.7931,0.7931
tend,1,0,1,2.8e-05,0.0,-0.5932,0.5932
carnage,1,0,1,2.8e-05,0.0,-0.5932,0.5932
bronwynbishop,1,0,1,2.8e-05,0.0,-0.5932,0.5932
simmering,1,0,1,2.8e-05,0.0,-0.5932,0.5932
stalag,1,0,1,2.8e-05,0.0,-0.5932,0.5932
funtimes,1,0,1,2.8e-05,0.0,-0.5932,0.5932
pharma,1,0,1,2.8e-05,0.0,-0.5932,0.5932
outs,0,1,1,0.0,3.2e-05,0.7931,0.7931
kissing,1,0,1,2.8e-05,0.0,-0.5932,0.5932
antichrist,1,0,1,2.8e-05,0.0,-0.5932,0.5932
ftsnnewsdesk,0,1,1,0.0,3.2e-05,0.7931,0.7931
toilets,0,1,1,0.0,3.2e-05,0.7931,0.7931
rabaa,0,1,1,0.0,3.2e-05,0.7931,0.7931
failures,0,1,1,0.0,3.2e-05,0.7931,0.7931
dismisses,0,1,1,0.0,3.2e-05,0.7931,0.7931
resemblance,1,0,1,2.8e-05,0.0,-0.5932,0.5932
socialwots,0,1,1,0.0,3.2e-05,0.7931,0.7931
vulnerability,1,0,1,2.8e-05,0.0,-0.5932,0.5932
badges,1,0,1,2.8e-05,0.0,-0.5932,0.5932
natalia,1,0,1,2.8e-05,0.0,-0.5932,0.5932
brackets,1,0,1,2.8e-05,0.0,-0.5932,0.5932
slams,0,1,1,0.0,3.2e-05,0.7931,0.7931
vines,1,0,1,2.8e-05,0.0,-0.5932,0.5932
desperation,0,1,1,0.0,3.2e-05,0.7931,0.7931
constellation,1,0,1,2.8e-05,0.0,-0.5932,0.5932
thebargain,1,0,1,2.8e-05,0.0,-0.5932,0.5932
hilversum,0,1,1,0.0,3.2e-05,0.7931,0.7931
strain,1,0,1,2.8e-05,0.0,-0.5932,0.5932
00pm,0,1,1,0.0,3.2e-05,0.7931,0.7931
uprooting,0,1,1,0.0,3.2e-05,0.7931,0.7931
159,0,1,1,0.0,3.2e-05,0.7931,0.7931
puff,1,0,1,2.8e-05,0.0,-0.5932,0.5932
thankyou,1,0,1,2.8e-05,0.0,-0.5932,0.5932
brinco,0,1,1,0.0,3.2e-05,0.7931,0.7931
shells,0,1,1,0.0,3.2e-05,0.7931,0.7931
whensoever,1,0,1,2.8e-05,0.0,-0.5932,0.5932
libs,1,0,1,2.8e-05,0.0,-0.5932,0.5932
tolerated,0,1,1,0.0,3.2e-05,0.7931,0.7931
jacquie,1,0,1,2.8e-05,0.0,-0.5932,0.5932
bcz,1,0,1,2.8e-05,0.0,-0.5932,0.5932
mpers,1,0,1,2.8e-05,0.0,-0.5932,0.5932
amends,1,0,1,2.8e-05,0.0,-0.5932,0.5932
8591,1,0,1,2.8e-05,0.0,-0.5932,0.5932
voltaic,0,1,1,0.0,3.2e-05,0.7931,0.7931
neces,0,1,1,0.0,3.2e-05,0.7931,0.7931
bradford,0,1,1,0.0,3.2e-05,0.7931,0.7931
erie,0,1,1,0.0,3.2e-05,0.7931,0.7931
scum,1,0,1,2.8e-05,0.0,-0.5932,0.5932
elecman,1,0,1,2.8e-05,0.0,-0.5932,0.5932
infested,0,1,1,0.0,3.2e-05,0.7931,0.7931
ghul,0,1,1,0.0,3.2e-05,0.7931,0.7931
scholars,0,1,1,0.0,3.2e-05,0.7931,0.7931
replaced,1,0,1,2.8e-05,0.0,-0.5932,0.5932
419,1,0,1,2.8e-05,0.0,-0.5932,0.5932
massage,1,0,1,2.8e-05,0.0,-0.5932,0.5932
bbshelli,1,0,1,2.8e-05,0.0,-0.5932,0.5932
alba,1,0,1,2.8e-05,0.0,-0.5932,0.5932
epsom,1,0,1,2.8e-05,0.0,-0.5932,0.5932
mn,1,0,1,2.8e-05,0.0,-0.5932,0.5932
diagnosis,1,0,1,2.8e-05,0.0,-0.5932,0.5932
topic,1,0,1,2.8e-05,0.0,-0.5932,0.5932
stoponesounds,1,0,1,2.8e-05,0.0,-0.5932,0.5932
homers,1,0,1,2.8e-05,0.0,-0.5932,0.5932
bairstow,1,0,1,2.8e-05,0.0,-0.5932,0.5932
whitehouse,0,1,1,0.0,3.2e-05,0.7931,0.7931
utfire,0,1,1,0.0,3.2e-05,0.7931,0.7931
meditation,1,0,1,2.8e-05,0.0,-0.5932,0.5932
interpretation,0,1,1,0.0,3.2e-05,0.7931,0.7931
dee,0,1,1,0.0,3.2e-05,0.7931,0.7931
anthelmintic,1,0,1,2.8e-05,0.0,-0.5932,0.5932
planing,1,0,1,2.8e-05,0.0,-0.5932,0.5932
ncms,0,1,1,0.0,3.2e-05,0.7931,0.7931
gishwhes,1,0,1,2.8e-05,0.0,-0.5932,0.5932
usage,0,1,1,0.0,3.2e-05,0.7931,0.7931
unpacked,1,0,1,2.8e-05,0.0,-0.5932,0.5932
11000,1,0,1,2.8e-05,0.0,-0.5932,0.5932
idols,1,0,1,2.8e-05,0.0,-0.5932,0.5932
arrives,0,1,1,0.0,3.2e-05,0.7931,0.7931
occasion2b,0,1,1,0.0,3.2e-05,0.7931,0.7931
buroker,1,0,1,2.8e-05,0.0,-0.5932,0.5932
reflected,1,0,1,2.8e-05,0.0,-0.5932,0.5932
presidential,1,0,1,2.8e-05,0.0,-0.5932,0.5932
greed,1,0,1,2.8e-05,0.0,-0.5932,0.5932
partners,1,0,1,2.8e-05,0.0,-0.5932,0.5932
xkdrx,1,0,1,2.8e-05,0.0,-0.5932,0.5932
260th,0,1,1,0.0,3.2e-05,0.7931,0.7931
carnegie,1,0,1,2.8e-05,0.0,-0.5932,0.5932
bathe,0,1,1,0.0,3.2e-05,0.7931,0.7931
kinetic,1,0,1,2.8e-05,0.0,-0.5932,0.5932
100s,1,0,1,2.8e-05,0.0,-0.5932,0.5932
supporters,0,1,1,0.0,3.2e-05,0.7931,0.7931
narrowly,0,1,1,0.0,3.2e-05,0.7931,0.7931
movietheatre,0,1,1,0.0,3.2e-05,0.7931,0.7931
spoil,1,0,1,2.8e-05,0.0,-0.5932,0.5932
duties,1,0,1,2.8e-05,0.0,-0.5932,0.5932
competitor,1,0,1,2.8e-05,0.0,-0.5932,0.5932
production,1,0,1,2.8e-05,0.0,-0.5932,0.5932
fastings,1,0,1,2.8e-05,0.0,-0.5932,0.5932
30s,0,1,1,0.0,3.2e-05,0.7931,0.7931
smores,0,1,1,0.0,3.2e-05,0.7931,0.7931
telemarketing,1,0,1,2.8e-05,0.0,-0.5932,0.5932
g3,0,1,1,0.0,3.2e-05,0.7931,0.7931
burglary,0,1,1,0.0,3.2e-05,0.7931,0.7931
89x,1,0,1,2.8e-05,0.0,-0.5932,0.5932
oceans,1,0,1,2.8e-05,0.0,-0.5932,0.5932
ashdod,0,1,1,0.0,3.2e-05,0.7931,0.7931
easternoregon,0,1,1,0.0,3.2e-05,0.7931,0.7931
weaknesses,1,0,1,2.8e-05,0.0,-0.5932,0.5932
coiffed,1,0,1,2.8e-05,0.0,-0.5932,0.5932
bleachers,1,0,1,2.8e-05,0.0,-0.5932,0.5932
i10,1,0,1,2.8e-05,0.0,-0.5932,0.5932
aberystwyth,0,1,1,0.0,3.2e-05,0.7931,0.7931
committing,0,1,1,0.0,3.2e-05,0.7931,0.7931
victorias,1,0,1,2.8e-05,0.0,-0.5932,0.5932
fault,0,1,1,0.0,3.2e-05,0.7931,0.7931
henley,1,0,1,2.8e-05,0.0,-0.5932,0.5932
iembot,0,1,1,0.0,3.2e-05,0.7931,0.7931
payback,0,1,1,0.0,3.2e-05,0.7931,0.7931
lobby,0,1,1,0.0,3.2e-05,0.7931,0.7931
riveeeeeer,0,1,1,0.0,3.2e-05,0.7931,0.7931
ancop,1,0,1,2.8e-05,0.0,-0.5932,0.5932
leones,1,0,1,2.8e-05,0.0,-0.5932,0.5932
oi,0,1,1,0.0,3.2e-05,0.7931,0.7931
robbie,1,0,1,2.8e-05,0.0,-0.5932,0.5932
jade,0,1,1,0.0,3.2e-05,0.7931,0.7931
imagini,1,0,1,2.8e-05,0.0,-0.5932,0.5932
condo,0,1,1,0.0,3.2e-05,0.7931,0.7931
moe,1,0,1,2.8e-05,0.0,-0.5932,0.5932
fee,1,0,1,2.8e-05,0.0,-0.5932,0.5932
forthright,1,0,1,2.8e-05,0.0,-0.5932,0.5932
jackman,1,0,1,2.8e-05,0.0,-0.5932,0.5932
mmk,1,0,1,2.8e-05,0.0,-0.5932,0.5932
firmly,1,0,1,2.8e-05,0.0,-0.5932,0.5932
cipinang,1,0,1,2.8e-05,0.0,-0.5932,0.5932
kml,1,0,1,2.8e-05,0.0,-0.5932,0.5932
6615434,1,0,1,2.8e-05,0.0,-0.5932,0.5932
mybabies,1,0,1,2.8e-05,0.0,-0.5932,0.5932
investigated,0,1,1,0.0,3.2e-05,0.7931,0.7931
exchanged,0,1,1,0.0,3.2e-05,0.7931,0.7931
badchoices,0,1,1,0.0,3.2e-05,0.7931,0.7931
wk,1,0,1,2.8e-05,0.0,-0.5932,0.5932
santiago,1,0,1,2.8e-05,0.0,-0.5932,0.5932
imam,0,1,1,0.0,3.2e-05,0.7931,0.7931
coils,1,0,1,2.8e-05,0.0,-0.5932,0.5932
apropos,1,0,1,2.8e-05,0.0,-0.5932,0.5932
reator,0,1,1,0.0,3.2e-05,0.7931,0.7931
calabria,0,1,1,0.0,3.2e-05,0.7931,0.7931
repped,1,0,1,2.8e-05,0.0,-0.5932,0.5932
expander,1,0,1,2.8e-05,0.0,-0.5932,0.5932
disciplinary,1,0,1,2.8e-05,0.0,-0.5932,0.5932
yukis,1,0,1,2.8e-05,0.0,-0.5932,0.5932
skype,1,0,1,2.8e-05,0.0,-0.5932,0.5932
smem,0,1,1,0.0,3.2e-05,0.7931,0.7931
combining,1,0,1,2.8e-05,0.0,-0.5932,0.5932
pacquiao,1,0,1,2.8e-05,0.0,-0.5932,0.5932
perrie,0,1,1,0.0,3.2e-05,0.7931,0.7931
legionnairesdisease,0,1,1,0.0,3.2e-05,0.7931,0.7931
leh,1,0,1,2.8e-05,0.0,-0.5932,0.5932
afrikaan,1,0,1,2.8e-05,0.0,-0.5932,0.5932
wrote,1,0,1,2.8e-05,0.0,-0.5932,0.5932
phalaborwa,0,1,1,0.0,3.2e-05,0.7931,0.7931
selmo,0,1,1,0.0,3.2e-05,0.7931,0.7931
pitched,1,0,1,2.8e-05,0.0,-0.5932,0.5932
imminent,1,0,1,2.8e-05,0.0,-0.5932,0.5932
yoga,1,0,1,2.8e-05,0.0,-0.5932,0.5932
islamist,0,1,1,0.0,3.2e-05,0.7931,0.7931
vergil,1,0,1,2.8e-05,0.0,-0.5932,0.5932
rdg,1,0,1,2.8e-05,0.0,-0.5932,0.5932
279,1,0,1,2.8e-05,0.0,-0.5932,0.5932
reined,1,0,1,2.8e-05,0.0,-0.5932,0.5932
carl,1,0,1,2.8e-05,0.0,-0.5932,0.5932
powder,1,0,1,2.8e-05,0.0,-0.5932,0.5932
conditionsprivation,0,1,1,0.0,3.2e-05,0.7931,0.7931
graph,1,0,1,2.8e-05,0.0,-0.5932,0.5932
lyme,0,1,1,0.0,3.2e-05,0.7931,0.7931
preppertalk,1,0,1,2.8e-05,0.0,-0.5932,0.5932
enabling,1,0,1,2.8e-05,0.0,-0.5932,0.5932
tenn,0,1,1,0.0,3.2e-05,0.7931,0.7931
perth,1,0,1,2.8e-05,0.0,-0.5932,0.5932
dabbed,1,0,1,2.8e-05,0.0,-0.5932,0.5932
forbesasia,0,1,1,0.0,3.2e-05,0.7931,0.7931
sousse,0,1,1,0.0,3.2e-05,0.7931,0.7931
disclosed,0,1,1,0.0,3.2e-05,0.7931,0.7931
bantrophyhunting,0,1,1,0.0,3.2e-05,0.7931,0.7931
goodnight,1,0,1,2.8e-05,0.0,-0.5932,0.5932
wheatley,1,0,1,2.8e-05,0.0,-0.5932,0.5932
drift,0,1,1,0.0,3.2e-05,0.7931,0.7931
poisoned,1,0,1,2.8e-05,0.0,-0.5932,0.5932
trigger,0,1,1,0.0,3.2e-05,0.7931,0.7931
poconorecord,0,1,1,0.0,3.2e-05,0.7931,0.7931
janice,1,0,1,2.8e-05,0.0,-0.5932,0.5932
karlsruhe,0,1,1,0.0,3.2e-05,0.7931,0.7931
21st,0,1,1,0.0,3.2e-05,0.7931,0.7931
grabs,1,0,1,2.8e-05,0.0,-0.5932,0.5932
marquez,1,0,1,2.8e-05,0.0,-0.5932,0.5932
bullpen,1,0,1,2.8e-05,0.0,-0.5932,0.5932
pathfinders,1,0,1,2.8e-05,0.0,-0.5932,0.5932
casing,0,1,1,0.0,3.2e-05,0.7931,0.7931
bama,1,0,1,2.8e-05,0.0,-0.5932,0.5932
cocktail,1,0,1,2.8e-05,0.0,-0.5932,0.5932
bahrain,0,1,1,0.0,3.2e-05,0.7931,0.7931
winged,0,1,1,0.0,3.2e-05,0.7931,0.7931
drakes,0,1,1,0.0,3.2e-05,0.7931,0.7931
rossbarton,1,0,1,2.8e-05,0.0,-0.5932,0.5932
deglin,1,0,1,2.8e-05,0.0,-0.5932,0.5932
postexistence,1,0,1,2.8e-05,0.0,-0.5932,0.5932
assnchat,1,0,1,2.8e-05,0.0,-0.5932,0.5932
mino,1,0,1,2.8e-05,0.0,-0.5932,0.5932
rchs,1,0,1,2.8e-05,0.0,-0.5932,0.5932
nowwwwww,0,1,1,0.0,3.2e-05,0.7931,0.7931
voc,0,1,1,0.0,3.2e-05,0.7931,0.7931
icarus,1,0,1,2.8e-05,0.0,-0.5932,0.5932
akrams,0,1,1,0.0,3.2e-05,0.7931,0.7931
specials,1,0,1,2.8e-05,0.0,-0.5932,0.5932
bulls,1,0,1,2.8e-05,0.0,-0.5932,0.5932
dumbfounded,1,0,1,2.8e-05,0.0,-0.5932,0.5932
jihadi,0,1,1,0.0,3.2e-05,0.7931,0.7931
tg,0,1,1,0.0,3.2e-05,0.7931,0.7931
pikin,0,1,1,0.0,3.2e-05,0.7931,0.7931
3d,1,0,1,2.8e-05,0.0,-0.5932,0.5932
wonders,1,0,1,2.8e-05,0.0,-0.5932,0.5932
prestige,1,0,1,2.8e-05,0.0,-0.5932,0.5932
warra,1,0,1,2.8e-05,0.0,-0.5932,0.5932
kai,0,1,1,0.0,3.2e-05,0.7931,0.7931
outcomes,0,1,1,0.0,3.2e-05,0.7931,0.7931
hendrixonfire,1,0,1,2.8e-05,0.0,-0.5932,0.5932
heywood,0,1,1,0.0,3.2e-05,0.7931,0.7931
whistleblower,1,0,1,2.8e-05,0.0,-0.5932,0.5932
ditched,1,0,1,2.8e-05,0.0,-0.5932,0.5932
900037,0,1,1,0.0,3.2e-05,0.7931,0.7931
daggers,0,1,1,0.0,3.2e-05,0.7931,0.7931
carpooling,1,0,1,2.8e-05,0.0,-0.5932,0.5932
eonlinechat,1,0,1,2.8e-05,0.0,-0.5932,0.5932
solved,1,0,1,2.8e-05,0.0,-0.5932,0.5932
rendered,0,1,1,0.0,3.2e-05,0.7931,0.7931
blackinamerica,1,0,1,2.8e-05,0.0,-0.5932,0.5932
seminars,0,1,1,0.0,3.2e-05,0.7931,0.7931
corals,1,0,1,2.8e-05,0.0,-0.5932,0.5932
calgarys,0,1,1,0.0,3.2e-05,0.7931,0.7931
unbelievably,0,1,1,0.0,3.2e-05,0.7931,0.7931
locomotive,1,0,1,2.8e-05,0.0,-0.5932,0.5932
aggressively,1,0,1,2.8e-05,0.0,-0.5932,0.5932
shaken,1,0,1,2.8e-05,0.0,-0.5932,0.5932
zipped,1,0,1,2.8e-05,0.0,-0.5932,0.5932
frequent,0,1,1,0.0,3.2e-05,0.7931,0.7931
illegality,0,1,1,0.0,3.2e-05,0.7931,0.7931
medinah,0,1,1,0.0,3.2e-05,0.7931,0.7931
documenting,0,1,1,0.0,3.2e-05,0.7931,0.7931
pirate,1,0,1,2.8e-05,0.0,-0.5932,0.5932
frvrgrateful,1,0,1,2.8e-05,0.0,-0.5932,0.5932
okanowa,0,1,1,0.0,3.2e-05,0.7931,0.7931
constitutional,1,0,1,2.8e-05,0.0,-0.5932,0.5932
sfgiants,1,0,1,2.8e-05,0.0,-0.5932,0.5932
ypg,0,1,1,0.0,3.2e-05,0.7931,0.7931
rosenbergs,1,0,1,2.8e-05,0.0,-0.5932,0.5932
candylit,1,0,1,2.8e-05,0.0,-0.5932,0.5932
manchesterlite,0,1,1,0.0,3.2e-05,0.7931,0.7931
shifted,1,0,1,2.8e-05,0.0,-0.5932,0.5932
everwhe,0,1,1,0.0,3.2e-05,0.7931,0.7931
knocked,0,1,1,0.0,3.2e-05,0.7931,0.7931
orapinforma,1,0,1,2.8e-05,0.0,-0.5932,0.5932
commuters,0,1,1,0.0,3.2e-05,0.7931,0.7931
interrupt,1,0,1,2.8e-05,0.0,-0.5932,0.5932
wqow,0,1,1,0.0,3.2e-05,0.7931,0.7931
deconstruct,1,0,1,2.8e-05,0.0,-0.5932,0.5932
emptive,0,1,1,0.0,3.2e-05,0.7931,0.7931
francisco,1,0,1,2.8e-05,0.0,-0.5932,0.5932
eyewitnesses,0,1,1,0.0,3.2e-05,0.7931,0.7931
unfortunemelody,1,0,1,2.8e-05,0.0,-0.5932,0.5932
dubloadz,1,0,1,2.8e-05,0.0,-0.5932,0.5932
thriving,1,0,1,2.8e-05,0.0,-0.5932,0.5932
microwave,1,0,1,2.8e-05,0.0,-0.5932,0.5932
loner,1,0,1,2.8e-05,0.0,-0.5932,0.5932
naayf,0,1,1,0.0,3.2e-05,0.7931,0.7931
3x5,1,0,1,2.8e-05,0.0,-0.5932,0.5932
busting,0,1,1,0.0,3.2e-05,0.7931,0.7931
bushman,1,0,1,2.8e-05,0.0,-0.5932,0.5932
beheadings,0,1,1,0.0,3.2e-05,0.7931,0.7931
ratio,1,0,1,2.8e-05,0.0,-0.5932,0.5932
gasparc,1,0,1,2.8e-05,0.0,-0.5932,0.5932
pros,0,1,1,0.0,3.2e-05,0.7931,0.7931
priests,1,0,1,2.8e-05,0.0,-0.5932,0.5932
takis,1,0,1,2.8e-05,0.0,-0.5932,0.5932
dampen,0,1,1,0.0,3.2e-05,0.7931,0.7931
rooftops,0,1,1,0.0,3.2e-05,0.7931,0.7931
nearing,0,1,1,0.0,3.2e-05,0.7931,0.7931
crushing,1,0,1,2.8e-05,0.0,-0.5932,0.5932
rank,1,0,1,2.8e-05,0.0,-0.5932,0.5932
toosoon,1,0,1,2.8e-05,0.0,-0.5932,0.5932
treasures,0,1,1,0.0,3.2e-05,0.7931,0.7931
humor,1,0,1,2.8e-05,0.0,-0.5932,0.5932
ortiz,1,0,1,2.8e-05,0.0,-0.5932,0.5932
thesensualeye,1,0,1,2.8e-05,0.0,-0.5932,0.5932
ny1,0,1,1,0.0,3.2e-05,0.7931,0.7931
jailbreak,1,0,1,2.8e-05,0.0,-0.5932,0.5932
staid,1,0,1,2.8e-05,0.0,-0.5932,0.5932
websites,0,1,1,0.0,3.2e-05,0.7931,0.7931
calfires,0,1,1,0.0,3.2e-05,0.7931,0.7931
alloosh,0,1,1,0.0,3.2e-05,0.7931,0.7931
delivered,1,0,1,2.8e-05,0.0,-0.5932,0.5932
ieee,0,1,1,0.0,3.2e-05,0.7931,0.7931
nobleman,1,0,1,2.8e-05,0.0,-0.5932,0.5932
hempoil,1,0,1,2.8e-05,0.0,-0.5932,0.5932
deans,0,1,1,0.0,3.2e-05,0.7931,0.7931
xxhjesc,1,0,1,2.8e-05,0.0,-0.5932,0.5932
bitten,1,0,1,2.8e-05,0.0,-0.5932,0.5932
aeg,0,1,1,0.0,3.2e-05,0.7931,0.7931
uae,0,1,1,0.0,3.2e-05,0.7931,0.7931
whelen,1,0,1,2.8e-05,0.0,-0.5932,0.5932
argsuppose,1,0,1,2.8e-05,0.0,-0.5932,0.5932
ofnsixjks,1,0,1,2.8e-05,0.0,-0.5932,0.5932
missouri,0,1,1,0.0,3.2e-05,0.7931,0.7931
advertise,1,0,1,2.8e-05,0.0,-0.5932,0.5932
headdesk,1,0,1,2.8e-05,0.0,-0.5932,0.5932
apocalpytic,0,1,1,0.0,3.2e-05,0.7931,0.7931
zergele,0,1,1,0.0,3.2e-05,0.7931,0.7931
jared,1,0,1,2.8e-05,0.0,-0.5932,0.5932
transgress,1,0,1,2.8e-05,0.0,-0.5932,0.5932
nerve,0,1,1,0.0,3.2e-05,0.7931,0.7931
congrats,1,0,1,2.8e-05,0.0,-0.5932,0.5932
overrun,0,1,1,0.0,3.2e-05,0.7931,0.7931
apologized,0,1,1,0.0,3.2e-05,0.7931,0.7931
tirelessly,0,1,1,0.0,3.2e-05,0.7931,0.7931
airwaves,1,0,1,2.8e-05,0.0,-0.5932,0.5932
gucci,1,0,1,2.8e-05,0.0,-0.5932,0.5932
incessant,1,0,1,2.8e-05,0.0,-0.5932,0.5932
copa,1,0,1,2.8e-05,0.0,-0.5932,0.5932
jews,1,0,1,2.8e-05,0.0,-0.5932,0.5932
publicity,1,0,1,2.8e-05,0.0,-0.5932,0.5932
valleywx,0,1,1,0.0,3.2e-05,0.7931,0.7931
tales,1,0,1,2.8e-05,0.0,-0.5932,0.5932
manservant,1,0,1,2.8e-05,0.0,-0.5932,0.5932
soothmyslumber,1,0,1,2.8e-05,0.0,-0.5932,0.5932
lanford,1,0,1,2.8e-05,0.0,-0.5932,0.5932
experiences,1,0,1,2.8e-05,0.0,-0.5932,0.5932
harassed,0,1,1,0.0,3.2e-05,0.7931,0.7931
asbury,0,1,1,0.0,3.2e-05,0.7931,0.7931
privilege,1,0,1,2.8e-05,0.0,-0.5932,0.5932
ppsellsbabyparts,0,1,1,0.0,3.2e-05,0.7931,0.7931
roster,1,0,1,2.8e-05,0.0,-0.5932,0.5932
chaning,1,0,1,2.8e-05,0.0,-0.5932,0.5932
mans,1,0,1,2.8e-05,0.0,-0.5932,0.5932
amazons,1,0,1,2.8e-05,0.0,-0.5932,0.5932
joseph,1,0,1,2.8e-05,0.0,-0.5932,0.5932
mothe,0,1,1,0.0,3.2e-05,0.7931,0.7931
booradleyvancullen,1,0,1,2.8e-05,0.0,-0.5932,0.5932
hurting,1,0,1,2.8e-05,0.0,-0.5932,0.5932
jazzs,0,1,1,0.0,3.2e-05,0.7931,0.7931
exec,0,1,1,0.0,3.2e-05,0.7931,0.7931
lengths,1,0,1,2.8e-05,0.0,-0.5932,0.5932
expanded,0,1,1,0.0,3.2e-05,0.7931,0.7931
femnism,1,0,1,2.8e-05,0.0,-0.5932,0.5932
adorable,1,0,1,2.8e-05,0.0,-0.5932,0.5932
merc,1,0,1,2.8e-05,0.0,-0.5932,0.5932
slowpoke,1,0,1,2.8e-05,0.0,-0.5932,0.5932
roadid,1,0,1,2.8e-05,0.0,-0.5932,0.5932
professionally,0,1,1,0.0,3.2e-05,0.7931,0.7931
rebahes,1,0,1,2.8e-05,0.0,-0.5932,0.5932
350,1,0,1,2.8e-05,0.0,-0.5932,0.5932
illnesses,0,1,1,0.0,3.2e-05,0.7931,0.7931
beautifully,1,0,1,2.8e-05,0.0,-0.5932,0.5932
bokoharam,1,0,1,2.8e-05,0.0,-0.5932,0.5932
greet,0,1,1,0.0,3.2e-05,0.7931,0.7931
bloodbound,1,0,1,2.8e-05,0.0,-0.5932,0.5932
s01e09,1,0,1,2.8e-05,0.0,-0.5932,0.5932
tambo,0,1,1,0.0,3.2e-05,0.7931,0.7931
indians,0,1,1,0.0,3.2e-05,0.7931,0.7931
macs,1,0,1,2.8e-05,0.0,-0.5932,0.5932
flopping,1,0,1,2.8e-05,0.0,-0.5932,0.5932
freaky,0,1,1,0.0,3.2e-05,0.7931,0.7931
witnessed,1,0,1,2.8e-05,0.0,-0.5932,0.5932
commence,1,0,1,2.8e-05,0.0,-0.5932,0.5932
sudan,0,1,1,0.0,3.2e-05,0.7931,0.7931
overloaded,1,0,1,2.8e-05,0.0,-0.5932,0.5932
overblown,1,0,1,2.8e-05,0.0,-0.5932,0.5932
nieces,1,0,1,2.8e-05,0.0,-0.5932,0.5932
cte,1,0,1,2.8e-05,0.0,-0.5932,0.5932
hoops,0,1,1,0.0,3.2e-05,0.7931,0.7931
marriage,0,1,1,0.0,3.2e-05,0.7931,0.7931
ashes2015,1,0,1,2.8e-05,0.0,-0.5932,0.5932
45m,0,1,1,0.0,3.2e-05,0.7931,0.7931
victorious,1,0,1,2.8e-05,0.0,-0.5932,0.5932
looney,1,0,1,2.8e-05,0.0,-0.5932,0.5932
bangalore,1,0,1,2.8e-05,0.0,-0.5932,0.5932
norge2040,1,0,1,2.8e-05,0.0,-0.5932,0.5932
airstrikes,0,1,1,0.0,3.2e-05,0.7931,0.7931
ziphimup,1,0,1,2.8e-05,0.0,-0.5932,0.5932
forbath,0,1,1,0.0,3.2e-05,0.7931,0.7931
uvopwz,1,0,1,2.8e-05,0.0,-0.5932,0.5932
ultimatum,0,1,1,0.0,3.2e-05,0.7931,0.7931
hub,1,0,1,2.8e-05,0.0,-0.5932,0.5932
specialized,1,0,1,2.8e-05,0.0,-0.5932,0.5932
63rd,0,1,1,0.0,3.2e-05,0.7931,0.7931
prophecy,1,0,1,2.8e-05,0.0,-0.5932,0.5932
muppet,1,0,1,2.8e-05,0.0,-0.5932,0.5932
piping,1,0,1,2.8e-05,0.0,-0.5932,0.5932
yiayplan,1,0,1,2.8e-05,0.0,-0.5932,0.5932
improved,1,0,1,2.8e-05,0.0,-0.5932,0.5932
deeply,1,0,1,2.8e-05,0.0,-0.5932,0.5932
751,0,1,1,0.0,3.2e-05,0.7931,0.7931
lubrication,1,0,1,2.8e-05,0.0,-0.5932,0.5932
hfo,0,1,1,0.0,3.2e-05,0.7931,0.7931
elvia,0,1,1,0.0,3.2e-05,0.7931,0.7931
ramat,0,1,1,0.0,3.2e-05,0.7931,0.7931
wikipedia,0,1,1,0.0,3.2e-05,0.7931,0.7931
evolved,0,1,1,0.0,3.2e-05,0.7931,0.7931
mv,0,1,1,0.0,3.2e-05,0.7931,0.7931
tonne,1,0,1,2.8e-05,0.0,-0.5932,0.5932
satisfying,1,0,1,2.8e-05,0.0,-0.5932,0.5932
byebyesoundcloud,1,0,1,2.8e-05,0.0,-0.5932,0.5932
rbi,1,0,1,2.8e-05,0.0,-0.5932,0.5932
screeching,1,0,1,2.8e-05,0.0,-0.5932,0.5932
wheelers,0,1,1,0.0,3.2e-05,0.7931,0.7931
fuckface,1,0,1,2.8e-05,0.0,-0.5932,0.5932
kettlebell,1,0,1,2.8e-05,0.0,-0.5932,0.5932
sandra,0,1,1,0.0,3.2e-05,0.7931,0.7931
ayekoradio,1,0,1,2.8e-05,0.0,-0.5932,0.5932
yolandaph,0,1,1,0.0,3.2e-05,0.7931,0.7931
kayla,1,0,1,2.8e-05,0.0,-0.5932,0.5932
flatts,1,0,1,2.8e-05,0.0,-0.5932,0.5932
kamindoz,0,1,1,0.0,3.2e-05,0.7931,0.7931
naaa,1,0,1,2.8e-05,0.0,-0.5932,0.5932
brass,1,0,1,2.8e-05,0.0,-0.5932,0.5932
utilized,0,1,1,0.0,3.2e-05,0.7931,0.7931
teddy,1,0,1,2.8e-05,0.0,-0.5932,0.5932
misfit,1,0,1,2.8e-05,0.0,-0.5932,0.5932
dominant,1,0,1,2.8e-05,0.0,-0.5932,0.5932
standup,1,0,1,2.8e-05,0.0,-0.5932,0.5932
tdm,1,0,1,2.8e-05,0.0,-0.5932,0.5932
zrnf,1,0,1,2.8e-05,0.0,-0.5932,0.5932
caraccidentlawyer,1,0,1,2.8e-05,0.0,-0.5932,0.5932
14028,0,1,1,0.0,3.2e-05,0.7931,0.7931
droughtmonitor,0,1,1,0.0,3.2e-05,0.7931,0.7931
piercing,1,0,1,2.8e-05,0.0,-0.5932,0.5932
100nd,1,0,1,2.8e-05,0.0,-0.5932,0.5932
helpme,1,0,1,2.8e-05,0.0,-0.5932,0.5932
clancy,1,0,1,2.8e-05,0.0,-0.5932,0.5932
bats,1,0,1,2.8e-05,0.0,-0.5932,0.5932
delhi,0,1,1,0.0,3.2e-05,0.7931,0.7931
finalise,0,1,1,0.0,3.2e-05,0.7931,0.7931
charminar,1,0,1,2.8e-05,0.0,-0.5932,0.5932
descriptive,1,0,1,2.8e-05,0.0,-0.5932,0.5932
illuminated,1,0,1,2.8e-05,0.0,-0.5932,0.5932
parliamentary,1,0,1,2.8e-05,0.0,-0.5932,0.5932
burma,0,1,1,0.0,3.2e-05,0.7931,0.7931
finn,1,0,1,2.8e-05,0.0,-0.5932,0.5932
suffice,0,1,1,0.0,3.2e-05,0.7931,0.7931
accuracy,0,1,1,0.0,3.2e-05,0.7931,0.7931
disdain,1,0,1,2.8e-05,0.0,-0.5932,0.5932
categories,0,1,1,0.0,3.2e-05,0.7931,0.7931
reveillertm,1,0,1,2.8e-05,0.0,-0.5932,0.5932
ritual,1,0,1,2.8e-05,0.0,-0.5932,0.5932
pastie,1,0,1,2.8e-05,0.0,-0.5932,0.5932
armys,1,0,1,2.8e-05,0.0,-0.5932,0.5932
theresmorewherethatcamefrom,1,0,1,2.8e-05,0.0,-0.5932,0.5932
occurrence,1,0,1,2.8e-05,0.0,-0.5932,0.5932
morn,1,0,1,2.8e-05,0.0,-0.5932,0.5932
exercises,0,1,1,0.0,3.2e-05,0.7931,0.7931
savior,1,0,1,2.8e-05,0.0,-0.5932,0.5932
purified,1,0,1,2.8e-05,0.0,-0.5932,0.5932
999,0,1,1,0.0,3.2e-05,0.7931,0.7931
harperanetflixshow,1,0,1,2.8e-05,0.0,-0.5932,0.5932
hiker,0,1,1,0.0,3.2e-05,0.7931,0.7931
grounded,1,0,1,2.8e-05,0.0,-0.5932,0.5932
enviromental,0,1,1,0.0,3.2e-05,0.7931,0.7931
stirring,1,0,1,2.8e-05,0.0,-0.5932,0.5932
crunchy,1,0,1,2.8e-05,0.0,-0.5932,0.5932
azusa,0,1,1,0.0,3.2e-05,0.7931,0.7931
fighterdena,1,0,1,2.8e-05,0.0,-0.5932,0.5932
deo,1,0,1,2.8e-05,0.0,-0.5932,0.5932
suffield,0,1,1,0.0,3.2e-05,0.7931,0.7931
inflicted,1,0,1,2.8e-05,0.0,-0.5932,0.5932
hailing,0,1,1,0.0,3.2e-05,0.7931,0.7931
cereal,1,0,1,2.8e-05,0.0,-0.5932,0.5932
pisco,1,0,1,2.8e-05,0.0,-0.5932,0.5932
xl,1,0,1,2.8e-05,0.0,-0.5932,0.5932
guardrails,1,0,1,2.8e-05,0.0,-0.5932,0.5932
hay,1,0,1,2.8e-05,0.0,-0.5932,0.5932
pawsox,1,0,1,2.8e-05,0.0,-0.5932,0.5932
myelf,1,0,1,2.8e-05,0.0,-0.5932,0.5932
lennox,1,0,1,2.8e-05,0.0,-0.5932,0.5932
seeyouatamicos,1,0,1,2.8e-05,0.0,-0.5932,0.5932
silo,0,1,1,0.0,3.2e-05,0.7931,0.7931
gaelite,0,1,1,0.0,3.2e-05,0.7931,0.7931
kesabaran,0,1,1,0.0,3.2e-05,0.7931,0.7931
dough,1,0,1,2.8e-05,0.0,-0.5932,0.5932
relegation,1,0,1,2.8e-05,0.0,-0.5932,0.5932
trails,1,0,1,2.8e-05,0.0,-0.5932,0.5932
milita,1,0,1,2.8e-05,0.0,-0.5932,0.5932
snooker,0,1,1,0.0,3.2e-05,0.7931,0.7931
gloria,0,1,1,0.0,3.2e-05,0.7931,0.7931
evac,0,1,1,0.0,3.2e-05,0.7931,0.7931
whine,1,0,1,2.8e-05,0.0,-0.5932,0.5932
restart,0,1,1,0.0,3.2e-05,0.7931,0.7931
ferrell,1,0,1,2.8e-05,0.0,-0.5932,0.5932
dirumah,1,0,1,2.8e-05,0.0,-0.5932,0.5932
infantryman,1,0,1,2.8e-05,0.0,-0.5932,0.5932
drayesha4,1,0,1,2.8e-05,0.0,-0.5932,0.5932
cest,1,0,1,2.8e-05,0.0,-0.5932,0.5932
blasted,1,0,1,2.8e-05,0.0,-0.5932,0.5932
deadgrassandflowers,0,1,1,0.0,3.2e-05,0.7931,0.7931
2a,1,0,1,2.8e-05,0.0,-0.5932,0.5932
flakes,1,0,1,2.8e-05,0.0,-0.5932,0.5932
grumpout,1,0,1,2.8e-05,0.0,-0.5932,0.5932
adjust,0,1,1,0.0,3.2e-05,0.7931,0.7931
pressing,0,1,1,0.0,3.2e-05,0.7931,0.7931
dmd,1,0,1,2.8e-05,0.0,-0.5932,0.5932
liveleakfun,0,1,1,0.0,3.2e-05,0.7931,0.7931
prosser,1,0,1,2.8e-05,0.0,-0.5932,0.5932
icd10,0,1,1,0.0,3.2e-05,0.7931,0.7931
scarier,0,1,1,0.0,3.2e-05,0.7931,0.7931
reeves,0,1,1,0.0,3.2e-05,0.7931,0.7931
imeshika,1,0,1,2.8e-05,0.0,-0.5932,0.5932
detains,1,0,1,2.8e-05,0.0,-0.5932,0.5932
determined,1,0,1,2.8e-05,0.0,-0.5932,0.5932
gfe,1,0,1,2.8e-05,0.0,-0.5932,0.5932
guo,0,1,1,0.0,3.2e-05,0.7931,0.7931
colombia,0,1,1,0.0,3.2e-05,0.7931,0.7931
majesty,1,0,1,2.8e-05,0.0,-0.5932,0.5932
judith,1,0,1,2.8e-05,0.0,-0.5932,0.5932
raisinfingers,1,0,1,2.8e-05,0.0,-0.5932,0.5932
ij,0,1,1,0.0,3.2e-05,0.7931,0.7931
brochure,1,0,1,2.8e-05,0.0,-0.5932,0.5932
casting,0,1,1,0.0,3.2e-05,0.7931,0.7931
alaskas,1,0,1,2.8e-05,0.0,-0.5932,0.5932
colo,1,0,1,2.8e-05,0.0,-0.5932,0.5932
frontin,1,0,1,2.8e-05,0.0,-0.5932,0.5932
confused,1,0,1,2.8e-05,0.0,-0.5932,0.5932
threesome,1,0,1,2.8e-05,0.0,-0.5932,0.5932
juan,1,0,1,2.8e-05,0.0,-0.5932,0.5932
espn,1,0,1,2.8e-05,0.0,-0.5932,0.5932
psychic,1,0,1,2.8e-05,0.0,-0.5932,0.5932
canberras,1,0,1,2.8e-05,0.0,-0.5932,0.5932
panik,1,0,1,2.8e-05,0.0,-0.5932,0.5932
00end,1,0,1,2.8e-05,0.0,-0.5932,0.5932
alabamaquake,0,1,1,0.0,3.2e-05,0.7931,0.7931
sizewell,0,1,1,0.0,3.2e-05,0.7931,0.7931
celebrety,1,0,1,2.8e-05,0.0,-0.5932,0.5932
titty,1,0,1,2.8e-05,0.0,-0.5932,0.5932
eco,0,1,1,0.0,3.2e-05,0.7931,0.7931
r21,0,1,1,0.0,3.2e-05,0.7931,0.7931
sticky,1,0,1,2.8e-05,0.0,-0.5932,0.5932
insurers163,0,1,1,0.0,3.2e-05,0.7931,0.7931
wheat,1,0,1,2.8e-05,0.0,-0.5932,0.5932
688,1,0,1,2.8e-05,0.0,-0.5932,0.5932
lyndon,1,0,1,2.8e-05,0.0,-0.5932,0.5932
redo,0,1,1,0.0,3.2e-05,0.7931,0.7931
weymouth,0,1,1,0.0,3.2e-05,0.7931,0.7931
tic,0,1,1,0.0,3.2e-05,0.7931,0.7931
weights,1,0,1,2.8e-05,0.0,-0.5932,0.5932
select,0,1,1,0.0,3.2e-05,0.7931,0.7931
trophyhunt,1,0,1,2.8e-05,0.0,-0.5932,0.5932
forbids,1,0,1,2.8e-05,0.0,-0.5932,0.5932
gunning,1,0,1,2.8e-05,0.0,-0.5932,0.5932
emerging,1,0,1,2.8e-05,0.0,-0.5932,0.5932
unconditional,0,1,1,0.0,3.2e-05,0.7931,0.7931
akx,1,0,1,2.8e-05,0.0,-0.5932,0.5932
bi,0,1,1,0.0,3.2e-05,0.7931,0.7931
nyg,1,0,1,2.8e-05,0.0,-0.5932,0.5932
unhinged,1,0,1,2.8e-05,0.0,-0.5932,0.5932
yuppies,1,0,1,2.8e-05,0.0,-0.5932,0.5932
runners,0,1,1,0.0,3.2e-05,0.7931,0.7931
rico,0,1,1,0.0,3.2e-05,0.7931,0.7931
chips,1,0,1,2.8e-05,0.0,-0.5932,0.5932
bicentennial,1,0,1,2.8e-05,0.0,-0.5932,0.5932
hikers,0,1,1,0.0,3.2e-05,0.7931,0.7931
wrightsboro,0,1,1,0.0,3.2e-05,0.7931,0.7931
diseases,1,0,1,2.8e-05,0.0,-0.5932,0.5932
michel,1,0,1,2.8e-05,0.0,-0.5932,0.5932
demolishes,0,1,1,0.0,3.2e-05,0.7931,0.7931
grubbing,0,1,1,0.0,3.2e-05,0.7931,0.7931
baekhyun,1,0,1,2.8e-05,0.0,-0.5932,0.5932
evilempire,1,0,1,2.8e-05,0.0,-0.5932,0.5932
capitalist,1,0,1,2.8e-05,0.0,-0.5932,0.5932
customer,1,0,1,2.8e-05,0.0,-0.5932,0.5932
volunteers,0,1,1,0.0,3.2e-05,0.7931,0.7931
coast2coastdjs,1,0,1,2.8e-05,0.0,-0.5932,0.5932
arab,0,1,1,0.0,3.2e-05,0.7931,0.7931
represents,1,0,1,2.8e-05,0.0,-0.5932,0.5932
toss,1,0,1,2.8e-05,0.0,-0.5932,0.5932
jez,0,1,1,0.0,3.2e-05,0.7931,0.7931
uknews,0,1,1,0.0,3.2e-05,0.7931,0.7931
benews,0,1,1,0.0,3.2e-05,0.7931,0.7931
vern,0,1,1,0.0,3.2e-05,0.7931,0.7931
bucharest,0,1,1,0.0,3.2e-05,0.7931,0.7931
wzbt,1,0,1,2.8e-05,0.0,-0.5932,0.5932
berlin,1,0,1,2.8e-05,0.0,-0.5932,0.5932
scabs,1,0,1,2.8e-05,0.0,-0.5932,0.5932
genisys,0,1,1,0.0,3.2e-05,0.7931,0.7931
northumbria,1,0,1,2.8e-05,0.0,-0.5932,0.5932
sunsets,1,0,1,2.8e-05,0.0,-0.5932,0.5932
gamescom,1,0,1,2.8e-05,0.0,-0.5932,0.5932
nov,1,0,1,2.8e-05,0.0,-0.5932,0.5932
bird,1,0,1,2.8e-05,0.0,-0.5932,0.5932
jasmine,1,0,1,2.8e-05,0.0,-0.5932,0.5932
suited,1,0,1,2.8e-05,0.0,-0.5932,0.5932
tsipras,1,0,1,2.8e-05,0.0,-0.5932,0.5932
spies,1,0,1,2.8e-05,0.0,-0.5932,0.5932
hipster,1,0,1,2.8e-05,0.0,-0.5932,0.5932
luhan,1,0,1,2.8e-05,0.0,-0.5932,0.5932
learni,1,0,1,2.8e-05,0.0,-0.5932,0.5932
howre,1,0,1,2.8e-05,0.0,-0.5932,0.5932
panay,0,1,1,0.0,3.2e-05,0.7931,0.7931
oppose,1,0,1,2.8e-05,0.0,-0.5932,0.5932
effective,1,0,1,2.8e-05,0.0,-0.5932,0.5932
pumped,1,0,1,2.8e-05,0.0,-0.5932,0.5932
uhc,1,0,1,2.8e-05,0.0,-0.5932,0.5932
kooks,1,0,1,2.8e-05,0.0,-0.5932,0.5932
weekends,1,0,1,2.8e-05,0.0,-0.5932,0.5932
donzilla,1,0,1,2.8e-05,0.0,-0.5932,0.5932
hank,1,0,1,2.8e-05,0.0,-0.5932,0.5932
179,0,1,1,0.0,3.2e-05,0.7931,0.7931
giggling,1,0,1,2.8e-05,0.0,-0.5932,0.5932
gravy,0,1,1,0.0,3.2e-05,0.7931,0.7931
bhavanas,1,0,1,2.8e-05,0.0,-0.5932,0.5932
tacos,0,1,1,0.0,3.2e-05,0.7931,0.7931
20k,0,1,1,0.0,3.2e-05,0.7931,0.7931
beinart,0,1,1,0.0,3.2e-05,0.7931,0.7931
1960s,0,1,1,0.0,3.2e-05,0.7931,0.7931
boyhaus,1,0,1,2.8e-05,0.0,-0.5932,0.5932
udom,1,0,1,2.8e-05,0.0,-0.5932,0.5932
ballews,1,0,1,2.8e-05,0.0,-0.5932,0.5932
firepower,1,0,1,2.8e-05,0.0,-0.5932,0.5932
orpik,1,0,1,2.8e-05,0.0,-0.5932,0.5932
raped,1,0,1,2.8e-05,0.0,-0.5932,0.5932
vaccine,0,1,1,0.0,3.2e-05,0.7931,0.7931
tomislav,1,0,1,2.8e-05,0.0,-0.5932,0.5932
vincent,0,1,1,0.0,3.2e-05,0.7931,0.7931
pub,0,1,1,0.0,3.2e-05,0.7931,0.7931
yemenis,0,1,1,0.0,3.2e-05,0.7931,0.7931
perpetrators,1,0,1,2.8e-05,0.0,-0.5932,0.5932
m5,0,1,1,0.0,3.2e-05,0.7931,0.7931
brut,1,0,1,2.8e-05,0.0,-0.5932,0.5932
q2,1,0,1,2.8e-05,0.0,-0.5932,0.5932
kurdistan,0,1,1,0.0,3.2e-05,0.7931,0.7931
freeallfour,0,1,1,0.0,3.2e-05,0.7931,0.7931
kcrw,0,1,1,0.0,3.2e-05,0.7931,0.7931
arsenals,1,0,1,2.8e-05,0.0,-0.5932,0.5932
gesture,1,0,1,2.8e-05,0.0,-0.5932,0.5932
attending,1,0,1,2.8e-05,0.0,-0.5932,0.5932
chann,1,0,1,2.8e-05,0.0,-0.5932,0.5932
wroug,0,1,1,0.0,3.2e-05,0.7931,0.7931
males,0,1,1,0.0,3.2e-05,0.7931,0.7931
preorder,1,0,1,2.8e-05,0.0,-0.5932,0.5932
ddnt,1,0,1,2.8e-05,0.0,-0.5932,0.5932
equalizer,1,0,1,2.8e-05,0.0,-0.5932,0.5932
eulogies,1,0,1,2.8e-05,0.0,-0.5932,0.5932
takecare,1,0,1,2.8e-05,0.0,-0.5932,0.5932
fitba,1,0,1,2.8e-05,0.0,-0.5932,0.5932
intriguing,1,0,1,2.8e-05,0.0,-0.5932,0.5932
postapocalypticflimflam,1,0,1,2.8e-05,0.0,-0.5932,0.5932
gagnon,0,1,1,0.0,3.2e-05,0.7931,0.7931
dontexpectnothing,1,0,1,2.8e-05,0.0,-0.5932,0.5932
thexfiles201days,1,0,1,2.8e-05,0.0,-0.5932,0.5932
cts,1,0,1,2.8e-05,0.0,-0.5932,0.5932
zakuun,0,1,1,0.0,3.2e-05,0.7931,0.7931
skyscrapers,0,1,1,0.0,3.2e-05,0.7931,0.7931
mateo,1,0,1,2.8e-05,0.0,-0.5932,0.5932
fidayeen,0,1,1,0.0,3.2e-05,0.7931,0.7931
retreat,0,1,1,0.0,3.2e-05,0.7931,0.7931
loo,0,1,1,0.0,3.2e-05,0.7931,0.7931
adhd,1,0,1,2.8e-05,0.0,-0.5932,0.5932
minuscule,0,1,1,0.0,3.2e-05,0.7931,0.7931
allay,0,1,1,0.0,3.2e-05,0.7931,0.7931
jbumzqpk,1,0,1,2.8e-05,0.0,-0.5932,0.5932
saunders,1,0,1,2.8e-05,0.0,-0.5932,0.5932
comings,1,0,1,2.8e-05,0.0,-0.5932,0.5932
tootrue,1,0,1,2.8e-05,0.0,-0.5932,0.5932
commiting,0,1,1,0.0,3.2e-05,0.7931,0.7931
thankkk,1,0,1,2.8e-05,0.0,-0.5932,0.5932
hoc,1,0,1,2.8e-05,0.0,-0.5932,0.5932
acquiesce,0,1,1,0.0,3.2e-05,0.7931,0.7931
nats,0,1,1,0.0,3.2e-05,0.7931,0.7931
stressing,1,0,1,2.8e-05,0.0,-0.5932,0.5932
boards,0,1,1,0.0,3.2e-05,0.7931,0.7931
spectrum,0,1,1,0.0,3.2e-05,0.7931,0.7931
default,1,0,1,2.8e-05,0.0,-0.5932,0.5932
cowardly,0,1,1,0.0,3.2e-05,0.7931,0.7931
17months,0,1,1,0.0,3.2e-05,0.7931,0.7931
architects,1,0,1,2.8e-05,0.0,-0.5932,0.5932
gc,0,1,1,0.0,3.2e-05,0.7931,0.7931
askin,0,1,1,0.0,3.2e-05,0.7931,0.7931
ufo4ublogeurope,0,1,1,0.0,3.2e-05,0.7931,0.7931
vanessa,1,0,1,2.8e-05,0.0,-0.5932,0.5932
bene,1,0,1,2.8e-05,0.0,-0.5932,0.5932
worm,1,0,1,2.8e-05,0.0,-0.5932,0.5932
para,1,0,1,2.8e-05,0.0,-0.5932,0.5932
recruitment,1,0,1,2.8e-05,0.0,-0.5932,0.5932
mgn,1,0,1,2.8e-05,0.0,-0.5932,0.5932
produc,1,0,1,2.8e-05,0.0,-0.5932,0.5932
sods,0,1,1,0.0,3.2e-05,0.7931,0.7931
10x,1,0,1,2.8e-05,0.0,-0.5932,0.5932
abomb,0,1,1,0.0,3.2e-05,0.7931,0.7931
mpc,0,1,1,0.0,3.2e-05,0.7931,0.7931
yakub,0,1,1,0.0,3.2e-05,0.7931,0.7931
neal,1,0,1,2.8e-05,0.0,-0.5932,0.5932
jul,0,1,1,0.0,3.2e-05,0.7931,0.7931
wank,1,0,1,2.8e-05,0.0,-0.5932,0.5932
flushes,1,0,1,2.8e-05,0.0,-0.5932,0.5932
cutest,1,0,1,2.8e-05,0.0,-0.5932,0.5932
imposing,0,1,1,0.0,3.2e-05,0.7931,0.7931
allergic,0,1,1,0.0,3.2e-05,0.7931,0.7931
livin,1,0,1,2.8e-05,0.0,-0.5932,0.5932
newyear,0,1,1,0.0,3.2e-05,0.7931,0.7931
dart,0,1,1,0.0,3.2e-05,0.7931,0.7931
wbre,1,0,1,2.8e-05,0.0,-0.5932,0.5932
saddledome,1,0,1,2.8e-05,0.0,-0.5932,0.5932
ssb4,1,0,1,2.8e-05,0.0,-0.5932,0.5932
jihadis,0,1,1,0.0,3.2e-05,0.7931,0.7931
dopest,1,0,1,2.8e-05,0.0,-0.5932,0.5932
gallup,1,0,1,2.8e-05,0.0,-0.5932,0.5932
remark,0,1,1,0.0,3.2e-05,0.7931,0.7931
symbol,0,1,1,0.0,3.2e-05,0.7931,0.7931
zaatari,0,1,1,0.0,3.2e-05,0.7931,0.7931
kay,1,0,1,2.8e-05,0.0,-0.5932,0.5932
teamsurvivors,1,0,1,2.8e-05,0.0,-0.5932,0.5932
busines,0,1,1,0.0,3.2e-05,0.7931,0.7931
seas,0,1,1,0.0,3.2e-05,0.7931,0.7931
231a,0,1,1,0.0,3.2e-05,0.7931,0.7931
denim,0,1,1,0.0,3.2e-05,0.7931,0.7931
promised,1,0,1,2.8e-05,0.0,-0.5932,0.5932
components,1,0,1,2.8e-05,0.0,-0.5932,0.5932
bah,1,0,1,2.8e-05,0.0,-0.5932,0.5932
janata,0,1,1,0.0,3.2e-05,0.7931,0.7931
submerged,0,1,1,0.0,3.2e-05,0.7931,0.7931
paeds,1,0,1,2.8e-05,0.0,-0.5932,0.5932
dal,1,0,1,2.8e-05,0.0,-0.5932,0.5932
subcontractor,0,1,1,0.0,3.2e-05,0.7931,0.7931
40w,0,1,1,0.0,3.2e-05,0.7931,0.7931
hearths,0,1,1,0.0,3.2e-05,0.7931,0.7931
ironman,1,0,1,2.8e-05,0.0,-0.5932,0.5932
writingtips,0,1,1,0.0,3.2e-05,0.7931,0.7931
indecisiveness,0,1,1,0.0,3.2e-05,0.7931,0.7931
wwa,1,0,1,2.8e-05,0.0,-0.5932,0.5932
behold,1,0,1,2.8e-05,0.0,-0.5932,0.5932
throwin,0,1,1,0.0,3.2e-05,0.7931,0.7931
thugging,1,0,1,2.8e-05,0.0,-0.5932,0.5932
babe,1,0,1,2.8e-05,0.0,-0.5932,0.5932
dicky,0,1,1,0.0,3.2e-05,0.7931,0.7931
brig,1,0,1,2.8e-05,0.0,-0.5932,0.5932
janeenorman,0,1,1,0.0,3.2e-05,0.7931,0.7931
ocuana,1,0,1,2.8e-05,0.0,-0.5932,0.5932
humanrights,0,1,1,0.0,3.2e-05,0.7931,0.7931
fin,0,1,1,0.0,3.2e-05,0.7931,0.7931
courage,1,0,1,2.8e-05,0.0,-0.5932,0.5932
optioned,1,0,1,2.8e-05,0.0,-0.5932,0.5932
curry,0,1,1,0.0,3.2e-05,0.7931,0.7931
beep,0,1,1,0.0,3.2e-05,0.7931,0.7931
millennium,1,0,1,2.8e-05,0.0,-0.5932,0.5932
tort,1,0,1,2.8e-05,0.0,-0.5932,0.5932
zhejiang,1,0,1,2.8e-05,0.0,-0.5932,0.5932
setting4success,0,1,1,0.0,3.2e-05,0.7931,0.7931
maxi,0,1,1,0.0,3.2e-05,0.7931,0.7931
trident,1,0,1,2.8e-05,0.0,-0.5932,0.5932
emile,1,0,1,2.8e-05,0.0,-0.5932,0.5932
toyota,0,1,1,0.0,3.2e-05,0.7931,0.7931
jariana,1,0,1,2.8e-05,0.0,-0.5932,0.5932
jetengine,0,1,1,0.0,3.2e-05,0.7931,0.7931
gh,1,0,1,2.8e-05,0.0,-0.5932,0.5932
36x36,1,0,1,2.8e-05,0.0,-0.5932,0.5932
lattice,1,0,1,2.8e-05,0.0,-0.5932,0.5932
kurtkamka,0,1,1,0.0,3.2e-05,0.7931,0.7931
loathing,1,0,1,2.8e-05,0.0,-0.5932,0.5932
oc73x,0,1,1,0.0,3.2e-05,0.7931,0.7931
goats,1,0,1,2.8e-05,0.0,-0.5932,0.5932
gokitgo,1,0,1,2.8e-05,0.0,-0.5932,0.5932
trollingtilmeekdiss,1,0,1,2.8e-05,0.0,-0.5932,0.5932
streamyx,0,1,1,0.0,3.2e-05,0.7931,0.7931
consultative,1,0,1,2.8e-05,0.0,-0.5932,0.5932
romanatwoodvlogs,1,0,1,2.8e-05,0.0,-0.5932,0.5932
transporta,1,0,1,2.8e-05,0.0,-0.5932,0.5932
heartbeat,1,0,1,2.8e-05,0.0,-0.5932,0.5932
epidemic,0,1,1,0.0,3.2e-05,0.7931,0.7931
hosts,0,1,1,0.0,3.2e-05,0.7931,0.7931
foodborne,0,1,1,0.0,3.2e-05,0.7931,0.7931
bestie,0,1,1,0.0,3.2e-05,0.7931,0.7931
abuses,0,1,1,0.0,3.2e-05,0.7931,0.7931
notion,1,0,1,2.8e-05,0.0,-0.5932,0.5932
aspect,1,0,1,2.8e-05,0.0,-0.5932,0.5932
albeit,0,1,1,0.0,3.2e-05,0.7931,0.7931
adopt,1,0,1,2.8e-05,0.0,-0.5932,0.5932
untill,1,0,1,2.8e-05,0.0,-0.5932,0.5932
integrates,1,0,1,2.8e-05,0.0,-0.5932,0.5932
buseys,1,0,1,2.8e-05,0.0,-0.5932,0.5932
mayflower,1,0,1,2.8e-05,0.0,-0.5932,0.5932
python,1,0,1,2.8e-05,0.0,-0.5932,0.5932
remaining,1,0,1,2.8e-05,0.0,-0.5932,0.5932
alton,1,0,1,2.8e-05,0.0,-0.5932,0.5932
gentlemen,1,0,1,2.8e-05,0.0,-0.5932,0.5932
sharper,1,0,1,2.8e-05,0.0,-0.5932,0.5932
badotweet,1,0,1,2.8e-05,0.0,-0.5932,0.5932
dummy,1,0,1,2.8e-05,0.0,-0.5932,0.5932
cpr,0,1,1,0.0,3.2e-05,0.7931,0.7931
identical,1,0,1,2.8e-05,0.0,-0.5932,0.5932
ordained,1,0,1,2.8e-05,0.0,-0.5932,0.5932
meowing,1,0,1,2.8e-05,0.0,-0.5932,0.5932
judgement,0,1,1,0.0,3.2e-05,0.7931,0.7931
athens,0,1,1,0.0,3.2e-05,0.7931,0.7931
routine,1,0,1,2.8e-05,0.0,-0.5932,0.5932
mfrwauthor,1,0,1,2.8e-05,0.0,-0.5932,0.5932
aaaa,1,0,1,2.8e-05,0.0,-0.5932,0.5932
cleav,1,0,1,2.8e-05,0.0,-0.5932,0.5932
confounds,0,1,1,0.0,3.2e-05,0.7931,0.7931
foreskin,1,0,1,2.8e-05,0.0,-0.5932,0.5932
anthonys,0,1,1,0.0,3.2e-05,0.7931,0.7931
freddie,1,0,1,2.8e-05,0.0,-0.5932,0.5932
dawabsha,0,1,1,0.0,3.2e-05,0.7931,0.7931
devote,1,0,1,2.8e-05,0.0,-0.5932,0.5932
oppa,1,0,1,2.8e-05,0.0,-0.5932,0.5932
air1bullet,0,1,1,0.0,3.2e-05,0.7931,0.7931
shuts,1,0,1,2.8e-05,0.0,-0.5932,0.5932
explosive,0,1,1,0.0,3.2e-05,0.7931,0.7931
candidates,1,0,1,2.8e-05,0.0,-0.5932,0.5932
suresh,0,1,1,0.0,3.2e-05,0.7931,0.7931
towns,0,1,1,0.0,3.2e-05,0.7931,0.7931
sirmione,1,0,1,2.8e-05,0.0,-0.5932,0.5932
failing,0,1,1,0.0,3.2e-05,0.7931,0.7931
kashmirconflict,0,1,1,0.0,3.2e-05,0.7931,0.7931
wedgie,0,1,1,0.0,3.2e-05,0.7931,0.7931
dyxtmrydu,0,1,1,0.0,3.2e-05,0.7931,0.7931
juneau,1,0,1,2.8e-05,0.0,-0.5932,0.5932
avert,0,1,1,0.0,3.2e-05,0.7931,0.7931
gigawatts,1,0,1,2.8e-05,0.0,-0.5932,0.5932
16550,1,0,1,2.8e-05,0.0,-0.5932,0.5932
koreans,0,1,1,0.0,3.2e-05,0.7931,0.7931
goggles,0,1,1,0.0,3.2e-05,0.7931,0.7931
soaring,0,1,1,0.0,3.2e-05,0.7931,0.7931
frothy,1,0,1,2.8e-05,0.0,-0.5932,0.5932
105,0,1,1,0.0,3.2e-05,0.7931,0.7931
colonel,0,1,1,0.0,3.2e-05,0.7931,0.7931
fiddle,1,0,1,2.8e-05,0.0,-0.5932,0.5932
billers,1,0,1,2.8e-05,0.0,-0.5932,0.5932
spit,1,0,1,2.8e-05,0.0,-0.5932,0.5932
cunt,1,0,1,2.8e-05,0.0,-0.5932,0.5932
tantonationalforest,1,0,1,2.8e-05,0.0,-0.5932,0.5932
trade,1,0,1,2.8e-05,0.0,-0.5932,0.5932
nigerians,0,1,1,0.0,3.2e-05,0.7931,0.7931
tire,0,1,1,0.0,3.2e-05,0.7931,0.7931
22days,1,0,1,2.8e-05,0.0,-0.5932,0.5932
breath,1,0,1,2.8e-05,0.0,-0.5932,0.5932
mustve,1,0,1,2.8e-05,0.0,-0.5932,0.5932
lind,1,0,1,2.8e-05,0.0,-0.5932,0.5932
pharrell,1,0,1,2.8e-05,0.0,-0.5932,0.5932
assailant,0,1,1,0.0,3.2e-05,0.7931,0.7931
2007he,0,1,1,0.0,3.2e-05,0.7931,0.7931
heirs,0,1,1,0.0,3.2e-05,0.7931,0.7931
jrowah,0,1,1,0.0,3.2e-05,0.7931,0.7931
cubstalk,1,0,1,2.8e-05,0.0,-0.5932,0.5932
trinna,1,0,1,2.8e-05,0.0,-0.5932,0.5932
rabbit,1,0,1,2.8e-05,0.0,-0.5932,0.5932
preferably,1,0,1,2.8e-05,0.0,-0.5932,0.5932
angela,0,1,1,0.0,3.2e-05,0.7931,0.7931
farce,1,0,1,2.8e-05,0.0,-0.5932,0.5932
gen,1,0,1,2.8e-05,0.0,-0.5932,0.5932
donation,0,1,1,0.0,3.2e-05,0.7931,0.7931
ridah,1,0,1,2.8e-05,0.0,-0.5932,0.5932
benothing,1,0,1,2.8e-05,0.0,-0.5932,0.5932
nashvilletraffic,0,1,1,0.0,3.2e-05,0.7931,0.7931
entirely,1,0,1,2.8e-05,0.0,-0.5932,0.5932
indiakomuntorjawabdo,1,0,1,2.8e-05,0.0,-0.5932,0.5932
diver,0,1,1,0.0,3.2e-05,0.7931,0.7931
slept,1,0,1,2.8e-05,0.0,-0.5932,0.5932
cebu,0,1,1,0.0,3.2e-05,0.7931,0.7931
href,0,1,1,0.0,3.2e-05,0.7931,0.7931
wordk,1,0,1,2.8e-05,0.0,-0.5932,0.5932
radneck,1,0,1,2.8e-05,0.0,-0.5932,0.5932
nook,1,0,1,2.8e-05,0.0,-0.5932,0.5932
lujo,1,0,1,2.8e-05,0.0,-0.5932,0.5932
revere,0,1,1,0.0,3.2e-05,0.7931,0.7931
unharmed,0,1,1,0.0,3.2e-05,0.7931,0.7931
tub,1,0,1,2.8e-05,0.0,-0.5932,0.5932
shouted,0,1,1,0.0,3.2e-05,0.7931,0.7931
bows,1,0,1,2.8e-05,0.0,-0.5932,0.5932
mumbailocals,0,1,1,0.0,3.2e-05,0.7931,0.7931
dealer,1,0,1,2.8e-05,0.0,-0.5932,0.5932
duh,1,0,1,2.8e-05,0.0,-0.5932,0.5932
overdrive,1,0,1,2.8e-05,0.0,-0.5932,0.5932
gns,0,1,1,0.0,3.2e-05,0.7931,0.7931
b2,0,1,1,0.0,3.2e-05,0.7931,0.7931
tangletalk,1,0,1,2.8e-05,0.0,-0.5932,0.5932
dimensions,1,0,1,2.8e-05,0.0,-0.5932,0.5932
urban,0,1,1,0.0,3.2e-05,0.7931,0.7931
ykelquiban,1,0,1,2.8e-05,0.0,-0.5932,0.5932
digitalhealth,1,0,1,2.8e-05,0.0,-0.5932,0.5932
eastwood77,0,1,1,0.0,3.2e-05,0.7931,0.7931
sansa,1,0,1,2.8e-05,0.0,-0.5932,0.5932
scorched,0,1,1,0.0,3.2e-05,0.7931,0.7931
ignorant,1,0,1,2.8e-05,0.0,-0.5932,0.5932
goodluck,0,1,1,0.0,3.2e-05,0.7931,0.7931
odell,1,0,1,2.8e-05,0.0,-0.5932,0.5932
tinder,0,1,1,0.0,3.2e-05,0.7931,0.7931
zionists,0,1,1,0.0,3.2e-05,0.7931,0.7931
calmly,1,0,1,2.8e-05,0.0,-0.5932,0.5932
mipasho,1,0,1,2.8e-05,0.0,-0.5932,0.5932
breast,1,0,1,2.8e-05,0.0,-0.5932,0.5932
dierks,1,0,1,2.8e-05,0.0,-0.5932,0.5932
superstitions,0,1,1,0.0,3.2e-05,0.7931,0.7931
ambleside,1,0,1,2.8e-05,0.0,-0.5932,0.5932
maine,0,1,1,0.0,3.2e-05,0.7931,0.7931
oktxduo,1,0,1,2.8e-05,0.0,-0.5932,0.5932
leos,1,0,1,2.8e-05,0.0,-0.5932,0.5932
wildlife,1,0,1,2.8e-05,0.0,-0.5932,0.5932
pea,0,1,1,0.0,3.2e-05,0.7931,0.7931
mirkwood,1,0,1,2.8e-05,0.0,-0.5932,0.5932
deployed,0,1,1,0.0,3.2e-05,0.7931,0.7931
vigils,0,1,1,0.0,3.2e-05,0.7931,0.7931
wooooooo,1,0,1,2.8e-05,0.0,-0.5932,0.5932
reconnect,0,1,1,0.0,3.2e-05,0.7931,0.7931
ravioli,1,0,1,2.8e-05,0.0,-0.5932,0.5932
remarkably,1,0,1,2.8e-05,0.0,-0.5932,0.5932
overpriced,1,0,1,2.8e-05,0.0,-0.5932,0.5932
narrative,0,1,1,0.0,3.2e-05,0.7931,0.7931
woodchucks,1,0,1,2.8e-05,0.0,-0.5932,0.5932
kappa,0,1,1,0.0,3.2e-05,0.7931,0.7931
nissan,1,0,1,2.8e-05,0.0,-0.5932,0.5932
amman,0,1,1,0.0,3.2e-05,0.7931,0.7931
swollen,0,1,1,0.0,3.2e-05,0.7931,0.7931
papi,1,0,1,2.8e-05,0.0,-0.5932,0.5932
bioterrorismim,0,1,1,0.0,3.2e-05,0.7931,0.7931
typography,1,0,1,2.8e-05,0.0,-0.5932,0.5932
hugomatz,1,0,1,2.8e-05,0.0,-0.5932,0.5932
shootout,0,1,1,0.0,3.2e-05,0.7931,0.7931
inmate,1,0,1,2.8e-05,0.0,-0.5932,0.5932
docks,0,1,1,0.0,3.2e-05,0.7931,0.7931
thirty,0,1,1,0.0,3.2e-05,0.7931,0.7931
snowy,1,0,1,2.8e-05,0.0,-0.5932,0.5932
courtof,1,0,1,2.8e-05,0.0,-0.5932,0.5932
stack,1,0,1,2.8e-05,0.0,-0.5932,0.5932
buffs,1,0,1,2.8e-05,0.0,-0.5932,0.5932
kiri,0,1,1,0.0,3.2e-05,0.7931,0.7931
gunned,1,0,1,2.8e-05,0.0,-0.5932,0.5932
2474,0,1,1,0.0,3.2e-05,0.7931,0.7931
packages,0,1,1,0.0,3.2e-05,0.7931,0.7931
res,0,1,1,0.0,3.2e-05,0.7931,0.7931
unfair,1,0,1,2.8e-05,0.0,-0.5932,0.5932
busted,1,0,1,2.8e-05,0.0,-0.5932,0.5932
reviving,1,0,1,2.8e-05,0.0,-0.5932,0.5932
resque,1,0,1,2.8e-05,0.0,-0.5932,0.5932
angelriveralib,0,1,1,0.0,3.2e-05,0.7931,0.7931
films,0,1,1,0.0,3.2e-05,0.7931,0.7931
benjamin,1,0,1,2.8e-05,0.0,-0.5932,0.5932
resort,0,1,1,0.0,3.2e-05,0.7931,0.7931
malt,1,0,1,2.8e-05,0.0,-0.5932,0.5932
lag,1,0,1,2.8e-05,0.0,-0.5932,0.5932
nut,1,0,1,2.8e-05,0.0,-0.5932,0.5932
sketchbook,1,0,1,2.8e-05,0.0,-0.5932,0.5932
hazards,1,0,1,2.8e-05,0.0,-0.5932,0.5932
secondhand,1,0,1,2.8e-05,0.0,-0.5932,0.5932
hotbox,1,0,1,2.8e-05,0.0,-0.5932,0.5932
tunas,1,0,1,2.8e-05,0.0,-0.5932,0.5932
8960,1,0,1,2.8e-05,0.0,-0.5932,0.5932
flavorchargedtea,1,0,1,2.8e-05,0.0,-0.5932,0.5932
illegally,0,1,1,0.0,3.2e-05,0.7931,0.7931
sinistras,1,0,1,2.8e-05,0.0,-0.5932,0.5932
mccormick,1,0,1,2.8e-05,0.0,-0.5932,0.5932
censorship,1,0,1,2.8e-05,0.0,-0.5932,0.5932
penetrate,1,0,1,2.8e-05,0.0,-0.5932,0.5932
fpoj,1,0,1,2.8e-05,0.0,-0.5932,0.5932
incredulous,0,1,1,0.0,3.2e-05,0.7931,0.7931
omron,1,0,1,2.8e-05,0.0,-0.5932,0.5932
ace,1,0,1,2.8e-05,0.0,-0.5932,0.5932
canadian,0,1,1,0.0,3.2e-05,0.7931,0.7931
snort,1,0,1,2.8e-05,0.0,-0.5932,0.5932
mink,1,0,1,2.8e-05,0.0,-0.5932,0.5932
incompetent,1,0,1,2.8e-05,0.0,-0.5932,0.5932
isle,1,0,1,2.8e-05,0.0,-0.5932,0.5932
doping,1,0,1,2.8e-05,0.0,-0.5932,0.5932
chart,0,1,1,0.0,3.2e-05,0.7931,0.7931
equation,1,0,1,2.8e-05,0.0,-0.5932,0.5932
spx,1,0,1,2.8e-05,0.0,-0.5932,0.5932
sweets,0,1,1,0.0,3.2e-05,0.7931,0.7931
yard,0,1,1,0.0,3.2e-05,0.7931,0.7931
landsli,0,1,1,0.0,3.2e-05,0.7931,0.7931
chords,1,0,1,2.8e-05,0.0,-0.5932,0.5932
roman,0,1,1,0.0,3.2e-05,0.7931,0.7931
ris,1,0,1,2.8e-05,0.0,-0.5932,0.5932
anxietyproblems,1,0,1,2.8e-05,0.0,-0.5932,0.5932
lightningstrike,0,1,1,0.0,3.2e-05,0.7931,0.7931
immigrant,0,1,1,0.0,3.2e-05,0.7931,0.7931
nbc10,0,1,1,0.0,3.2e-05,0.7931,0.7931
magnificent,1,0,1,2.8e-05,0.0,-0.5932,0.5932
lou,1,0,1,2.8e-05,0.0,-0.5932,0.5932
install,1,0,1,2.8e-05,0.0,-0.5932,0.5932
jesuss,0,1,1,0.0,3.2e-05,0.7931,0.7931
baffles,0,1,1,0.0,3.2e-05,0.7931,0.7931
activist,0,1,1,0.0,3.2e-05,0.7931,0.7931
converting,1,0,1,2.8e-05,0.0,-0.5932,0.5932
tours,1,0,1,2.8e-05,0.0,-0.5932,0.5932
poway,1,0,1,2.8e-05,0.0,-0.5932,0.5932
dungeon,1,0,1,2.8e-05,0.0,-0.5932,0.5932
choke,1,0,1,2.8e-05,0.0,-0.5932,0.5932
jungle,0,1,1,0.0,3.2e-05,0.7931,0.7931
socialists,0,1,1,0.0,3.2e-05,0.7931,0.7931
koz,1,0,1,2.8e-05,0.0,-0.5932,0.5932
anu,0,1,1,0.0,3.2e-05,0.7931,0.7931
disorder,0,1,1,0.0,3.2e-05,0.7931,0.7931
splatoon,1,0,1,2.8e-05,0.0,-0.5932,0.5932
wizard,1,0,1,2.8e-05,0.0,-0.5932,0.5932
borgeous,1,0,1,2.8e-05,0.0,-0.5932,0.5932
thou,1,0,1,2.8e-05,0.0,-0.5932,0.5932
prophets,1,0,1,2.8e-05,0.0,-0.5932,0.5932
printed,1,0,1,2.8e-05,0.0,-0.5932,0.5932
lds,1,0,1,2.8e-05,0.0,-0.5932,0.5932
sif,0,1,1,0.0,3.2e-05,0.7931,0.7931
reusing,1,0,1,2.8e-05,0.0,-0.5932,0.5932
bruv,1,0,1,2.8e-05,0.0,-0.5932,0.5932
fx,1,0,1,2.8e-05,0.0,-0.5932,0.5932
thinkpink,1,0,1,2.8e-05,0.0,-0.5932,0.5932
billiton,1,0,1,2.8e-05,0.0,-0.5932,0.5932
globi,0,1,1,0.0,3.2e-05,0.7931,0.7931
marek,1,0,1,2.8e-05,0.0,-0.5932,0.5932
faculty,0,1,1,0.0,3.2e-05,0.7931,0.7931
zodiac,1,0,1,2.8e-05,0.0,-0.5932,0.5932
mcclain,1,0,1,2.8e-05,0.0,-0.5932,0.5932
trc,1,0,1,2.8e-05,0.0,-0.5932,0.5932
motorcycles,0,1,1,0.0,3.2e-05,0.7931,0.7931
appraisal,1,0,1,2.8e-05,0.0,-0.5932,0.5932
starr,1,0,1,2.8e-05,0.0,-0.5932,0.5932
glen,1,0,1,2.8e-05,0.0,-0.5932,0.5932
caesar,1,0,1,2.8e-05,0.0,-0.5932,0.5932
20yrs,1,0,1,2.8e-05,0.0,-0.5932,0.5932
abstract,1,0,1,2.8e-05,0.0,-0.5932,0.5932
fb100,0,1,1,0.0,3.2e-05,0.7931,0.7931
monty,1,0,1,2.8e-05,0.0,-0.5932,0.5932
tloz,1,0,1,2.8e-05,0.0,-0.5932,0.5932
vic,1,0,1,2.8e-05,0.0,-0.5932,0.5932
sevenfigz,0,1,1,0.0,3.2e-05,0.7931,0.7931
farmers,1,0,1,2.8e-05,0.0,-0.5932,0.5932
coffins,1,0,1,2.8e-05,0.0,-0.5932,0.5932
orshow,1,0,1,2.8e-05,0.0,-0.5932,0.5932
summer2k15,1,0,1,2.8e-05,0.0,-0.5932,0.5932
avalanches,0,1,1,0.0,3.2e-05,0.7931,0.7931
ls,1,0,1,2.8e-05,0.0,-0.5932,0.5932
bck,1,0,1,2.8e-05,0.0,-0.5932,0.5932
grit,0,1,1,0.0,3.2e-05,0.7931,0.7931
preseason,1,0,1,2.8e-05,0.0,-0.5932,0.5932
brains,1,0,1,2.8e-05,0.0,-0.5932,0.5932
expansion,1,0,1,2.8e-05,0.0,-0.5932,0.5932
isai,1,0,1,2.8e-05,0.0,-0.5932,0.5932
mirrors,1,0,1,2.8e-05,0.0,-0.5932,0.5932
tutorials,1,0,1,2.8e-05,0.0,-0.5932,0.5932
sothwest,1,0,1,2.8e-05,0.0,-0.5932,0.5932
grant,0,1,1,0.0,3.2e-05,0.7931,0.7931
adverse,0,1,1,0.0,3.2e-05,0.7931,0.7931
britishbakeoff,1,0,1,2.8e-05,0.0,-0.5932,0.5932
aldridge,1,0,1,2.8e-05,0.0,-0.5932,0.5932
crbzfz,1,0,1,2.8e-05,0.0,-0.5932,0.5932
disregard,0,1,1,0.0,3.2e-05,0.7931,0.7931
opportunity,0,1,1,0.0,3.2e-05,0.7931,0.7931
tora,1,0,1,2.8e-05,0.0,-0.5932,0.5932
ina,0,1,1,0.0,3.2e-05,0.7931,0.7931
aggarwal,0,1,1,0.0,3.2e-05,0.7931,0.7931
simmons,1,0,1,2.8e-05,0.0,-0.5932,0.5932
hook,0,1,1,0.0,3.2e-05,0.7931,0.7931
imaginable,0,1,1,0.0,3.2e-05,0.7931,0.7931
pat,0,1,1,0.0,3.2e-05,0.7931,0.7931
ankles,1,0,1,2.8e-05,0.0,-0.5932,0.5932
josephus,1,0,1,2.8e-05,0.0,-0.5932,0.5932
sewage,0,1,1,0.0,3.2e-05,0.7931,0.7931
handicapped,1,0,1,2.8e-05,0.0,-0.5932,0.5932
2b,0,1,1,0.0,3.2e-05,0.7931,0.7931
locomotives,1,0,1,2.8e-05,0.0,-0.5932,0.5932
donington,1,0,1,2.8e-05,0.0,-0.5932,0.5932
stephenscifi,1,0,1,2.8e-05,0.0,-0.5932,0.5932
ermac,1,0,1,2.8e-05,0.0,-0.5932,0.5932
subatomic,1,0,1,2.8e-05,0.0,-0.5932,0.5932
accepts,1,0,1,2.8e-05,0.0,-0.5932,0.5932
chpsre,0,1,1,0.0,3.2e-05,0.7931,0.7931
romania,0,1,1,0.0,3.2e-05,0.7931,0.7931
tracy,1,0,1,2.8e-05,0.0,-0.5932,0.5932
progressives,1,0,1,2.8e-05,0.0,-0.5932,0.5932
renewsit,1,0,1,2.8e-05,0.0,-0.5932,0.5932
stormy,0,1,1,0.0,3.2e-05,0.7931,0.7931
grossly,0,1,1,0.0,3.2e-05,0.7931,0.7931
infections,1,0,1,2.8e-05,0.0,-0.5932,0.5932
shtf,1,0,1,2.8e-05,0.0,-0.5932,0.5932
definite,0,1,1,0.0,3.2e-05,0.7931,0.7931
shopping,1,0,1,2.8e-05,0.0,-0.5932,0.5932
infiltration,1,0,1,2.8e-05,0.0,-0.5932,0.5932
masters,0,1,1,0.0,3.2e-05,0.7931,0.7931
negara,1,0,1,2.8e-05,0.0,-0.5932,0.5932
ghostwriting,0,1,1,0.0,3.2e-05,0.7931,0.7931
gmcr,1,0,1,2.8e-05,0.0,-0.5932,0.5932
bovines,0,1,1,0.0,3.2e-05,0.7931,0.7931
startrek,1,0,1,2.8e-05,0.0,-0.5932,0.5932
kebab,1,0,1,2.8e-05,0.0,-0.5932,0.5932
kijan,1,0,1,2.8e-05,0.0,-0.5932,0.5932
conducted,0,1,1,0.0,3.2e-05,0.7931,0.7931
moblins,1,0,1,2.8e-05,0.0,-0.5932,0.5932
obsolete,1,0,1,2.8e-05,0.0,-0.5932,0.5932
womem,1,0,1,2.8e-05,0.0,-0.5932,0.5932
gasp,1,0,1,2.8e-05,0.0,-0.5932,0.5932
periwinkle,1,0,1,2.8e-05,0.0,-0.5932,0.5932
playstation,1,0,1,2.8e-05,0.0,-0.5932,0.5932
lafayette,0,1,1,0.0,3.2e-05,0.7931,0.7931
carlilescanoelivery,1,0,1,2.8e-05,0.0,-0.5932,0.5932
certainty,1,0,1,2.8e-05,0.0,-0.5932,0.5932
caption,0,1,1,0.0,3.2e-05,0.7931,0.7931
mistrustful,1,0,1,2.8e-05,0.0,-0.5932,0.5932
265v,1,0,1,2.8e-05,0.0,-0.5932,0.5932
gobsmacked,1,0,1,2.8e-05,0.0,-0.5932,0.5932
residualincome,1,0,1,2.8e-05,0.0,-0.5932,0.5932
dvbbs,1,0,1,2.8e-05,0.0,-0.5932,0.5932
12u,1,0,1,2.8e-05,0.0,-0.5932,0.5932
slamming,1,0,1,2.8e-05,0.0,-0.5932,0.5932
ocalan,0,1,1,0.0,3.2e-05,0.7931,0.7931
ffvii,1,0,1,2.8e-05,0.0,-0.5932,0.5932
biblical,0,1,1,0.0,3.2e-05,0.7931,0.7931
ho,1,0,1,2.8e-05,0.0,-0.5932,0.5932
greater,1,0,1,2.8e-05,0.0,-0.5932,0.5932
switching,1,0,1,2.8e-05,0.0,-0.5932,0.5932
hw18,1,0,1,2.8e-05,0.0,-0.5932,0.5932
bearers,1,0,1,2.8e-05,0.0,-0.5932,0.5932
prolong,1,0,1,2.8e-05,0.0,-0.5932,0.5932
nightmares,0,1,1,0.0,3.2e-05,0.7931,0.7931
calculates,1,0,1,2.8e-05,0.0,-0.5932,0.5932
pyrotechnic,0,1,1,0.0,3.2e-05,0.7931,0.7931
dismantling,1,0,1,2.8e-05,0.0,-0.5932,0.5932
metropolitan,1,0,1,2.8e-05,0.0,-0.5932,0.5932
schoolboy,0,1,1,0.0,3.2e-05,0.7931,0.7931
gazebo,1,0,1,2.8e-05,0.0,-0.5932,0.5932
9newsmornings,0,1,1,0.0,3.2e-05,0.7931,0.7931
bridgework,1,0,1,2.8e-05,0.0,-0.5932,0.5932
spen,0,1,1,0.0,3.2e-05,0.7931,0.7931
cuyahoga,1,0,1,2.8e-05,0.0,-0.5932,0.5932
alil,0,1,1,0.0,3.2e-05,0.7931,0.7931
philippi,0,1,1,0.0,3.2e-05,0.7931,0.7931
baked,1,0,1,2.8e-05,0.0,-0.5932,0.5932
investigative,0,1,1,0.0,3.2e-05,0.7931,0.7931
pumpkin,1,0,1,2.8e-05,0.0,-0.5932,0.5932
wipes,0,1,1,0.0,3.2e-05,0.7931,0.7931
rediscover,1,0,1,2.8e-05,0.0,-0.5932,0.5932
leprosy,1,0,1,2.8e-05,0.0,-0.5932,0.5932
milledgeville,0,1,1,0.0,3.2e-05,0.7931,0.7931
martyrs,0,1,1,0.0,3.2e-05,0.7931,0.7931
cheekiness,1,0,1,2.8e-05,0.0,-0.5932,0.5932
tw4rw,1,0,1,2.8e-05,0.0,-0.5932,0.5932
superiority,0,1,1,0.0,3.2e-05,0.7931,0.7931
abject,1,0,1,2.8e-05,0.0,-0.5932,0.5932
slapping,1,0,1,2.8e-05,0.0,-0.5932,0.5932
junko,0,1,1,0.0,3.2e-05,0.7931,0.7931
accepte,0,1,1,0.0,3.2e-05,0.7931,0.7931
abcs,0,1,1,0.0,3.2e-05,0.7931,0.7931
powers,0,1,1,0.0,3.2e-05,0.7931,0.7931
noodles,1,0,1,2.8e-05,0.0,-0.5932,0.5932
jamaicans,1,0,1,2.8e-05,0.0,-0.5932,0.5932
wakeupflorida,1,0,1,2.8e-05,0.0,-0.5932,0.5932
campsite,0,1,1,0.0,3.2e-05,0.7931,0.7931
jacqui,0,1,1,0.0,3.2e-05,0.7931,0.7931
takeaways,1,0,1,2.8e-05,0.0,-0.5932,0.5932
floatin,0,1,1,0.0,3.2e-05,0.7931,0.7931
superintende,0,1,1,0.0,3.2e-05,0.7931,0.7931
m416,1,0,1,2.8e-05,0.0,-0.5932,0.5932
vinnie,1,0,1,2.8e-05,0.0,-0.5932,0.5932
diplomat,0,1,1,0.0,3.2e-05,0.7931,0.7931
wniagospel,1,0,1,2.8e-05,0.0,-0.5932,0.5932
whitewashes,0,1,1,0.0,3.2e-05,0.7931,0.7931
mutt,1,0,1,2.8e-05,0.0,-0.5932,0.5932
whimsy,1,0,1,2.8e-05,0.0,-0.5932,0.5932
voortrekker,0,1,1,0.0,3.2e-05,0.7931,0.7931
segment,1,0,1,2.8e-05,0.0,-0.5932,0.5932
gymflow,1,0,1,2.8e-05,0.0,-0.5932,0.5932
chefs,1,0,1,2.8e-05,0.0,-0.5932,0.5932
contest,1,0,1,2.8e-05,0.0,-0.5932,0.5932
squeezed,1,0,1,2.8e-05,0.0,-0.5932,0.5932
lan,1,0,1,2.8e-05,0.0,-0.5932,0.5932
alwsl,0,1,1,0.0,3.2e-05,0.7931,0.7931
bilic,0,1,1,0.0,3.2e-05,0.7931,0.7931
petty,0,1,1,0.0,3.2e-05,0.7931,0.7931
satire,0,1,1,0.0,3.2e-05,0.7931,0.7931
18th,0,1,1,0.0,3.2e-05,0.7931,0.7931
ssp,0,1,1,0.0,3.2e-05,0.7931,0.7931
exhaustion,0,1,1,0.0,3.2e-05,0.7931,0.7931
relations,1,0,1,2.8e-05,0.0,-0.5932,0.5932
appreciativeinquiry,0,1,1,0.0,3.2e-05,0.7931,0.7931
paraguay,0,1,1,0.0,3.2e-05,0.7931,0.7931
tactical,1,0,1,2.8e-05,0.0,-0.5932,0.5932
observer,1,0,1,2.8e-05,0.0,-0.5932,0.5932
severing,1,0,1,2.8e-05,0.0,-0.5932,0.5932
pp15000266858,0,1,1,0.0,3.2e-05,0.7931,0.7931
boxes,1,0,1,2.8e-05,0.0,-0.5932,0.5932
crest,1,0,1,2.8e-05,0.0,-0.5932,0.5932
conning,1,0,1,2.8e-05,0.0,-0.5932,0.5932
curls,1,0,1,2.8e-05,0.0,-0.5932,0.5932
morality,0,1,1,0.0,3.2e-05,0.7931,0.7931
ursula,0,1,1,0.0,3.2e-05,0.7931,0.7931
deepwater,0,1,1,0.0,3.2e-05,0.7931,0.7931
chrysler,1,0,1,2.8e-05,0.0,-0.5932,0.5932
summon,1,0,1,2.8e-05,0.0,-0.5932,0.5932
hunting,1,0,1,2.8e-05,0.0,-0.5932,0.5932
looooool,1,0,1,2.8e-05,0.0,-0.5932,0.5932
columbus,0,1,1,0.0,3.2e-05,0.7931,0.7931
newly,0,1,1,0.0,3.2e-05,0.7931,0.7931
firefightr,0,1,1,0.0,3.2e-05,0.7931,0.7931
rosalie,0,1,1,0.0,3.2e-05,0.7931,0.7931
141,1,0,1,2.8e-05,0.0,-0.5932,0.5932
60m,0,1,1,0.0,3.2e-05,0.7931,0.7931
modibo,0,1,1,0.0,3.2e-05,0.7931,0.7931
hears,1,0,1,2.8e-05,0.0,-0.5932,0.5932
cantwaittoplayinminneapolis,1,0,1,2.8e-05,0.0,-0.5932,0.5932
careerism,1,0,1,2.8e-05,0.0,-0.5932,0.5932
roofers,0,1,1,0.0,3.2e-05,0.7931,0.7931
stowing,0,1,1,0.0,3.2e-05,0.7931,0.7931
pated,0,1,1,0.0,3.2e-05,0.7931,0.7931
bind,0,1,1,0.0,3.2e-05,0.7931,0.7931
nades,1,0,1,2.8e-05,0.0,-0.5932,0.5932
pacing,1,0,1,2.8e-05,0.0,-0.5932,0.5932
risky,0,1,1,0.0,3.2e-05,0.7931,0.7931
frying,1,0,1,2.8e-05,0.0,-0.5932,0.5932
worseits,1,0,1,2.8e-05,0.0,-0.5932,0.5932
freebitcoin,1,0,1,2.8e-05,0.0,-0.5932,0.5932
oregons,0,1,1,0.0,3.2e-05,0.7931,0.7931
cuffed,1,0,1,2.8e-05,0.0,-0.5932,0.5932
pyjamas,0,1,1,0.0,3.2e-05,0.7931,0.7931
452,1,0,1,2.8e-05,0.0,-0.5932,0.5932
ims,1,0,1,2.8e-05,0.0,-0.5932,0.5932
captureyyc,0,1,1,0.0,3.2e-05,0.7931,0.7931
frats,0,1,1,0.0,3.2e-05,0.7931,0.7931
dojo,1,0,1,2.8e-05,0.0,-0.5932,0.5932
belligerent,0,1,1,0.0,3.2e-05,0.7931,0.7931
cali,0,1,1,0.0,3.2e-05,0.7931,0.7931
lexi,0,1,1,0.0,3.2e-05,0.7931,0.7931
ripples,0,1,1,0.0,3.2e-05,0.7931,0.7931
preseasonworkouts,1,0,1,2.8e-05,0.0,-0.5932,0.5932
blks,1,0,1,2.8e-05,0.0,-0.5932,0.5932
camden,1,0,1,2.8e-05,0.0,-0.5932,0.5932
submitting,1,0,1,2.8e-05,0.0,-0.5932,0.5932
nexus,1,0,1,2.8e-05,0.0,-0.5932,0.5932
nitclub,0,1,1,0.0,3.2e-05,0.7931,0.7931
leicester,1,0,1,2.8e-05,0.0,-0.5932,0.5932
northerncalifornia,0,1,1,0.0,3.2e-05,0.7931,0.7931
sputtering,1,0,1,2.8e-05,0.0,-0.5932,0.5932
elevation,1,0,1,2.8e-05,0.0,-0.5932,0.5932
perceive,1,0,1,2.8e-05,0.0,-0.5932,0.5932
ohlordy,1,0,1,2.8e-05,0.0,-0.5932,0.5932
20mins,1,0,1,2.8e-05,0.0,-0.5932,0.5932
roadworks,0,1,1,0.0,3.2e-05,0.7931,0.7931
renovation,1,0,1,2.8e-05,0.0,-0.5932,0.5932
dajaal,1,0,1,2.8e-05,0.0,-0.5932,0.5932
dive,1,0,1,2.8e-05,0.0,-0.5932,0.5932
storey,0,1,1,0.0,3.2e-05,0.7931,0.7931
dolls,1,0,1,2.8e-05,0.0,-0.5932,0.5932
kidneys,1,0,1,2.8e-05,0.0,-0.5932,0.5932
undergroundbestsellers,1,0,1,2.8e-05,0.0,-0.5932,0.5932
mcgwire,0,1,1,0.0,3.2e-05,0.7931,0.7931
despicable,0,1,1,0.0,3.2e-05,0.7931,0.7931
edmond,0,1,1,0.0,3.2e-05,0.7931,0.7931
pads,1,0,1,2.8e-05,0.0,-0.5932,0.5932
maxsys,1,0,1,2.8e-05,0.0,-0.5932,0.5932
mileena,1,0,1,2.8e-05,0.0,-0.5932,0.5932
petersburg,1,0,1,2.8e-05,0.0,-0.5932,0.5932
dominance,1,0,1,2.8e-05,0.0,-0.5932,0.5932
sarcastic,1,0,1,2.8e-05,0.0,-0.5932,0.5932
amateur,0,1,1,0.0,3.2e-05,0.7931,0.7931
yee,1,0,1,2.8e-05,0.0,-0.5932,0.5932
4head,1,0,1,2.8e-05,0.0,-0.5932,0.5932
buts,1,0,1,2.8e-05,0.0,-0.5932,0.5932
deserved,1,0,1,2.8e-05,0.0,-0.5932,0.5932
mydrought,0,1,1,0.0,3.2e-05,0.7931,0.7931
tricky,0,1,1,0.0,3.2e-05,0.7931,0.7931
dull,1,0,1,2.8e-05,0.0,-0.5932,0.5932
daubt,1,0,1,2.8e-05,0.0,-0.5932,0.5932
longevity,0,1,1,0.0,3.2e-05,0.7931,0.7931
sunburst,1,0,1,2.8e-05,0.0,-0.5932,0.5932
imply,0,1,1,0.0,3.2e-05,0.7931,0.7931
44,1,0,1,2.8e-05,0.0,-0.5932,0.5932
aggression,1,0,1,2.8e-05,0.0,-0.5932,0.5932
fulfilling,1,0,1,2.8e-05,0.0,-0.5932,0.5932
spurgeon,1,0,1,2.8e-05,0.0,-0.5932,0.5932
mocked,1,0,1,2.8e-05,0.0,-0.5932,0.5932
stones,1,0,1,2.8e-05,0.0,-0.5932,0.5932
dawson,1,0,1,2.8e-05,0.0,-0.5932,0.5932
overturns,0,1,1,0.0,3.2e-05,0.7931,0.7931
knocks,0,1,1,0.0,3.2e-05,0.7931,0.7931
rlyeh,1,0,1,2.8e-05,0.0,-0.5932,0.5932
spell,1,0,1,2.8e-05,0.0,-0.5932,0.5932
ranks,0,1,1,0.0,3.2e-05,0.7931,0.7931
trailheads,0,1,1,0.0,3.2e-05,0.7931,0.7931
ferrells,0,1,1,0.0,3.2e-05,0.7931,0.7931
hist,0,1,1,0.0,3.2e-05,0.7931,0.7931
ckec,0,1,1,0.0,3.2e-05,0.7931,0.7931
billy,0,1,1,0.0,3.2e-05,0.7931,0.7931
applied,0,1,1,0.0,3.2e-05,0.7931,0.7931
taliban,0,1,1,0.0,3.2e-05,0.7931,0.7931
buddhas,0,1,1,0.0,3.2e-05,0.7931,0.7931
kamon,1,0,1,2.8e-05,0.0,-0.5932,0.5932
rs40000cr,1,0,1,2.8e-05,0.0,-0.5932,0.5932
prettyboyshyflizzy,1,0,1,2.8e-05,0.0,-0.5932,0.5932
6pm,0,1,1,0.0,3.2e-05,0.7931,0.7931
studies,0,1,1,0.0,3.2e-05,0.7931,0.7931
utp,1,0,1,2.8e-05,0.0,-0.5932,0.5932
libyan,0,1,1,0.0,3.2e-05,0.7931,0.7931
tweeting,1,0,1,2.8e-05,0.0,-0.5932,0.5932
strains,1,0,1,2.8e-05,0.0,-0.5932,0.5932
xekstrin,1,0,1,2.8e-05,0.0,-0.5932,0.5932
metropolis,0,1,1,0.0,3.2e-05,0.7931,0.7931
criticalmedia,0,1,1,0.0,3.2e-05,0.7931,0.7931
rolandonabeats,1,0,1,2.8e-05,0.0,-0.5932,0.5932
pugwash,0,1,1,0.0,3.2e-05,0.7931,0.7931
sliding,0,1,1,0.0,3.2e-05,0.7931,0.7931
component,0,1,1,0.0,3.2e-05,0.7931,0.7931
indistinguishable,0,1,1,0.0,3.2e-05,0.7931,0.7931
crossfit,1,0,1,2.8e-05,0.0,-0.5932,0.5932
gunfight,0,1,1,0.0,3.2e-05,0.7931,0.7931
spotting,1,0,1,2.8e-05,0.0,-0.5932,0.5932
hagerstown,0,1,1,0.0,3.2e-05,0.7931,0.7931
jtw,1,0,1,2.8e-05,0.0,-0.5932,0.5932
scichat,0,1,1,0.0,3.2e-05,0.7931,0.7931
immigration,0,1,1,0.0,3.2e-05,0.7931,0.7931
contemporary,1,0,1,2.8e-05,0.0,-0.5932,0.5932
lipstick,1,0,1,2.8e-05,0.0,-0.5932,0.5932
uruan,1,0,1,2.8e-05,0.0,-0.5932,0.5932
pajamas,1,0,1,2.8e-05,0.0,-0.5932,0.5932
organizing,1,0,1,2.8e-05,0.0,-0.5932,0.5932
tvjnews,0,1,1,0.0,3.2e-05,0.7931,0.7931
billionaires,1,0,1,2.8e-05,0.0,-0.5932,0.5932
wise,1,0,1,2.8e-05,0.0,-0.5932,0.5932
viscous,1,0,1,2.8e-05,0.0,-0.5932,0.5932
bday,1,0,1,2.8e-05,0.0,-0.5932,0.5932
dubbo,0,1,1,0.0,3.2e-05,0.7931,0.7931
midsummer,1,0,1,2.8e-05,0.0,-0.5932,0.5932
sifting,1,0,1,2.8e-05,0.0,-0.5932,0.5932
splatdown,1,0,1,2.8e-05,0.0,-0.5932,0.5932
thailand,0,1,1,0.0,3.2e-05,0.7931,0.7931
mrw,0,1,1,0.0,3.2e-05,0.7931,0.7931
khq,0,1,1,0.0,3.2e-05,0.7931,0.7931
argh,1,0,1,2.8e-05,0.0,-0.5932,0.5932
confesses,0,1,1,0.0,3.2e-05,0.7931,0.7931
shite,1,0,1,2.8e-05,0.0,-0.5932,0.5932
seaworld,0,1,1,0.0,3.2e-05,0.7931,0.7931
bastard,1,0,1,2.8e-05,0.0,-0.5932,0.5932
mainline,0,1,1,0.0,3.2e-05,0.7931,0.7931
assassins,1,0,1,2.8e-05,0.0,-0.5932,0.5932
ellie,1,0,1,2.8e-05,0.0,-0.5932,0.5932
splash,0,1,1,0.0,3.2e-05,0.7931,0.7931
ransomware,1,0,1,2.8e-05,0.0,-0.5932,0.5932
vast,1,0,1,2.8e-05,0.0,-0.5932,0.5932
hater,1,0,1,2.8e-05,0.0,-0.5932,0.5932
pediatric,1,0,1,2.8e-05,0.0,-0.5932,0.5932
labor,1,0,1,2.8e-05,0.0,-0.5932,0.5932
eversafe,0,1,1,0.0,3.2e-05,0.7931,0.7931
barking,1,0,1,2.8e-05,0.0,-0.5932,0.5932
freezer,1,0,1,2.8e-05,0.0,-0.5932,0.5932
paramedics,1,0,1,2.8e-05,0.0,-0.5932,0.5932
noches,1,0,1,2.8e-05,0.0,-0.5932,0.5932
kbak,0,1,1,0.0,3.2e-05,0.7931,0.7931
taxi,0,1,1,0.0,3.2e-05,0.7931,0.7931
faq,1,0,1,2.8e-05,0.0,-0.5932,0.5932
narrated,1,0,1,2.8e-05,0.0,-0.5932,0.5932
troupe,1,0,1,2.8e-05,0.0,-0.5932,0.5932
warthen,1,0,1,2.8e-05,0.0,-0.5932,0.5932
vacancies,1,0,1,2.8e-05,0.0,-0.5932,0.5932
briliantly,0,1,1,0.0,3.2e-05,0.7931,0.7931
238,1,0,1,2.8e-05,0.0,-0.5932,0.5932
tournaments,1,0,1,2.8e-05,0.0,-0.5932,0.5932
blowltan,0,1,1,0.0,3.2e-05,0.7931,0.7931
alt,0,1,1,0.0,3.2e-05,0.7931,0.7931
178,0,1,1,0.0,3.2e-05,0.7931,0.7931
skye,1,0,1,2.8e-05,0.0,-0.5932,0.5932
ensued,1,0,1,2.8e-05,0.0,-0.5932,0.5932
scratching,1,0,1,2.8e-05,0.0,-0.5932,0.5932
sweetpeas,0,1,1,0.0,3.2e-05,0.7931,0.7931
japanjapan,0,1,1,0.0,3.2e-05,0.7931,0.7931
balcony,0,1,1,0.0,3.2e-05,0.7931,0.7931
parkchat,1,0,1,2.8e-05,0.0,-0.5932,0.5932
pours,0,1,1,0.0,3.2e-05,0.7931,0.7931
jolie,1,0,1,2.8e-05,0.0,-0.5932,0.5932
syd,0,1,1,0.0,3.2e-05,0.7931,0.7931
occupational,1,0,1,2.8e-05,0.0,-0.5932,0.5932
bitcoing,0,1,1,0.0,3.2e-05,0.7931,0.7931
reserves,0,1,1,0.0,3.2e-05,0.7931,0.7931
g20,1,0,1,2.8e-05,0.0,-0.5932,0.5932
clergyforced,0,1,1,0.0,3.2e-05,0.7931,0.7931
sht,1,0,1,2.8e-05,0.0,-0.5932,0.5932
sanity,0,1,1,0.0,3.2e-05,0.7931,0.7931
mxaaaa,1,0,1,2.8e-05,0.0,-0.5932,0.5932
farts,1,0,1,2.8e-05,0.0,-0.5932,0.5932
hindsight,1,0,1,2.8e-05,0.0,-0.5932,0.5932
scoopit,0,1,1,0.0,3.2e-05,0.7931,0.7931
soc,1,0,1,2.8e-05,0.0,-0.5932,0.5932
mazda,1,0,1,2.8e-05,0.0,-0.5932,0.5932
inbetween,1,0,1,2.8e-05,0.0,-0.5932,0.5932
darwinism,0,1,1,0.0,3.2e-05,0.7931,0.7931
rum,1,0,1,2.8e-05,0.0,-0.5932,0.5932
9km,0,1,1,0.0,3.2e-05,0.7931,0.7931
cor4,0,1,1,0.0,3.2e-05,0.7931,0.7931
depot,0,1,1,0.0,3.2e-05,0.7931,0.7931
clicks,1,0,1,2.8e-05,0.0,-0.5932,0.5932
cork,0,1,1,0.0,3.2e-05,0.7931,0.7931
autismawareness,1,0,1,2.8e-05,0.0,-0.5932,0.5932
beyondgps,1,0,1,2.8e-05,0.0,-0.5932,0.5932
grandmother,0,1,1,0.0,3.2e-05,0.7931,0.7931
jsdf,0,1,1,0.0,3.2e-05,0.7931,0.7931
spread,0,1,1,0.0,3.2e-05,0.7931,0.7931
filmmakers,1,0,1,2.8e-05,0.0,-0.5932,0.5932
courageous,0,1,1,0.0,3.2e-05,0.7931,0.7931
143,0,1,1,0.0,3.2e-05,0.7931,0.7931
advances,1,0,1,2.8e-05,0.0,-0.5932,0.5932
rosenthal,1,0,1,2.8e-05,0.0,-0.5932,0.5932
14th,0,1,1,0.0,3.2e-05,0.7931,0.7931
microbes,1,0,1,2.8e-05,0.0,-0.5932,0.5932
friedman,0,1,1,0.0,3.2e-05,0.7931,0.7931
consistent,1,0,1,2.8e-05,0.0,-0.5932,0.5932
sweeps,0,1,1,0.0,3.2e-05,0.7931,0.7931
hopeinchrist,0,1,1,0.0,3.2e-05,0.7931,0.7931
proc,1,0,1,2.8e-05,0.0,-0.5932,0.5932
prosecute,1,0,1,2.8e-05,0.0,-0.5932,0.5932
masterpiece,1,0,1,2.8e-05,0.0,-0.5932,0.5932
shemesh,0,1,1,0.0,3.2e-05,0.7931,0.7931
eheks,1,0,1,2.8e-05,0.0,-0.5932,0.5932
xboxone,1,0,1,2.8e-05,0.0,-0.5932,0.5932
spokane,0,1,1,0.0,3.2e-05,0.7931,0.7931
superb,1,0,1,2.8e-05,0.0,-0.5932,0.5932
barfield,1,0,1,2.8e-05,0.0,-0.5932,0.5932
benchmark,1,0,1,2.8e-05,0.0,-0.5932,0.5932
modoc,0,1,1,0.0,3.2e-05,0.7931,0.7931
sued,1,0,1,2.8e-05,0.0,-0.5932,0.5932
nanking,0,1,1,0.0,3.2e-05,0.7931,0.7931
wholesaleent,1,0,1,2.8e-05,0.0,-0.5932,0.5932
godlike,0,1,1,0.0,3.2e-05,0.7931,0.7931
charred,0,1,1,0.0,3.2e-05,0.7931,0.7931
receives,0,1,1,0.0,3.2e-05,0.7931,0.7931
gyp,1,0,1,2.8e-05,0.0,-0.5932,0.5932
coates,0,1,1,0.0,3.2e-05,0.7931,0.7931
prove,1,0,1,2.8e-05,0.0,-0.5932,0.5932
porno,1,0,1,2.8e-05,0.0,-0.5932,0.5932
amritsar,0,1,1,0.0,3.2e-05,0.7931,0.7931
hugs,1,0,1,2.8e-05,0.0,-0.5932,0.5932
jasons,1,0,1,2.8e-05,0.0,-0.5932,0.5932
equestrian,0,1,1,0.0,3.2e-05,0.7931,0.7931
unsurprisingly,0,1,1,0.0,3.2e-05,0.7931,0.7931
negligence,0,1,1,0.0,3.2e-05,0.7931,0.7931
periscope,1,0,1,2.8e-05,0.0,-0.5932,0.5932
yamaguchi,0,1,1,0.0,3.2e-05,0.7931,0.7931
su,1,0,1,2.8e-05,0.0,-0.5932,0.5932
mx,1,0,1,2.8e-05,0.0,-0.5932,0.5932
annoucement,1,0,1,2.8e-05,0.0,-0.5932,0.5932
collegeradi,0,1,1,0.0,3.2e-05,0.7931,0.7931
versus,0,1,1,0.0,3.2e-05,0.7931,0.7931
1800s,0,1,1,0.0,3.2e-05,0.7931,0.7931
thereof,0,1,1,0.0,3.2e-05,0.7931,0.7931
romanticsuspense,1,0,1,2.8e-05,0.0,-0.5932,0.5932
intended,1,0,1,2.8e-05,0.0,-0.5932,0.5932
garage,0,1,1,0.0,3.2e-05,0.7931,0.7931
lizard,1,0,1,2.8e-05,0.0,-0.5932,0.5932
thorgan,1,0,1,2.8e-05,0.0,-0.5932,0.5932
cantmakeitup,1,0,1,2.8e-05,0.0,-0.5932,0.5932
beconfident,1,0,1,2.8e-05,0.0,-0.5932,0.5932
randomthought,1,0,1,2.8e-05,0.0,-0.5932,0.5932
infectiousdiseases,0,1,1,0.0,3.2e-05,0.7931,0.7931
pams,1,0,1,2.8e-05,0.0,-0.5932,0.5932
guthrie,0,1,1,0.0,3.2e-05,0.7931,0.7931
edwin,1,0,1,2.8e-05,0.0,-0.5932,0.5932
davison,0,1,1,0.0,3.2e-05,0.7931,0.7931
idlenomore,0,1,1,0.0,3.2e-05,0.7931,0.7931
x1386,1,0,1,2.8e-05,0.0,-0.5932,0.5932
savour,1,0,1,2.8e-05,0.0,-0.5932,0.5932
peta,1,0,1,2.8e-05,0.0,-0.5932,0.5932
canal,1,0,1,2.8e-05,0.0,-0.5932,0.5932
specialize,1,0,1,2.8e-05,0.0,-0.5932,0.5932
radler,1,0,1,2.8e-05,0.0,-0.5932,0.5932
beloeil,1,0,1,2.8e-05,0.0,-0.5932,0.5932
lesbians,0,1,1,0.0,3.2e-05,0.7931,0.7931
filter,1,0,1,2.8e-05,0.0,-0.5932,0.5932
religious,1,0,1,2.8e-05,0.0,-0.5932,0.5932
futurea,1,0,1,2.8e-05,0.0,-0.5932,0.5932
wn,0,1,1,0.0,3.2e-05,0.7931,0.7931
smb,0,1,1,0.0,3.2e-05,0.7931,0.7931
hhbu,1,0,1,2.8e-05,0.0,-0.5932,0.5932
superpower,1,0,1,2.8e-05,0.0,-0.5932,0.5932
lincoln,0,1,1,0.0,3.2e-05,0.7931,0.7931
tweet4taiji,0,1,1,0.0,3.2e-05,0.7931,0.7931
stalled,1,0,1,2.8e-05,0.0,-0.5932,0.5932
celebration,1,0,1,2.8e-05,0.0,-0.5932,0.5932
contribute,1,0,1,2.8e-05,0.0,-0.5932,0.5932
commencement,1,0,1,2.8e-05,0.0,-0.5932,0.5932
ana,0,1,1,0.0,3.2e-05,0.7931,0.7931
redwing,0,1,1,0.0,3.2e-05,0.7931,0.7931
deluded,0,1,1,0.0,3.2e-05,0.7931,0.7931
wander,1,0,1,2.8e-05,0.0,-0.5932,0.5932
competitiveness,0,1,1,0.0,3.2e-05,0.7931,0.7931
silverman,1,0,1,2.8e-05,0.0,-0.5932,0.5932
misha,1,0,1,2.8e-05,0.0,-0.5932,0.5932
inject,1,0,1,2.8e-05,0.0,-0.5932,0.5932
thatd,0,1,1,0.0,3.2e-05,0.7931,0.7931
mlk,1,0,1,2.8e-05,0.0,-0.5932,0.5932
organisms,0,1,1,0.0,3.2e-05,0.7931,0.7931
extent,1,0,1,2.8e-05,0.0,-0.5932,0.5932
engle,1,0,1,2.8e-05,0.0,-0.5932,0.5932
lockdown,0,1,1,0.0,3.2e-05,0.7931,0.7931
mwednesday,0,1,1,0.0,3.2e-05,0.7931,0.7931
usw,1,0,1,2.8e-05,0.0,-0.5932,0.5932
64oz,1,0,1,2.8e-05,0.0,-0.5932,0.5932
smoothed,1,0,1,2.8e-05,0.0,-0.5932,0.5932
manga,0,1,1,0.0,3.2e-05,0.7931,0.7931
tourists,1,0,1,2.8e-05,0.0,-0.5932,0.5932
replacement,1,0,1,2.8e-05,0.0,-0.5932,0.5932
crushes,0,1,1,0.0,3.2e-05,0.7931,0.7931
deactivated,0,1,1,0.0,3.2e-05,0.7931,0.7931
ce,1,0,1,2.8e-05,0.0,-0.5932,0.5932
rts,0,1,1,0.0,3.2e-05,0.7931,0.7931
recoil,1,0,1,2.8e-05,0.0,-0.5932,0.5932
crown,0,1,1,0.0,3.2e-05,0.7931,0.7931
vanished,0,1,1,0.0,3.2e-05,0.7931,0.7931
sheriffs,0,1,1,0.0,3.2e-05,0.7931,0.7931
scraped,1,0,1,2.8e-05,0.0,-0.5932,0.5932
resting,1,0,1,2.8e-05,0.0,-0.5932,0.5932
crocodile,0,1,1,0.0,3.2e-05,0.7931,0.7931
banthebomb,0,1,1,0.0,3.2e-05,0.7931,0.7931
representative,1,0,1,2.8e-05,0.0,-0.5932,0.5932
ableg,0,1,1,0.0,3.2e-05,0.7931,0.7931
tna,1,0,1,2.8e-05,0.0,-0.5932,0.5932
cobes,1,0,1,2.8e-05,0.0,-0.5932,0.5932
chicagoscanner,0,1,1,0.0,3.2e-05,0.7931,0.7931
cosmetic,1,0,1,2.8e-05,0.0,-0.5932,0.5932
nazis,1,0,1,2.8e-05,0.0,-0.5932,0.5932
cabbage,1,0,1,2.8e-05,0.0,-0.5932,0.5932
nochilllukehammings,0,1,1,0.0,3.2e-05,0.7931,0.7931
ramp,0,1,1,0.0,3.2e-05,0.7931,0.7931
byproduct,0,1,1,0.0,3.2e-05,0.7931,0.7931
isea2015,1,0,1,2.8e-05,0.0,-0.5932,0.5932
foreman,0,1,1,0.0,3.2e-05,0.7931,0.7931
ditto,1,0,1,2.8e-05,0.0,-0.5932,0.5932
tos,1,0,1,2.8e-05,0.0,-0.5932,0.5932
blaise,1,0,1,2.8e-05,0.0,-0.5932,0.5932
hm,0,1,1,0.0,3.2e-05,0.7931,0.7931
tattooed,0,1,1,0.0,3.2e-05,0.7931,0.7931
latino,0,1,1,0.0,3.2e-05,0.7931,0.7931
designer,1,0,1,2.8e-05,0.0,-0.5932,0.5932
depressed,1,0,1,2.8e-05,0.0,-0.5932,0.5932
pedro,1,0,1,2.8e-05,0.0,-0.5932,0.5932
jiwonle,1,0,1,2.8e-05,0.0,-0.5932,0.5932
moonbeam,0,1,1,0.0,3.2e-05,0.7931,0.7931
chapoutier,1,0,1,2.8e-05,0.0,-0.5932,0.5932
sr14,0,1,1,0.0,3.2e-05,0.7931,0.7931
325ci,0,1,1,0.0,3.2e-05,0.7931,0.7931
drako,1,0,1,2.8e-05,0.0,-0.5932,0.5932
redistribute,0,1,1,0.0,3.2e-05,0.7931,0.7931
elephants,1,0,1,2.8e-05,0.0,-0.5932,0.5932
playa,1,0,1,2.8e-05,0.0,-0.5932,0.5932
reafs,1,0,1,2.8e-05,0.0,-0.5932,0.5932
piperwearsthepants,1,0,1,2.8e-05,0.0,-0.5932,0.5932
puck,1,0,1,2.8e-05,0.0,-0.5932,0.5932
blackburns,1,0,1,2.8e-05,0.0,-0.5932,0.5932
anarchy,0,1,1,0.0,3.2e-05,0.7931,0.7931
identification,1,0,1,2.8e-05,0.0,-0.5932,0.5932
worsen,0,1,1,0.0,3.2e-05,0.7931,0.7931
suho,1,0,1,2.8e-05,0.0,-0.5932,0.5932
lana,1,0,1,2.8e-05,0.0,-0.5932,0.5932
workforce,1,0,1,2.8e-05,0.0,-0.5932,0.5932
echoes,1,0,1,2.8e-05,0.0,-0.5932,0.5932
implode,1,0,1,2.8e-05,0.0,-0.5932,0.5932
brinx,1,0,1,2.8e-05,0.0,-0.5932,0.5932
61,1,0,1,2.8e-05,0.0,-0.5932,0.5932
vector,1,0,1,2.8e-05,0.0,-0.5932,0.5932
lessonforlife,0,1,1,0.0,3.2e-05,0.7931,0.7931
arranged,0,1,1,0.0,3.2e-05,0.7931,0.7931
seattles,0,1,1,0.0,3.2e-05,0.7931,0.7931
noxdv,1,0,1,2.8e-05,0.0,-0.5932,0.5932
honor,0,1,1,0.0,3.2e-05,0.7931,0.7931
foothill,0,1,1,0.0,3.2e-05,0.7931,0.7931
kodak,1,0,1,2.8e-05,0.0,-0.5932,0.5932
halfway,0,1,1,0.0,3.2e-05,0.7931,0.7931
ndtv,0,1,1,0.0,3.2e-05,0.7931,0.7931
onshit,1,0,1,2.8e-05,0.0,-0.5932,0.5932
morebut,1,0,1,2.8e-05,0.0,-0.5932,0.5932
yelled,1,0,1,2.8e-05,0.0,-0.5932,0.5932
inches,1,0,1,2.8e-05,0.0,-0.5932,0.5932
gainesville,0,1,1,0.0,3.2e-05,0.7931,0.7931
dcubecrafts,1,0,1,2.8e-05,0.0,-0.5932,0.5932
co2,0,1,1,0.0,3.2e-05,0.7931,0.7931
embrace,1,0,1,2.8e-05,0.0,-0.5932,0.5932
fforecast,1,0,1,2.8e-05,0.0,-0.5932,0.5932
avenged,1,0,1,2.8e-05,0.0,-0.5932,0.5932
mindless,1,0,1,2.8e-05,0.0,-0.5932,0.5932
otleyhour,1,0,1,2.8e-05,0.0,-0.5932,0.5932
gadget,1,0,1,2.8e-05,0.0,-0.5932,0.5932
coastguard,0,1,1,0.0,3.2e-05,0.7931,0.7931
views,1,0,1,2.8e-05,0.0,-0.5932,0.5932
ghe,1,0,1,2.8e-05,0.0,-0.5932,0.5932
eur,1,0,1,2.8e-05,0.0,-0.5932,0.5932
silenced,1,0,1,2.8e-05,0.0,-0.5932,0.5932
sfor,1,0,1,2.8e-05,0.0,-0.5932,0.5932
condenses,0,1,1,0.0,3.2e-05,0.7931,0.7931
panicked,1,0,1,2.8e-05,0.0,-0.5932,0.5932
roblox,1,0,1,2.8e-05,0.0,-0.5932,0.5932
mainly,1,0,1,2.8e-05,0.0,-0.5932,0.5932
sufficiently,0,1,1,0.0,3.2e-05,0.7931,0.7931
drumpf,1,0,1,2.8e-05,0.0,-0.5932,0.5932
breakdancers,1,0,1,2.8e-05,0.0,-0.5932,0.5932
4yygb,0,1,1,0.0,3.2e-05,0.7931,0.7931
bwin,1,0,1,2.8e-05,0.0,-0.5932,0.5932
stlnd,1,0,1,2.8e-05,0.0,-0.5932,0.5932
skull,0,1,1,0.0,3.2e-05,0.7931,0.7931
293,0,1,1,0.0,3.2e-05,0.7931,0.7931
tasted,1,0,1,2.8e-05,0.0,-0.5932,0.5932
11am,1,0,1,2.8e-05,0.0,-0.5932,0.5932
plsss,0,1,1,0.0,3.2e-05,0.7931,0.7931
tightly,1,0,1,2.8e-05,0.0,-0.5932,0.5932
willow,1,0,1,2.8e-05,0.0,-0.5932,0.5932
gansey,0,1,1,0.0,3.2e-05,0.7931,0.7931
interactions,0,1,1,0.0,3.2e-05,0.7931,0.7931
slums,0,1,1,0.0,3.2e-05,0.7931,0.7931
mason,1,0,1,2.8e-05,0.0,-0.5932,0.5932
fitz,1,0,1,2.8e-05,0.0,-0.5932,0.5932
bland,0,1,1,0.0,3.2e-05,0.7931,0.7931
coolest,1,0,1,2.8e-05,0.0,-0.5932,0.5932
newidea,1,0,1,2.8e-05,0.0,-0.5932,0.5932
blowers,1,0,1,2.8e-05,0.0,-0.5932,0.5932
votes,1,0,1,2.8e-05,0.0,-0.5932,0.5932
taipei,0,1,1,0.0,3.2e-05,0.7931,0.7931
playthrough,1,0,1,2.8e-05,0.0,-0.5932,0.5932
politic,1,0,1,2.8e-05,0.0,-0.5932,0.5932
vallerand,1,0,1,2.8e-05,0.0,-0.5932,0.5932
oils,1,0,1,2.8e-05,0.0,-0.5932,0.5932
vita,1,0,1,2.8e-05,0.0,-0.5932,0.5932
grupdates,0,1,1,0.0,3.2e-05,0.7931,0.7931
assault,1,0,1,2.8e-05,0.0,-0.5932,0.5932
blossom,0,1,1,0.0,3.2e-05,0.7931,0.7931
vela,1,0,1,2.8e-05,0.0,-0.5932,0.5932
shadowman,1,0,1,2.8e-05,0.0,-0.5932,0.5932
legitimate,0,1,1,0.0,3.2e-05,0.7931,0.7931
iphoto,1,0,1,2.8e-05,0.0,-0.5932,0.5932
noooooooooooo,1,0,1,2.8e-05,0.0,-0.5932,0.5932
lynch,1,0,1,2.8e-05,0.0,-0.5932,0.5932
dialyses,1,0,1,2.8e-05,0.0,-0.5932,0.5932
tejc,1,0,1,2.8e-05,0.0,-0.5932,0.5932
marinading,1,0,1,2.8e-05,0.0,-0.5932,0.5932
reflections,1,0,1,2.8e-05,0.0,-0.5932,0.5932
debates,1,0,1,2.8e-05,0.0,-0.5932,0.5932
welovela,1,0,1,2.8e-05,0.0,-0.5932,0.5932
rigged,0,1,1,0.0,3.2e-05,0.7931,0.7931
thatswhatfriendsarefor,1,0,1,2.8e-05,0.0,-0.5932,0.5932
buck,1,0,1,2.8e-05,0.0,-0.5932,0.5932
movt,0,1,1,0.0,3.2e-05,0.7931,0.7931
springer,0,1,1,0.0,3.2e-05,0.7931,0.7931
iiii,0,1,1,0.0,3.2e-05,0.7931,0.7931
redcliffe,0,1,1,0.0,3.2e-05,0.7931,0.7931
lhh,1,0,1,2.8e-05,0.0,-0.5932,0.5932
laighign,1,0,1,2.8e-05,0.0,-0.5932,0.5932
hav,1,0,1,2.8e-05,0.0,-0.5932,0.5932
width,0,1,1,0.0,3.2e-05,0.7931,0.7931
wsjthinktank,1,0,1,2.8e-05,0.0,-0.5932,0.5932
40mln,1,0,1,2.8e-05,0.0,-0.5932,0.5932
punishing,0,1,1,0.0,3.2e-05,0.7931,0.7931
liberty,1,0,1,2.8e-05,0.0,-0.5932,0.5932
droppd,1,0,1,2.8e-05,0.0,-0.5932,0.5932
bebacksoon,0,1,1,0.0,3.2e-05,0.7931,0.7931
sharia,0,1,1,0.0,3.2e-05,0.7931,0.7931
iheartradio,1,0,1,2.8e-05,0.0,-0.5932,0.5932
wheels,1,0,1,2.8e-05,0.0,-0.5932,0.5932
partake,1,0,1,2.8e-05,0.0,-0.5932,0.5932
normally,1,0,1,2.8e-05,0.0,-0.5932,0.5932
vale,0,1,1,0.0,3.2e-05,0.7931,0.7931
cloudy,1,0,1,2.8e-05,0.0,-0.5932,0.5932
subtle,1,0,1,2.8e-05,0.0,-0.5932,0.5932
swords,1,0,1,2.8e-05,0.0,-0.5932,0.5932
aggressif,1,0,1,2.8e-05,0.0,-0.5932,0.5932
kaiser,1,0,1,2.8e-05,0.0,-0.5932,0.5932
artisteoftheweekfact,1,0,1,2.8e-05,0.0,-0.5932,0.5932
benzema,0,1,1,0.0,3.2e-05,0.7931,0.7931
tracey,1,0,1,2.8e-05,0.0,-0.5932,0.5932
grimes,1,0,1,2.8e-05,0.0,-0.5932,0.5932
chopped,1,0,1,2.8e-05,0.0,-0.5932,0.5932
katt,1,0,1,2.8e-05,0.0,-0.5932,0.5932
violets,1,0,1,2.8e-05,0.0,-0.5932,0.5932
faved,1,0,1,2.8e-05,0.0,-0.5932,0.5932
navigate,1,0,1,2.8e-05,0.0,-0.5932,0.5932
fricken,1,0,1,2.8e-05,0.0,-0.5932,0.5932
tlk,1,0,1,2.8e-05,0.0,-0.5932,0.5932
civility,1,0,1,2.8e-05,0.0,-0.5932,0.5932
suitable,1,0,1,2.8e-05,0.0,-0.5932,0.5932
dualcom,1,0,1,2.8e-05,0.0,-0.5932,0.5932
qld,0,1,1,0.0,3.2e-05,0.7931,0.7931
submitt,0,1,1,0.0,3.2e-05,0.7931,0.7931
boyd,1,0,1,2.8e-05,0.0,-0.5932,0.5932
intense,0,1,1,0.0,3.2e-05,0.7931,0.7931
ineedexposure,1,0,1,2.8e-05,0.0,-0.5932,0.5932
protestors,0,1,1,0.0,3.2e-05,0.7931,0.7931
slam,0,1,1,0.0,3.2e-05,0.7931,0.7931
jaileens,1,0,1,2.8e-05,0.0,-0.5932,0.5932
rewatchingthepilot,1,0,1,2.8e-05,0.0,-0.5932,0.5932
hubert,0,1,1,0.0,3.2e-05,0.7931,0.7931
proposal,1,0,1,2.8e-05,0.0,-0.5932,0.5932
plastics,1,0,1,2.8e-05,0.0,-0.5932,0.5932
ipo,1,0,1,2.8e-05,0.0,-0.5932,0.5932
railed,0,1,1,0.0,3.2e-05,0.7931,0.7931
referred,0,1,1,0.0,3.2e-05,0.7931,0.7931
yikes,0,1,1,0.0,3.2e-05,0.7931,0.7931
astrologian,1,0,1,2.8e-05,0.0,-0.5932,0.5932
econom,1,0,1,2.8e-05,0.0,-0.5932,0.5932
sona,1,0,1,2.8e-05,0.0,-0.5932,0.5932
porcini,1,0,1,2.8e-05,0.0,-0.5932,0.5932
persist,0,1,1,0.0,3.2e-05,0.7931,0.7931
terminated,0,1,1,0.0,3.2e-05,0.7931,0.7931
behavior,0,1,1,0.0,3.2e-05,0.7931,0.7931
insomniacs,1,0,1,2.8e-05,0.0,-0.5932,0.5932
imo,0,1,1,0.0,3.2e-05,0.7931,0.7931
courses,1,0,1,2.8e-05,0.0,-0.5932,0.5932
15p,0,1,1,0.0,3.2e-05,0.7931,0.7931
gargoyle,1,0,1,2.8e-05,0.0,-0.5932,0.5932
marley,1,0,1,2.8e-05,0.0,-0.5932,0.5932
livestream,1,0,1,2.8e-05,0.0,-0.5932,0.5932
cucks,1,0,1,2.8e-05,0.0,-0.5932,0.5932
459,0,1,1,0.0,3.2e-05,0.7931,0.7931
alpha,1,0,1,2.8e-05,0.0,-0.5932,0.5932
stockholm,0,1,1,0.0,3.2e-05,0.7931,0.7931
thnk,0,1,1,0.0,3.2e-05,0.7931,0.7931
dere,0,1,1,0.0,3.2e-05,0.7931,0.7931
salisbury,1,0,1,2.8e-05,0.0,-0.5932,0.5932
daves,0,1,1,0.0,3.2e-05,0.7931,0.7931
hrs,1,0,1,2.8e-05,0.0,-0.5932,0.5932
redlands,1,0,1,2.8e-05,0.0,-0.5932,0.5932
convene,1,0,1,2.8e-05,0.0,-0.5932,0.5932
ember,0,1,1,0.0,3.2e-05,0.7931,0.7931
depreciations,1,0,1,2.8e-05,0.0,-0.5932,0.5932
f496d,0,1,1,0.0,3.2e-05,0.7931,0.7931
visage,0,1,1,0.0,3.2e-05,0.7931,0.7931
fridays,1,0,1,2.8e-05,0.0,-0.5932,0.5932
caring,1,0,1,2.8e-05,0.0,-0.5932,0.5932
petting,1,0,1,2.8e-05,0.0,-0.5932,0.5932
veneto,0,1,1,0.0,3.2e-05,0.7931,0.7931
screwed,1,0,1,2.8e-05,0.0,-0.5932,0.5932
unconscious,1,0,1,2.8e-05,0.0,-0.5932,0.5932
bookmobile,1,0,1,2.8e-05,0.0,-0.5932,0.5932
yuan,1,0,1,2.8e-05,0.0,-0.5932,0.5932
sthing,0,1,1,0.0,3.2e-05,0.7931,0.7931
arin,1,0,1,2.8e-05,0.0,-0.5932,0.5932
cachet,0,1,1,0.0,3.2e-05,0.7931,0.7931
vocals,1,0,1,2.8e-05,0.0,-0.5932,0.5932
literature,1,0,1,2.8e-05,0.0,-0.5932,0.5932
nosso,1,0,1,2.8e-05,0.0,-0.5932,0.5932
cya,1,0,1,2.8e-05,0.0,-0.5932,0.5932
parley,0,1,1,0.0,3.2e-05,0.7931,0.7931
infact,0,1,1,0.0,3.2e-05,0.7931,0.7931
reactors,1,0,1,2.8e-05,0.0,-0.5932,0.5932
stds,0,1,1,0.0,3.2e-05,0.7931,0.7931
thingsihate,1,0,1,2.8e-05,0.0,-0.5932,0.5932
bracelet,1,0,1,2.8e-05,0.0,-0.5932,0.5932
newrelease,1,0,1,2.8e-05,0.0,-0.5932,0.5932
172,0,1,1,0.0,3.2e-05,0.7931,0.7931
karen,0,1,1,0.0,3.2e-05,0.7931,0.7931
neon,0,1,1,0.0,3.2e-05,0.7931,0.7931
vivid,0,1,1,0.0,3.2e-05,0.7931,0.7931
ijetalerts,0,1,1,0.0,3.2e-05,0.7931,0.7931
966,0,1,1,0.0,3.2e-05,0.7931,0.7931
totalitarianism,1,0,1,2.8e-05,0.0,-0.5932,0.5932
crept,1,0,1,2.8e-05,0.0,-0.5932,0.5932
howell,0,1,1,0.0,3.2e-05,0.7931,0.7931
machines,1,0,1,2.8e-05,0.0,-0.5932,0.5932
jonesboro,0,1,1,0.0,3.2e-05,0.7931,0.7931
fonts,1,0,1,2.8e-05,0.0,-0.5932,0.5932
morganite,1,0,1,2.8e-05,0.0,-0.5932,0.5932
kp,1,0,1,2.8e-05,0.0,-0.5932,0.5932
menswear,1,0,1,2.8e-05,0.0,-0.5932,0.5932
instagramers,1,0,1,2.8e-05,0.0,-0.5932,0.5932
london3,0,1,1,0.0,3.2e-05,0.7931,0.7931
humboldt,0,1,1,0.0,3.2e-05,0.7931,0.7931
laboratory,1,0,1,2.8e-05,0.0,-0.5932,0.5932
correlation,0,1,1,0.0,3.2e-05,0.7931,0.7931
achieving,1,0,1,2.8e-05,0.0,-0.5932,0.5932
bagged,1,0,1,2.8e-05,0.0,-0.5932,0.5932
buckley,1,0,1,2.8e-05,0.0,-0.5932,0.5932
wrestleon,0,1,1,0.0,3.2e-05,0.7931,0.7931
croydon,0,1,1,0.0,3.2e-05,0.7931,0.7931
perrychat,1,0,1,2.8e-05,0.0,-0.5932,0.5932
4103,1,0,1,2.8e-05,0.0,-0.5932,0.5932
maple,0,1,1,0.0,3.2e-05,0.7931,0.7931
contr,0,1,1,0.0,3.2e-05,0.7931,0.7931
thorins,1,0,1,2.8e-05,0.0,-0.5932,0.5932
sharply,0,1,1,0.0,3.2e-05,0.7931,0.7931
reporters,0,1,1,0.0,3.2e-05,0.7931,0.7931
notificationsu,1,0,1,2.8e-05,0.0,-0.5932,0.5932
yeat,1,0,1,2.8e-05,0.0,-0.5932,0.5932
directing,1,0,1,2.8e-05,0.0,-0.5932,0.5932
vaxshill,0,1,1,0.0,3.2e-05,0.7931,0.7931
530,1,0,1,2.8e-05,0.0,-0.5932,0.5932
maddie,1,0,1,2.8e-05,0.0,-0.5932,0.5932
remembers,1,0,1,2.8e-05,0.0,-0.5932,0.5932
peninsula,0,1,1,0.0,3.2e-05,0.7931,0.7931
phenomenal,1,0,1,2.8e-05,0.0,-0.5932,0.5932
outbound,0,1,1,0.0,3.2e-05,0.7931,0.7931
followme,1,0,1,2.8e-05,0.0,-0.5932,0.5932
initiative,1,0,1,2.8e-05,0.0,-0.5932,0.5932
properly,1,0,1,2.8e-05,0.0,-0.5932,0.5932
metastatic,0,1,1,0.0,3.2e-05,0.7931,0.7931
pale,1,0,1,2.8e-05,0.0,-0.5932,0.5932
patriots,1,0,1,2.8e-05,0.0,-0.5932,0.5932
needing,0,1,1,0.0,3.2e-05,0.7931,0.7931
filming,1,0,1,2.8e-05,0.0,-0.5932,0.5932
mentality,0,1,1,0.0,3.2e-05,0.7931,0.7931
stonewall,0,1,1,0.0,3.2e-05,0.7931,0.7931
lonepine,1,0,1,2.8e-05,0.0,-0.5932,0.5932
auz,1,0,1,2.8e-05,0.0,-0.5932,0.5932
rickets,1,0,1,2.8e-05,0.0,-0.5932,0.5932
nlwx,0,1,1,0.0,3.2e-05,0.7931,0.7931
coquitlam,0,1,1,0.0,3.2e-05,0.7931,0.7931
jury,0,1,1,0.0,3.2e-05,0.7931,0.7931
kijima,1,0,1,2.8e-05,0.0,-0.5932,0.5932
manually,1,0,1,2.8e-05,0.0,-0.5932,0.5932
essenceofme,1,0,1,2.8e-05,0.0,-0.5932,0.5932
onnnn,1,0,1,2.8e-05,0.0,-0.5932,0.5932
foxsportscom,1,0,1,2.8e-05,0.0,-0.5932,0.5932
chipper,1,0,1,2.8e-05,0.0,-0.5932,0.5932
affliction,0,1,1,0.0,3.2e-05,0.7931,0.7931
kitten,0,1,1,0.0,3.2e-05,0.7931,0.7931
hcsm,1,0,1,2.8e-05,0.0,-0.5932,0.5932
thorium,0,1,1,0.0,3.2e-05,0.7931,0.7931
leonardville,0,1,1,0.0,3.2e-05,0.7931,0.7931
reckon,1,0,1,2.8e-05,0.0,-0.5932,0.5932
serephina,1,0,1,2.8e-05,0.0,-0.5932,0.5932
brightening,0,1,1,0.0,3.2e-05,0.7931,0.7931
saver,1,0,1,2.8e-05,0.0,-0.5932,0.5932
session,1,0,1,2.8e-05,0.0,-0.5932,0.5932
tlvfaces,0,1,1,0.0,3.2e-05,0.7931,0.7931
argentina,1,0,1,2.8e-05,0.0,-0.5932,0.5932
magnetic,1,0,1,2.8e-05,0.0,-0.5932,0.5932
lh,1,0,1,2.8e-05,0.0,-0.5932,0.5932
dwight,1,0,1,2.8e-05,0.0,-0.5932,0.5932
overcome,1,0,1,2.8e-05,0.0,-0.5932,0.5932
equals,1,0,1,2.8e-05,0.0,-0.5932,0.5932
fragrance,0,1,1,0.0,3.2e-05,0.7931,0.7931
hyider,0,1,1,0.0,3.2e-05,0.7931,0.7931
ooooohshit,1,0,1,2.8e-05,0.0,-0.5932,0.5932
negotiating,0,1,1,0.0,3.2e-05,0.7931,0.7931
supposedly,0,1,1,0.0,3.2e-05,0.7931,0.7931
protoshoggoth,0,1,1,0.0,3.2e-05,0.7931,0.7931
wonderfully,1,0,1,2.8e-05,0.0,-0.5932,0.5932
incite,0,1,1,0.0,3.2e-05,0.7931,0.7931
souda,1,0,1,2.8e-05,0.0,-0.5932,0.5932
joshua,1,0,1,2.8e-05,0.0,-0.5932,0.5932
ronald,1,0,1,2.8e-05,0.0,-0.5932,0.5932
davidson,0,1,1,0.0,3.2e-05,0.7931,0.7931
blooded,0,1,1,0.0,3.2e-05,0.7931,0.7931
raheel,0,1,1,0.0,3.2e-05,0.7931,0.7931
happing,1,0,1,2.8e-05,0.0,-0.5932,0.5932
electrostatic,1,0,1,2.8e-05,0.0,-0.5932,0.5932
mankind,0,1,1,0.0,3.2e-05,0.7931,0.7931
idgaf,1,0,1,2.8e-05,0.0,-0.5932,0.5932
androidgames,1,0,1,2.8e-05,0.0,-0.5932,0.5932
sliced,1,0,1,2.8e-05,0.0,-0.5932,0.5932
1145,0,1,1,0.0,3.2e-05,0.7931,0.7931
firms,1,0,1,2.8e-05,0.0,-0.5932,0.5932
stl,1,0,1,2.8e-05,0.0,-0.5932,0.5932
pages,1,0,1,2.8e-05,0.0,-0.5932,0.5932
losangelestimes,0,1,1,0.0,3.2e-05,0.7931,0.7931
marilyn,1,0,1,2.8e-05,0.0,-0.5932,0.5932
fcked,0,1,1,0.0,3.2e-05,0.7931,0.7931
sutherland,0,1,1,0.0,3.2e-05,0.7931,0.7931
disagreements,1,0,1,2.8e-05,0.0,-0.5932,0.5932
milne,1,0,1,2.8e-05,0.0,-0.5932,0.5932
sniff,1,0,1,2.8e-05,0.0,-0.5932,0.5932
541,1,0,1,2.8e-05,0.0,-0.5932,0.5932
buffet,1,0,1,2.8e-05,0.0,-0.5932,0.5932
arceen,1,0,1,2.8e-05,0.0,-0.5932,0.5932
203rd,0,1,1,0.0,3.2e-05,0.7931,0.7931
cityporn,0,1,1,0.0,3.2e-05,0.7931,0.7931
sang,0,1,1,0.0,3.2e-05,0.7931,0.7931
piss,1,0,1,2.8e-05,0.0,-0.5932,0.5932
stern,1,0,1,2.8e-05,0.0,-0.5932,0.5932
gravity,1,0,1,2.8e-05,0.0,-0.5932,0.5932
blunts,1,0,1,2.8e-05,0.0,-0.5932,0.5932
lougheed,0,1,1,0.0,3.2e-05,0.7931,0.7931
teamhennessy,1,0,1,2.8e-05,0.0,-0.5932,0.5932
pine,0,1,1,0.0,3.2e-05,0.7931,0.7931
offshore,1,0,1,2.8e-05,0.0,-0.5932,0.5932
kenny,1,0,1,2.8e-05,0.0,-0.5932,0.5932
slightest,1,0,1,2.8e-05,0.0,-0.5932,0.5932
nonucleariran,1,0,1,2.8e-05,0.0,-0.5932,0.5932
overlooked,1,0,1,2.8e-05,0.0,-0.5932,0.5932
triumphs,1,0,1,2.8e-05,0.0,-0.5932,0.5932
hao,1,0,1,2.8e-05,0.0,-0.5932,0.5932
kc,1,0,1,2.8e-05,0.0,-0.5932,0.5932
quirk,1,0,1,2.8e-05,0.0,-0.5932,0.5932
francis,1,0,1,2.8e-05,0.0,-0.5932,0.5932
blitzed,0,1,1,0.0,3.2e-05,0.7931,0.7931
likened,1,0,1,2.8e-05,0.0,-0.5932,0.5932
358,1,0,1,2.8e-05,0.0,-0.5932,0.5932
typing,1,0,1,2.8e-05,0.0,-0.5932,0.5932
torrent,1,0,1,2.8e-05,0.0,-0.5932,0.5932
cultivating,1,0,1,2.8e-05,0.0,-0.5932,0.5932
db5,1,0,1,2.8e-05,0.0,-0.5932,0.5932
caroline,1,0,1,2.8e-05,0.0,-0.5932,0.5932
presser,0,1,1,0.0,3.2e-05,0.7931,0.7931
losers,1,0,1,2.8e-05,0.0,-0.5932,0.5932
snotgreen,1,0,1,2.8e-05,0.0,-0.5932,0.5932
midst,1,0,1,2.8e-05,0.0,-0.5932,0.5932
gail,0,1,1,0.0,3.2e-05,0.7931,0.7931
ralph,1,0,1,2.8e-05,0.0,-0.5932,0.5932
neat,0,1,1,0.0,3.2e-05,0.7931,0.7931
descendants,1,0,1,2.8e-05,0.0,-0.5932,0.5932
smirking,0,1,1,0.0,3.2e-05,0.7931,0.7931
sr22,0,1,1,0.0,3.2e-05,0.7931,0.7931
campbell,1,0,1,2.8e-05,0.0,-0.5932,0.5932
sleeper,0,1,1,0.0,3.2e-05,0.7931,0.7931
exploding,1,0,1,2.8e-05,0.0,-0.5932,0.5932
srs,1,0,1,2.8e-05,0.0,-0.5932,0.5932
bosphore,1,0,1,2.8e-05,0.0,-0.5932,0.5932
x1441,1,0,1,2.8e-05,0.0,-0.5932,0.5932
oomf,1,0,1,2.8e-05,0.0,-0.5932,0.5932
plez,1,0,1,2.8e-05,0.0,-0.5932,0.5932
journo,0,1,1,0.0,3.2e-05,0.7931,0.7931
wasting,1,0,1,2.8e-05,0.0,-0.5932,0.5932
shantaehalfgeniehero,1,0,1,2.8e-05,0.0,-0.5932,0.5932
cure,1,0,1,2.8e-05,0.0,-0.5932,0.5932
guests,0,1,1,0.0,3.2e-05,0.7931,0.7931
sonia,1,0,1,2.8e-05,0.0,-0.5932,0.5932
climbed,1,0,1,2.8e-05,0.0,-0.5932,0.5932
sjubb,0,1,1,0.0,3.2e-05,0.7931,0.7931
panoramic,0,1,1,0.0,3.2e-05,0.7931,0.7931
sct014,1,0,1,2.8e-05,0.0,-0.5932,0.5932
crockery,0,1,1,0.0,3.2e-05,0.7931,0.7931
dancing,0,1,1,0.0,3.2e-05,0.7931,0.7931
itsllikely,1,0,1,2.8e-05,0.0,-0.5932,0.5932
authors,1,0,1,2.8e-05,0.0,-0.5932,0.5932
magu,0,1,1,0.0,3.2e-05,0.7931,0.7931
forests,1,0,1,2.8e-05,0.0,-0.5932,0.5932
frustrated,0,1,1,0.0,3.2e-05,0.7931,0.7931
ler,1,0,1,2.8e-05,0.0,-0.5932,0.5932
osbourne,0,1,1,0.0,3.2e-05,0.7931,0.7931
outcry,0,1,1,0.0,3.2e-05,0.7931,0.7931
ltz,1,0,1,2.8e-05,0.0,-0.5932,0.5932
mounting,0,1,1,0.0,3.2e-05,0.7931,0.7931
interval,1,0,1,2.8e-05,0.0,-0.5932,0.5932
scattered,1,0,1,2.8e-05,0.0,-0.5932,0.5932
elections,0,1,1,0.0,3.2e-05,0.7931,0.7931
hammond,1,0,1,2.8e-05,0.0,-0.5932,0.5932
wolter,0,1,1,0.0,3.2e-05,0.7931,0.7931
crapgamer,1,0,1,2.8e-05,0.0,-0.5932,0.5932
lite,1,0,1,2.8e-05,0.0,-0.5932,0.5932
churkin,0,1,1,0.0,3.2e-05,0.7931,0.7931
nia,0,1,1,0.0,3.2e-05,0.7931,0.7931
parisian,1,0,1,2.8e-05,0.0,-0.5932,0.5932
messengers,1,0,1,2.8e-05,0.0,-0.5932,0.5932
du19,1,0,1,2.8e-05,0.0,-0.5932,0.5932
wisely,1,0,1,2.8e-05,0.0,-0.5932,0.5932
yumiko,1,0,1,2.8e-05,0.0,-0.5932,0.5932
goooooooaaaaaal,1,0,1,2.8e-05,0.0,-0.5932,0.5932
bhusa,1,0,1,2.8e-05,0.0,-0.5932,0.5932
englands,0,1,1,0.0,3.2e-05,0.7931,0.7931
imouto,1,0,1,2.8e-05,0.0,-0.5932,0.5932
growingupincolorado,0,1,1,0.0,3.2e-05,0.7931,0.7931
keeping,1,0,1,2.8e-05,0.0,-0.5932,0.5932
reminded,1,0,1,2.8e-05,0.0,-0.5932,0.5932
165000,0,1,1,0.0,3.2e-05,0.7931,0.7931
swiming,1,0,1,2.8e-05,0.0,-0.5932,0.5932
rotating,0,1,1,0.0,3.2e-05,0.7931,0.7931
fjords,0,1,1,0.0,3.2e-05,0.7931,0.7931
satellites,0,1,1,0.0,3.2e-05,0.7931,0.7931
domains,1,0,1,2.8e-05,0.0,-0.5932,0.5932
manure,0,1,1,0.0,3.2e-05,0.7931,0.7931
jimin,1,0,1,2.8e-05,0.0,-0.5932,0.5932
mag,0,1,1,0.0,3.2e-05,0.7931,0.7931
format,1,0,1,2.8e-05,0.0,-0.5932,0.5932
assertative,1,0,1,2.8e-05,0.0,-0.5932,0.5932
sa15t,1,0,1,2.8e-05,0.0,-0.5932,0.5932
romp,1,0,1,2.8e-05,0.0,-0.5932,0.5932
psd,0,1,1,0.0,3.2e-05,0.7931,0.7931
capable,1,0,1,2.8e-05,0.0,-0.5932,0.5932
billneelynbc,0,1,1,0.0,3.2e-05,0.7931,0.7931
clico,0,1,1,0.0,3.2e-05,0.7931,0.7931
bearer,1,0,1,2.8e-05,0.0,-0.5932,0.5932
catsofinstagram,1,0,1,2.8e-05,0.0,-0.5932,0.5932
roving,1,0,1,2.8e-05,0.0,-0.5932,0.5932
debbie,1,0,1,2.8e-05,0.0,-0.5932,0.5932
higuains,1,0,1,2.8e-05,0.0,-0.5932,0.5932
captors,0,1,1,0.0,3.2e-05,0.7931,0.7931
terwilliger,0,1,1,0.0,3.2e-05,0.7931,0.7931
emmy,0,1,1,0.0,3.2e-05,0.7931,0.7931
saudies,1,0,1,2.8e-05,0.0,-0.5932,0.5932
rogers,1,0,1,2.8e-05,0.0,-0.5932,0.5932
twcnewsclt,0,1,1,0.0,3.2e-05,0.7931,0.7931
icelandreview,0,1,1,0.0,3.2e-05,0.7931,0.7931
clarksville,0,1,1,0.0,3.2e-05,0.7931,0.7931
disappointing,1,0,1,2.8e-05,0.0,-0.5932,0.5932
dotish,1,0,1,2.8e-05,0.0,-0.5932,0.5932
legend,1,0,1,2.8e-05,0.0,-0.5932,0.5932
welcomes,1,0,1,2.8e-05,0.0,-0.5932,0.5932
limits,1,0,1,2.8e-05,0.0,-0.5932,0.5932
gohan,1,0,1,2.8e-05,0.0,-0.5932,0.5932
vanilla,0,1,1,0.0,3.2e-05,0.7931,0.7931
langata,0,1,1,0.0,3.2e-05,0.7931,0.7931
kern,0,1,1,0.0,3.2e-05,0.7931,0.7931
reimagining,1,0,1,2.8e-05,0.0,-0.5932,0.5932
burford,1,0,1,2.8e-05,0.0,-0.5932,0.5932
chopping,0,1,1,0.0,3.2e-05,0.7931,0.7931
stormcoming,0,1,1,0.0,3.2e-05,0.7931,0.7931
guild,1,0,1,2.8e-05,0.0,-0.5932,0.5932
dilawri,1,0,1,2.8e-05,0.0,-0.5932,0.5932
thursd,0,1,1,0.0,3.2e-05,0.7931,0.7931
abandoning,1,0,1,2.8e-05,0.0,-0.5932,0.5932
aurora,0,1,1,0.0,3.2e-05,0.7931,0.7931
2day,0,1,1,0.0,3.2e-05,0.7931,0.7931
spin,0,1,1,0.0,3.2e-05,0.7931,0.7931
jennas,1,0,1,2.8e-05,0.0,-0.5932,0.5932
partially,1,0,1,2.8e-05,0.0,-0.5932,0.5932
alarming,0,1,1,0.0,3.2e-05,0.7931,0.7931
recognised,1,0,1,2.8e-05,0.0,-0.5932,0.5932
backed,1,0,1,2.8e-05,0.0,-0.5932,0.5932
collab,1,0,1,2.8e-05,0.0,-0.5932,0.5932
storen,1,0,1,2.8e-05,0.0,-0.5932,0.5932
shouout,1,0,1,2.8e-05,0.0,-0.5932,0.5932
propaganda,1,0,1,2.8e-05,0.0,-0.5932,0.5932
overwhelming,1,0,1,2.8e-05,0.0,-0.5932,0.5932
najibrazak,0,1,1,0.0,3.2e-05,0.7931,0.7931
emotion,1,0,1,2.8e-05,0.0,-0.5932,0.5932
chopras,1,0,1,2.8e-05,0.0,-0.5932,0.5932
snack,1,0,1,2.8e-05,0.0,-0.5932,0.5932
vent,1,0,1,2.8e-05,0.0,-0.5932,0.5932
3la,0,1,1,0.0,3.2e-05,0.7931,0.7931
214904,0,1,1,0.0,3.2e-05,0.7931,0.7931
camped,0,1,1,0.0,3.2e-05,0.7931,0.7931
argues,0,1,1,0.0,3.2e-05,0.7931,0.7931
5040,1,0,1,2.8e-05,0.0,-0.5932,0.5932
nigh,1,0,1,2.8e-05,0.0,-0.5932,0.5932
malta,0,1,1,0.0,3.2e-05,0.7931,0.7931
grindhouse,1,0,1,2.8e-05,0.0,-0.5932,0.5932
circa,1,0,1,2.8e-05,0.0,-0.5932,0.5932
ignite,0,1,1,0.0,3.2e-05,0.7931,0.7931
thebookclub,1,0,1,2.8e-05,0.0,-0.5932,0.5932
regent,1,0,1,2.8e-05,0.0,-0.5932,0.5932
badly,1,0,1,2.8e-05,0.0,-0.5932,0.5932
ama,0,1,1,0.0,3.2e-05,0.7931,0.7931
orcot,1,0,1,2.8e-05,0.0,-0.5932,0.5932
rq,1,0,1,2.8e-05,0.0,-0.5932,0.5932
wyrmwood,1,0,1,2.8e-05,0.0,-0.5932,0.5932
creepiest,1,0,1,2.8e-05,0.0,-0.5932,0.5932
fremont,0,1,1,0.0,3.2e-05,0.7931,0.7931
quantum,0,1,1,0.0,3.2e-05,0.7931,0.7931
cufi,1,0,1,2.8e-05,0.0,-0.5932,0.5932
engineering,1,0,1,2.8e-05,0.0,-0.5932,0.5932
remembrance,0,1,1,0.0,3.2e-05,0.7931,0.7931
ep03,0,1,1,0.0,3.2e-05,0.7931,0.7931
indy,1,0,1,2.8e-05,0.0,-0.5932,0.5932
xo,1,0,1,2.8e-05,0.0,-0.5932,0.5932
cluei,0,1,1,0.0,3.2e-05,0.7931,0.7931
briefcase,1,0,1,2.8e-05,0.0,-0.5932,0.5932
thereal,1,0,1,2.8e-05,0.0,-0.5932,0.5932
bowknot,1,0,1,2.8e-05,0.0,-0.5932,0.5932
tenno,1,0,1,2.8e-05,0.0,-0.5932,0.5932
jersey,1,0,1,2.8e-05,0.0,-0.5932,0.5932
fatburning,1,0,1,2.8e-05,0.0,-0.5932,0.5932
prayed,0,1,1,0.0,3.2e-05,0.7931,0.7931
feature,1,0,1,2.8e-05,0.0,-0.5932,0.5932
dune,1,0,1,2.8e-05,0.0,-0.5932,0.5932
alrighty,1,0,1,2.8e-05,0.0,-0.5932,0.5932
abouts,0,1,1,0.0,3.2e-05,0.7931,0.7931
3others,0,1,1,0.0,3.2e-05,0.7931,0.7931
fotoset,0,1,1,0.0,3.2e-05,0.7931,0.7931
programs,0,1,1,0.0,3.2e-05,0.7931,0.7931
praise,1,0,1,2.8e-05,0.0,-0.5932,0.5932
landi,0,1,1,0.0,3.2e-05,0.7931,0.7931
summervibes,1,0,1,2.8e-05,0.0,-0.5932,0.5932
aftershocks,0,1,1,0.0,3.2e-05,0.7931,0.7931
cbcto,1,0,1,2.8e-05,0.0,-0.5932,0.5932
rom,1,0,1,2.8e-05,0.0,-0.5932,0.5932
audi,1,0,1,2.8e-05,0.0,-0.5932,0.5932
jar,1,0,1,2.8e-05,0.0,-0.5932,0.5932
unprepared,0,1,1,0.0,3.2e-05,0.7931,0.7931
zarharzar,1,0,1,2.8e-05,0.0,-0.5932,0.5932
2minutemix,0,1,1,0.0,3.2e-05,0.7931,0.7931
dhalgren,1,0,1,2.8e-05,0.0,-0.5932,0.5932
raheelsharif,0,1,1,0.0,3.2e-05,0.7931,0.7931
roles,1,0,1,2.8e-05,0.0,-0.5932,0.5932
byr,1,0,1,2.8e-05,0.0,-0.5932,0.5932
watersafety,1,0,1,2.8e-05,0.0,-0.5932,0.5932
anatomy,0,1,1,0.0,3.2e-05,0.7931,0.7931
devi,0,1,1,0.0,3.2e-05,0.7931,0.7931
bait,1,0,1,2.8e-05,0.0,-0.5932,0.5932
a40,0,1,1,0.0,3.2e-05,0.7931,0.7931
stokes,0,1,1,0.0,3.2e-05,0.7931,0.7931
thrusts,1,0,1,2.8e-05,0.0,-0.5932,0.5932
faked,0,1,1,0.0,3.2e-05,0.7931,0.7931
exams,1,0,1,2.8e-05,0.0,-0.5932,0.5932
rihanna,0,1,1,0.0,3.2e-05,0.7931,0.7931
kindersley,1,0,1,2.8e-05,0.0,-0.5932,0.5932
trunks,1,0,1,2.8e-05,0.0,-0.5932,0.5932
publications,1,0,1,2.8e-05,0.0,-0.5932,0.5932
alphen,0,1,1,0.0,3.2e-05,0.7931,0.7931
ripple,1,0,1,2.8e-05,0.0,-0.5932,0.5932
chandrababu,0,1,1,0.0,3.2e-05,0.7931,0.7931
kody,0,1,1,0.0,3.2e-05,0.7931,0.7931
morbid,1,0,1,2.8e-05,0.0,-0.5932,0.5932
washard,0,1,1,0.0,3.2e-05,0.7931,0.7931
spying,1,0,1,2.8e-05,0.0,-0.5932,0.5932
liveonstreamate,1,0,1,2.8e-05,0.0,-0.5932,0.5932
reportly,0,1,1,0.0,3.2e-05,0.7931,0.7931
vessels,1,0,1,2.8e-05,0.0,-0.5932,0.5932
slain,1,0,1,2.8e-05,0.0,-0.5932,0.5932
ninja,1,0,1,2.8e-05,0.0,-0.5932,0.5932
crazyideascollege,1,0,1,2.8e-05,0.0,-0.5932,0.5932
misdirection,0,1,1,0.0,3.2e-05,0.7931,0.7931
revise,0,1,1,0.0,3.2e-05,0.7931,0.7931
slosher,1,0,1,2.8e-05,0.0,-0.5932,0.5932
colin,1,0,1,2.8e-05,0.0,-0.5932,0.5932
fleetwood,1,0,1,2.8e-05,0.0,-0.5932,0.5932
cabling,1,0,1,2.8e-05,0.0,-0.5932,0.5932
stretches,1,0,1,2.8e-05,0.0,-0.5932,0.5932
decree,0,1,1,0.0,3.2e-05,0.7931,0.7931
actionmoviestaughtus,1,0,1,2.8e-05,0.0,-0.5932,0.5932
chucker,1,0,1,2.8e-05,0.0,-0.5932,0.5932
40pm,0,1,1,0.0,3.2e-05,0.7931,0.7931
outfield,0,1,1,0.0,3.2e-05,0.7931,0.7931
delmonts,0,1,1,0.0,3.2e-05,0.7931,0.7931
lisp,1,0,1,2.8e-05,0.0,-0.5932,0.5932
itd,1,0,1,2.8e-05,0.0,-0.5932,0.5932
introduction,1,0,1,2.8e-05,0.0,-0.5932,0.5932
stylishly,1,0,1,2.8e-05,0.0,-0.5932,0.5932
slaughter,0,1,1,0.0,3.2e-05,0.7931,0.7931
149,1,0,1,2.8e-05,0.0,-0.5932,0.5932
wii,1,0,1,2.8e-05,0.0,-0.5932,0.5932
aris,1,0,1,2.8e-05,0.0,-0.5932,0.5932
swell,1,0,1,2.8e-05,0.0,-0.5932,0.5932
pole,0,1,1,0.0,3.2e-05,0.7931,0.7931
hashd,0,1,1,0.0,3.2e-05,0.7931,0.7931
doretts,1,0,1,2.8e-05,0.0,-0.5932,0.5932
harvesting,1,0,1,2.8e-05,0.0,-0.5932,0.5932
1843,1,0,1,2.8e-05,0.0,-0.5932,0.5932
blasting,1,0,1,2.8e-05,0.0,-0.5932,0.5932
inputs,0,1,1,0.0,3.2e-05,0.7931,0.7931
partys,1,0,1,2.8e-05,0.0,-0.5932,0.5932
barring,1,0,1,2.8e-05,0.0,-0.5932,0.5932
munch,1,0,1,2.8e-05,0.0,-0.5932,0.5932
eau,0,1,1,0.0,3.2e-05,0.7931,0.7931
downright,1,0,1,2.8e-05,0.0,-0.5932,0.5932
landowner,0,1,1,0.0,3.2e-05,0.7931,0.7931
stages,1,0,1,2.8e-05,0.0,-0.5932,0.5932
holt,1,0,1,2.8e-05,0.0,-0.5932,0.5932
virtual,1,0,1,2.8e-05,0.0,-0.5932,0.5932
tusky,1,0,1,2.8e-05,0.0,-0.5932,0.5932
mta,1,0,1,2.8e-05,0.0,-0.5932,0.5932
inhofe,0,1,1,0.0,3.2e-05,0.7931,0.7931
sanchez,0,1,1,0.0,3.2e-05,0.7931,0.7931
blackcats,1,0,1,2.8e-05,0.0,-0.5932,0.5932
usmnt,1,0,1,2.8e-05,0.0,-0.5932,0.5932
nl,0,1,1,0.0,3.2e-05,0.7931,0.7931
sivan,1,0,1,2.8e-05,0.0,-0.5932,0.5932
albertans,1,0,1,2.8e-05,0.0,-0.5932,0.5932
kasabwe,0,1,1,0.0,3.2e-05,0.7931,0.7931
helene,0,1,1,0.0,3.2e-05,0.7931,0.7931
carful,1,0,1,2.8e-05,0.0,-0.5932,0.5932
buddy,1,0,1,2.8e-05,0.0,-0.5932,0.5932
uptown,0,1,1,0.0,3.2e-05,0.7931,0.7931
beaten,0,1,1,0.0,3.2e-05,0.7931,0.7931
reaad,0,1,1,0.0,3.2e-05,0.7931,0.7931
leafs,1,0,1,2.8e-05,0.0,-0.5932,0.5932
staining,1,0,1,2.8e-05,0.0,-0.5932,0.5932
ib,0,1,1,0.0,3.2e-05,0.7931,0.7931
pokemon,1,0,1,2.8e-05,0.0,-0.5932,0.5932
rotation,0,1,1,0.0,3.2e-05,0.7931,0.7931
pbs,0,1,1,0.0,3.2e-05,0.7931,0.7931
orcas,1,0,1,2.8e-05,0.0,-0.5932,0.5932
finall,1,0,1,2.8e-05,0.0,-0.5932,0.5932
calhoun,1,0,1,2.8e-05,0.0,-0.5932,0.5932
russell,0,1,1,0.0,3.2e-05,0.7931,0.7931
supportive,1,0,1,2.8e-05,0.0,-0.5932,0.5932
paleface,1,0,1,2.8e-05,0.0,-0.5932,0.5932
pouch,1,0,1,2.8e-05,0.0,-0.5932,0.5932
katunews,0,1,1,0.0,3.2e-05,0.7931,0.7931
pitchwars,1,0,1,2.8e-05,0.0,-0.5932,0.5932
crowned,1,0,1,2.8e-05,0.0,-0.5932,0.5932
pirates,0,1,1,0.0,3.2e-05,0.7931,0.7931
itrawcwb,1,0,1,2.8e-05,0.0,-0.5932,0.5932
ba,1,0,1,2.8e-05,0.0,-0.5932,0.5932
sweeping,1,0,1,2.8e-05,0.0,-0.5932,0.5932
albertsons,1,0,1,2.8e-05,0.0,-0.5932,0.5932
upa,1,0,1,2.8e-05,0.0,-0.5932,0.5932
96km,0,1,1,0.0,3.2e-05,0.7931,0.7931
broader,1,0,1,2.8e-05,0.0,-0.5932,0.5932
immune,1,0,1,2.8e-05,0.0,-0.5932,0.5932
keeper,1,0,1,2.8e-05,0.0,-0.5932,0.5932
billboards,0,1,1,0.0,3.2e-05,0.7931,0.7931
angioplasty,0,1,1,0.0,3.2e-05,0.7931,0.7931
beyondthebomb,0,1,1,0.0,3.2e-05,0.7931,0.7931
everythign,0,1,1,0.0,3.2e-05,0.7931,0.7931
aguero,1,0,1,2.8e-05,0.0,-0.5932,0.5932
beastly,1,0,1,2.8e-05,0.0,-0.5932,0.5932
fence,1,0,1,2.8e-05,0.0,-0.5932,0.5932
picthis,1,0,1,2.8e-05,0.0,-0.5932,0.5932
iron,1,0,1,2.8e-05,0.0,-0.5932,0.5932
illustrations,0,1,1,0.0,3.2e-05,0.7931,0.7931
spotlight,1,0,1,2.8e-05,0.0,-0.5932,0.5932
steep,0,1,1,0.0,3.2e-05,0.7931,0.7931
holes,0,1,1,0.0,3.2e-05,0.7931,0.7931
dcfd,0,1,1,0.0,3.2e-05,0.7931,0.7931
ignited,0,1,1,0.0,3.2e-05,0.7931,0.7931
steamship,0,1,1,0.0,3.2e-05,0.7931,0.7931
pow,0,1,1,0.0,3.2e-05,0.7931,0.7931
surprises,1,0,1,2.8e-05,0.0,-0.5932,0.5932
boost,0,1,1,0.0,3.2e-05,0.7931,0.7931
skimmed,1,0,1,2.8e-05,0.0,-0.5932,0.5932
onr,0,1,1,0.0,3.2e-05,0.7931,0.7931
tournament,1,0,1,2.8e-05,0.0,-0.5932,0.5932
panties,1,0,1,2.8e-05,0.0,-0.5932,0.5932
xela,0,1,1,0.0,3.2e-05,0.7931,0.7931
unsecured,1,0,1,2.8e-05,0.0,-0.5932,0.5932
dontpanic,0,1,1,0.0,3.2e-05,0.7931,0.7931
tulowitzki,1,0,1,2.8e-05,0.0,-0.5932,0.5932
1942,0,1,1,0.0,3.2e-05,0.7931,0.7931
rubybot,1,0,1,2.8e-05,0.0,-0.5932,0.5932
receipts,1,0,1,2.8e-05,0.0,-0.5932,0.5932
damatu,0,1,1,0.0,3.2e-05,0.7931,0.7931
ashes2ashes,1,0,1,2.8e-05,0.0,-0.5932,0.5932
influencers,1,0,1,2.8e-05,0.0,-0.5932,0.5932
indiefilm,1,0,1,2.8e-05,0.0,-0.5932,0.5932
12jst,1,0,1,2.8e-05,0.0,-0.5932,0.5932
entrances,0,1,1,0.0,3.2e-05,0.7931,0.7931
7aal,0,1,1,0.0,3.2e-05,0.7931,0.7931
fandom,0,1,1,0.0,3.2e-05,0.7931,0.7931
43c,0,1,1,0.0,3.2e-05,0.7931,0.7931
sirius,1,0,1,2.8e-05,0.0,-0.5932,0.5932
nataly,1,0,1,2.8e-05,0.0,-0.5932,0.5932
gulags,0,1,1,0.0,3.2e-05,0.7931,0.7931
catalinas,0,1,1,0.0,3.2e-05,0.7931,0.7931
inroices,1,0,1,2.8e-05,0.0,-0.5932,0.5932
continuing,1,0,1,2.8e-05,0.0,-0.5932,0.5932
behead,0,1,1,0.0,3.2e-05,0.7931,0.7931
mixxtail,1,0,1,2.8e-05,0.0,-0.5932,0.5932
elwoods,1,0,1,2.8e-05,0.0,-0.5932,0.5932
mounts,1,0,1,2.8e-05,0.0,-0.5932,0.5932
billionaire,1,0,1,2.8e-05,0.0,-0.5932,0.5932
vanessas,1,0,1,2.8e-05,0.0,-0.5932,0.5932
decks,1,0,1,2.8e-05,0.0,-0.5932,0.5932
juanny,1,0,1,2.8e-05,0.0,-0.5932,0.5932
goz,1,0,1,2.8e-05,0.0,-0.5932,0.5932
biting,1,0,1,2.8e-05,0.0,-0.5932,0.5932
nhlducks,1,0,1,2.8e-05,0.0,-0.5932,0.5932
cis,1,0,1,2.8e-05,0.0,-0.5932,0.5932
lynchburg,0,1,1,0.0,3.2e-05,0.7931,0.7931
cosima,1,0,1,2.8e-05,0.0,-0.5932,0.5932
innings,1,0,1,2.8e-05,0.0,-0.5932,0.5932
marrie,1,0,1,2.8e-05,0.0,-0.5932,0.5932
areal,0,1,1,0.0,3.2e-05,0.7931,0.7931
dredougie,1,0,1,2.8e-05,0.0,-0.5932,0.5932
treblinka,0,1,1,0.0,3.2e-05,0.7931,0.7931
cautious,1,0,1,2.8e-05,0.0,-0.5932,0.5932
asswipe,0,1,1,0.0,3.2e-05,0.7931,0.7931
nashsnewvideo,1,0,1,2.8e-05,0.0,-0.5932,0.5932
catalogue,1,0,1,2.8e-05,0.0,-0.5932,0.5932
stemming,0,1,1,0.0,3.2e-05,0.7931,0.7931
homecoming,0,1,1,0.0,3.2e-05,0.7931,0.7931
brzjc,1,0,1,2.8e-05,0.0,-0.5932,0.5932
figured,1,0,1,2.8e-05,0.0,-0.5932,0.5932
forms,1,0,1,2.8e-05,0.0,-0.5932,0.5932
boobs,1,0,1,2.8e-05,0.0,-0.5932,0.5932
firenews,0,1,1,0.0,3.2e-05,0.7931,0.7931
arcade,1,0,1,2.8e-05,0.0,-0.5932,0.5932
beckoning,1,0,1,2.8e-05,0.0,-0.5932,0.5932
libby,0,1,1,0.0,3.2e-05,0.7931,0.7931
encounters,1,0,1,2.8e-05,0.0,-0.5932,0.5932
albertas,0,1,1,0.0,3.2e-05,0.7931,0.7931
io,1,0,1,2.8e-05,0.0,-0.5932,0.5932
10am,1,0,1,2.8e-05,0.0,-0.5932,0.5932
ara,0,1,1,0.0,3.2e-05,0.7931,0.7931
edna,0,1,1,0.0,3.2e-05,0.7931,0.7931
ru,1,0,1,2.8e-05,0.0,-0.5932,0.5932
cocky,1,0,1,2.8e-05,0.0,-0.5932,0.5932
lomasvisto,0,1,1,0.0,3.2e-05,0.7931,0.7931
realism,1,0,1,2.8e-05,0.0,-0.5932,0.5932
ugliness,0,1,1,0.0,3.2e-05,0.7931,0.7931
palinfoen,0,1,1,0.0,3.2e-05,0.7931,0.7931
yoenis,1,0,1,2.8e-05,0.0,-0.5932,0.5932
ensure,1,0,1,2.8e-05,0.0,-0.5932,0.5932
southkorea,1,0,1,2.8e-05,0.0,-0.5932,0.5932
smack,1,0,1,2.8e-05,0.0,-0.5932,0.5932
dumle,1,0,1,2.8e-05,0.0,-0.5932,0.5932
manor,1,0,1,2.8e-05,0.0,-0.5932,0.5932
becyme,1,0,1,2.8e-05,0.0,-0.5932,0.5932
atamathon,0,1,1,0.0,3.2e-05,0.7931,0.7931
367,0,1,1,0.0,3.2e-05,0.7931,0.7931
stil,1,0,1,2.8e-05,0.0,-0.5932,0.5932
anders,0,1,1,0.0,3.2e-05,0.7931,0.7931
repulsive,1,0,1,2.8e-05,0.0,-0.5932,0.5932
padres,1,0,1,2.8e-05,0.0,-0.5932,0.5932
nuked,1,0,1,2.8e-05,0.0,-0.5932,0.5932
4608,0,1,1,0.0,3.2e-05,0.7931,0.7931
joeysterling,1,0,1,2.8e-05,0.0,-0.5932,0.5932
mbiwa,1,0,1,2.8e-05,0.0,-0.5932,0.5932
gfzs,0,1,1,0.0,3.2e-05,0.7931,0.7931
cracker,1,0,1,2.8e-05,0.0,-0.5932,0.5932
joints,1,0,1,2.8e-05,0.0,-0.5932,0.5932
90225,1,0,1,2.8e-05,0.0,-0.5932,0.5932
ffa,1,0,1,2.8e-05,0.0,-0.5932,0.5932
shootas,1,0,1,2.8e-05,0.0,-0.5932,0.5932
olympia,0,1,1,0.0,3.2e-05,0.7931,0.7931
wasted,1,0,1,2.8e-05,0.0,-0.5932,0.5932
infrastructure,0,1,1,0.0,3.2e-05,0.7931,0.7931
stephenking,1,0,1,2.8e-05,0.0,-0.5932,0.5932
quiet,1,0,1,2.8e-05,0.0,-0.5932,0.5932
commodity,1,0,1,2.8e-05,0.0,-0.5932,0.5932
spree,1,0,1,2.8e-05,0.0,-0.5932,0.5932
hindustan,0,1,1,0.0,3.2e-05,0.7931,0.7931
perspective,0,1,1,0.0,3.2e-05,0.7931,0.7931
beetroot,1,0,1,2.8e-05,0.0,-0.5932,0.5932
earthtwerk,0,1,1,0.0,3.2e-05,0.7931,0.7931
sara,1,0,1,2.8e-05,0.0,-0.5932,0.5932
txlege,1,0,1,2.8e-05,0.0,-0.5932,0.5932
policyholders,0,1,1,0.0,3.2e-05,0.7931,0.7931
frost,1,0,1,2.8e-05,0.0,-0.5932,0.5932
777,0,1,1,0.0,3.2e-05,0.7931,0.7931
momneedscoffee,1,0,1,2.8e-05,0.0,-0.5932,0.5932
gameofkittens,1,0,1,2.8e-05,0.0,-0.5932,0.5932
montego,0,1,1,0.0,3.2e-05,0.7931,0.7931
nominates,1,0,1,2.8e-05,0.0,-0.5932,0.5932
lees,1,0,1,2.8e-05,0.0,-0.5932,0.5932
hamptonroadsfor,1,0,1,2.8e-05,0.0,-0.5932,0.5932
hillarymass,1,0,1,2.8e-05,0.0,-0.5932,0.5932
butterlondon,1,0,1,2.8e-05,0.0,-0.5932,0.5932
askh3cz,1,0,1,2.8e-05,0.0,-0.5932,0.5932
friend59,1,0,1,2.8e-05,0.0,-0.5932,0.5932
squabble,0,1,1,0.0,3.2e-05,0.7931,0.7931
africas,0,1,1,0.0,3.2e-05,0.7931,0.7931
takeoff,0,1,1,0.0,3.2e-05,0.7931,0.7931
campground,0,1,1,0.0,3.2e-05,0.7931,0.7931
racer,0,1,1,0.0,3.2e-05,0.7931,0.7931
cgi,0,1,1,0.0,3.2e-05,0.7931,0.7931
kiddos,0,1,1,0.0,3.2e-05,0.7931,0.7931
spurs,1,0,1,2.8e-05,0.0,-0.5932,0.5932
elation,1,0,1,2.8e-05,0.0,-0.5932,0.5932
medusa,0,1,1,0.0,3.2e-05,0.7931,0.7931
smithereens,0,1,1,0.0,3.2e-05,0.7931,0.7931
substantial,1,0,1,2.8e-05,0.0,-0.5932,0.5932
fusion,1,0,1,2.8e-05,0.0,-0.5932,0.5932
gummy,1,0,1,2.8e-05,0.0,-0.5932,0.5932
greatly,1,0,1,2.8e-05,0.0,-0.5932,0.5932
pension,0,1,1,0.0,3.2e-05,0.7931,0.7931
gms,0,1,1,0.0,3.2e-05,0.7931,0.7931
wrongperson,1,0,1,2.8e-05,0.0,-0.5932,0.5932
pfft,1,0,1,2.8e-05,0.0,-0.5932,0.5932
ks111,1,0,1,2.8e-05,0.0,-0.5932,0.5932
flush,0,1,1,0.0,3.2e-05,0.7931,0.7931
epa,0,1,1,0.0,3.2e-05,0.7931,0.7931
scissor,1,0,1,2.8e-05,0.0,-0.5932,0.5932
olivers,1,0,1,2.8e-05,0.0,-0.5932,0.5932
scarlet,1,0,1,2.8e-05,0.0,-0.5932,0.5932
b4federal,1,0,1,2.8e-05,0.0,-0.5932,0.5932
clyde,0,1,1,0.0,3.2e-05,0.7931,0.7931
tampabay,0,1,1,0.0,3.2e-05,0.7931,0.7931
47km,0,1,1,0.0,3.2e-05,0.7931,0.7931
kcarosawmur,0,1,1,0.0,3.2e-05,0.7931,0.7931
suvs,1,0,1,2.8e-05,0.0,-0.5932,0.5932
ish,1,0,1,2.8e-05,0.0,-0.5932,0.5932
visible,0,1,1,0.0,3.2e-05,0.7931,0.7931
kasich,1,0,1,2.8e-05,0.0,-0.5932,0.5932
nf,0,1,1,0.0,3.2e-05,0.7931,0.7931
ashenforest,0,1,1,0.0,3.2e-05,0.7931,0.7931
earn,1,0,1,2.8e-05,0.0,-0.5932,0.5932
seamstress,0,1,1,0.0,3.2e-05,0.7931,0.7931
depends,0,1,1,0.0,3.2e-05,0.7931,0.7931
skylanders,1,0,1,2.8e-05,0.0,-0.5932,0.5932
tribez,1,0,1,2.8e-05,0.0,-0.5932,0.5932
eerie,1,0,1,2.8e-05,0.0,-0.5932,0.5932
promoted,1,0,1,2.8e-05,0.0,-0.5932,0.5932
focuses,0,1,1,0.0,3.2e-05,0.7931,0.7931
gate,1,0,1,2.8e-05,0.0,-0.5932,0.5932
barak,0,1,1,0.0,3.2e-05,0.7931,0.7931
bolsters,0,1,1,0.0,3.2e-05,0.7931,0.7931
hometownglory,1,0,1,2.8e-05,0.0,-0.5932,0.5932
strictly,1,0,1,2.8e-05,0.0,-0.5932,0.5932
wahpeton,1,0,1,2.8e-05,0.0,-0.5932,0.5932
bk,1,0,1,2.8e-05,0.0,-0.5932,0.5932
harmony,1,0,1,2.8e-05,0.0,-0.5932,0.5932
forefathers,1,0,1,2.8e-05,0.0,-0.5932,0.5932
stripped,1,0,1,2.8e-05,0.0,-0.5932,0.5932
coffees,1,0,1,2.8e-05,0.0,-0.5932,0.5932
endorsement,1,0,1,2.8e-05,0.0,-0.5932,0.5932
happenings,0,1,1,0.0,3.2e-05,0.7931,0.7931
particulate,0,1,1,0.0,3.2e-05,0.7931,0.7931
rnk,0,1,1,0.0,3.2e-05,0.7931,0.7931
ges,1,0,1,2.8e-05,0.0,-0.5932,0.5932
mandela,1,0,1,2.8e-05,0.0,-0.5932,0.5932
molecularly,1,0,1,2.8e-05,0.0,-0.5932,0.5932
401ks,1,0,1,2.8e-05,0.0,-0.5932,0.5932
contries,0,1,1,0.0,3.2e-05,0.7931,0.7931
osama,0,1,1,0.0,3.2e-05,0.7931,0.7931
robertcalifornia,1,0,1,2.8e-05,0.0,-0.5932,0.5932
quals,0,1,1,0.0,3.2e-05,0.7931,0.7931
freeview,1,0,1,2.8e-05,0.0,-0.5932,0.5932
refund,1,0,1,2.8e-05,0.0,-0.5932,0.5932
509,1,0,1,2.8e-05,0.0,-0.5932,0.5932
390,0,1,1,0.0,3.2e-05,0.7931,0.7931
blink,0,1,1,0.0,3.2e-05,0.7931,0.7931
stony,1,0,1,2.8e-05,0.0,-0.5932,0.5932
staffing,1,0,1,2.8e-05,0.0,-0.5932,0.5932
median,0,1,1,0.0,3.2e-05,0.7931,0.7931
eovm,1,0,1,2.8e-05,0.0,-0.5932,0.5932
ww3,0,1,1,0.0,3.2e-05,0.7931,0.7931
akame,1,0,1,2.8e-05,0.0,-0.5932,0.5932
infinite,1,0,1,2.8e-05,0.0,-0.5932,0.5932
opposed,0,1,1,0.0,3.2e-05,0.7931,0.7931
overcharging,0,1,1,0.0,3.2e-05,0.7931,0.7931
mixtape,1,0,1,2.8e-05,0.0,-0.5932,0.5932
10m,0,1,1,0.0,3.2e-05,0.7931,0.7931
pleas,0,1,1,0.0,3.2e-05,0.7931,0.7931
coke,0,1,1,0.0,3.2e-05,0.7931,0.7931
cnmi,0,1,1,0.0,3.2e-05,0.7931,0.7931
wctv,0,1,1,0.0,3.2e-05,0.7931,0.7931
googlemaps,1,0,1,2.8e-05,0.0,-0.5932,0.5932
thedoolinggroup,0,1,1,0.0,3.2e-05,0.7931,0.7931
psp,1,0,1,2.8e-05,0.0,-0.5932,0.5932
publishing,1,0,1,2.8e-05,0.0,-0.5932,0.5932
playingnow,1,0,1,2.8e-05,0.0,-0.5932,0.5932
weirdo,1,0,1,2.8e-05,0.0,-0.5932,0.5932
skaggs,0,1,1,0.0,3.2e-05,0.7931,0.7931
pup,0,1,1,0.0,3.2e-05,0.7931,0.7931
tullamarine,0,1,1,0.0,3.2e-05,0.7931,0.7931
crazier,0,1,1,0.0,3.2e-05,0.7931,0.7931
eisenhower,1,0,1,2.8e-05,0.0,-0.5932,0.5932
ownership,1,0,1,2.8e-05,0.0,-0.5932,0.5932
web,1,0,1,2.8e-05,0.0,-0.5932,0.5932
ng2x5,1,0,1,2.8e-05,0.0,-0.5932,0.5932
indiscriminate,0,1,1,0.0,3.2e-05,0.7931,0.7931
4the,0,1,1,0.0,3.2e-05,0.7931,0.7931
lad,1,0,1,2.8e-05,0.0,-0.5932,0.5932
symantec,1,0,1,2.8e-05,0.0,-0.5932,0.5932
metrotown,1,0,1,2.8e-05,0.0,-0.5932,0.5932
sole,0,1,1,0.0,3.2e-05,0.7931,0.7931
grabbing,0,1,1,0.0,3.2e-05,0.7931,0.7931
hamayun,0,1,1,0.0,3.2e-05,0.7931,0.7931
mcgsecure,1,0,1,2.8e-05,0.0,-0.5932,0.5932
illusions,1,0,1,2.8e-05,0.0,-0.5932,0.5932
blubber,1,0,1,2.8e-05,0.0,-0.5932,0.5932
institutionalize,1,0,1,2.8e-05,0.0,-0.5932,0.5932
structuring,1,0,1,2.8e-05,0.0,-0.5932,0.5932
pantofel,0,1,1,0.0,3.2e-05,0.7931,0.7931
janenelson097,1,0,1,2.8e-05,0.0,-0.5932,0.5932
drains,0,1,1,0.0,3.2e-05,0.7931,0.7931
zimmer,0,1,1,0.0,3.2e-05,0.7931,0.7931
minimal,1,0,1,2.8e-05,0.0,-0.5932,0.5932
kelloggs,1,0,1,2.8e-05,0.0,-0.5932,0.5932
kerri,1,0,1,2.8e-05,0.0,-0.5932,0.5932
osteen,1,0,1,2.8e-05,0.0,-0.5932,0.5932
terrain,0,1,1,0.0,3.2e-05,0.7931,0.7931
naomi,0,1,1,0.0,3.2e-05,0.7931,0.7931
wexler,1,0,1,2.8e-05,0.0,-0.5932,0.5932
tem,0,1,1,0.0,3.2e-05,0.7931,0.7931
breakdown,1,0,1,2.8e-05,0.0,-0.5932,0.5932
nno,1,0,1,2.8e-05,0.0,-0.5932,0.5932
shirts,0,1,1,0.0,3.2e-05,0.7931,0.7931
derives,0,1,1,0.0,3.2e-05,0.7931,0.7931
mirad,1,0,1,2.8e-05,0.0,-0.5932,0.5932
qualit,1,0,1,2.8e-05,0.0,-0.5932,0.5932
positivity,1,0,1,2.8e-05,0.0,-0.5932,0.5932
lanjut,1,0,1,2.8e-05,0.0,-0.5932,0.5932
vape,1,0,1,2.8e-05,0.0,-0.5932,0.5932
standardised,1,0,1,2.8e-05,0.0,-0.5932,0.5932
sequence,1,0,1,2.8e-05,0.0,-0.5932,0.5932
dolphins,1,0,1,2.8e-05,0.0,-0.5932,0.5932
thundersnow,0,1,1,0.0,3.2e-05,0.7931,0.7931
bred,1,0,1,2.8e-05,0.0,-0.5932,0.5932
shii,1,0,1,2.8e-05,0.0,-0.5932,0.5932
morty,1,0,1,2.8e-05,0.0,-0.5932,0.5932
swayback,0,1,1,0.0,3.2e-05,0.7931,0.7931
campers,0,1,1,0.0,3.2e-05,0.7931,0.7931
reliefweb,0,1,1,0.0,3.2e-05,0.7931,0.7931
championships,0,1,1,0.0,3.2e-05,0.7931,0.7931
coated,0,1,1,0.0,3.2e-05,0.7931,0.7931
allied,0,1,1,0.0,3.2e-05,0.7931,0.7931
trans,1,0,1,2.8e-05,0.0,-0.5932,0.5932
moist,1,0,1,2.8e-05,0.0,-0.5932,0.5932
mwjcdk,1,0,1,2.8e-05,0.0,-0.5932,0.5932
sb57,0,1,1,0.0,3.2e-05,0.7931,0.7931
northampton,0,1,1,0.0,3.2e-05,0.7931,0.7931
dougs,1,0,1,2.8e-05,0.0,-0.5932,0.5932
tac,0,1,1,0.0,3.2e-05,0.7931,0.7931
excessive,1,0,1,2.8e-05,0.0,-0.5932,0.5932
2002,0,1,1,0.0,3.2e-05,0.7931,0.7931
4am,1,0,1,2.8e-05,0.0,-0.5932,0.5932
zaman,0,1,1,0.0,3.2e-05,0.7931,0.7931
miniature,0,1,1,0.0,3.2e-05,0.7931,0.7931
withdraw,0,1,1,0.0,3.2e-05,0.7931,0.7931
politicized,1,0,1,2.8e-05,0.0,-0.5932,0.5932
lvl,1,0,1,2.8e-05,0.0,-0.5932,0.5932
lyf,1,0,1,2.8e-05,0.0,-0.5932,0.5932
deemed,1,0,1,2.8e-05,0.0,-0.5932,0.5932
hinata,0,1,1,0.0,3.2e-05,0.7931,0.7931
incremental,1,0,1,2.8e-05,0.0,-0.5932,0.5932
overtook,1,0,1,2.8e-05,0.0,-0.5932,0.5932
dupe,1,0,1,2.8e-05,0.0,-0.5932,0.5932
tinderbox,0,1,1,0.0,3.2e-05,0.7931,0.7931
meade,0,1,1,0.0,3.2e-05,0.7931,0.7931
discussed,1,0,1,2.8e-05,0.0,-0.5932,0.5932
timber,0,1,1,0.0,3.2e-05,0.7931,0.7931
vibrator,1,0,1,2.8e-05,0.0,-0.5932,0.5932
potter,1,0,1,2.8e-05,0.0,-0.5932,0.5932
reunite,1,0,1,2.8e-05,0.0,-0.5932,0.5932
costa,1,0,1,2.8e-05,0.0,-0.5932,0.5932
zombiefunrun2014,1,0,1,2.8e-05,0.0,-0.5932,0.5932
behaviors,0,1,1,0.0,3.2e-05,0.7931,0.7931
implication,1,0,1,2.8e-05,0.0,-0.5932,0.5932
ell,1,0,1,2.8e-05,0.0,-0.5932,0.5932
gaping,0,1,1,0.0,3.2e-05,0.7931,0.7931
borderlands2,1,0,1,2.8e-05,0.0,-0.5932,0.5932
nra,0,1,1,0.0,3.2e-05,0.7931,0.7931
tt,1,0,1,2.8e-05,0.0,-0.5932,0.5932
lining,1,0,1,2.8e-05,0.0,-0.5932,0.5932
carbondale,0,1,1,0.0,3.2e-05,0.7931,0.7931
300m,1,0,1,2.8e-05,0.0,-0.5932,0.5932
buted,0,1,1,0.0,3.2e-05,0.7931,0.7931
der,1,0,1,2.8e-05,0.0,-0.5932,0.5932
righteous,0,1,1,0.0,3.2e-05,0.7931,0.7931
attend,0,1,1,0.0,3.2e-05,0.7931,0.7931
shade,1,0,1,2.8e-05,0.0,-0.5932,0.5932
bids,1,0,1,2.8e-05,0.0,-0.5932,0.5932
strives,0,1,1,0.0,3.2e-05,0.7931,0.7931
cools,1,0,1,2.8e-05,0.0,-0.5932,0.5932
diesel,1,0,1,2.8e-05,0.0,-0.5932,0.5932
tbs,1,0,1,2.8e-05,0.0,-0.5932,0.5932
a2,0,1,1,0.0,3.2e-05,0.7931,0.7931
latinoand,1,0,1,2.8e-05,0.0,-0.5932,0.5932
switch,1,0,1,2.8e-05,0.0,-0.5932,0.5932
deejayempiresound,1,0,1,2.8e-05,0.0,-0.5932,0.5932
minors,1,0,1,2.8e-05,0.0,-0.5932,0.5932
grizzly,1,0,1,2.8e-05,0.0,-0.5932,0.5932
traintragedy,0,1,1,0.0,3.2e-05,0.7931,0.7931
devours,0,1,1,0.0,3.2e-05,0.7931,0.7931
wasp,1,0,1,2.8e-05,0.0,-0.5932,0.5932
connections,0,1,1,0.0,3.2e-05,0.7931,0.7931
enca,0,1,1,0.0,3.2e-05,0.7931,0.7931
hastle,1,0,1,2.8e-05,0.0,-0.5932,0.5932
cafetiere,0,1,1,0.0,3.2e-05,0.7931,0.7931
mistakes,0,1,1,0.0,3.2e-05,0.7931,0.7931
quizzed,0,1,1,0.0,3.2e-05,0.7931,0.7931
papa,1,0,1,2.8e-05,0.0,-0.5932,0.5932
funnynews,0,1,1,0.0,3.2e-05,0.7931,0.7931
umntu,1,0,1,2.8e-05,0.0,-0.5932,0.5932
hond,1,0,1,2.8e-05,0.0,-0.5932,0.5932
pwhvgwax,1,0,1,2.8e-05,0.0,-0.5932,0.5932
wasilla,1,0,1,2.8e-05,0.0,-0.5932,0.5932
nyack,0,1,1,0.0,3.2e-05,0.7931,0.7931
fuso,0,1,1,0.0,3.2e-05,0.7931,0.7931
wisconsin,1,0,1,2.8e-05,0.0,-0.5932,0.5932
660,0,1,1,0.0,3.2e-05,0.7931,0.7931
wattys2015,1,0,1,2.8e-05,0.0,-0.5932,0.5932
cowgirl,1,0,1,2.8e-05,0.0,-0.5932,0.5932
glove,1,0,1,2.8e-05,0.0,-0.5932,0.5932
reef,0,1,1,0.0,3.2e-05,0.7931,0.7931
fergie,1,0,1,2.8e-05,0.0,-0.5932,0.5932
bangladeshaffected,0,1,1,0.0,3.2e-05,0.7931,0.7931
twcnews,0,1,1,0.0,3.2e-05,0.7931,0.7931
header,1,0,1,2.8e-05,0.0,-0.5932,0.5932
correlate,1,0,1,2.8e-05,0.0,-0.5932,0.5932
mons,0,1,1,0.0,3.2e-05,0.7931,0.7931
vroman,1,0,1,2.8e-05,0.0,-0.5932,0.5932
daviesmutia,0,1,1,0.0,3.2e-05,0.7931,0.7931
blessing,1,0,1,2.8e-05,0.0,-0.5932,0.5932
melanie,1,0,1,2.8e-05,0.0,-0.5932,0.5932
holomua,1,0,1,2.8e-05,0.0,-0.5932,0.5932
remote,0,1,1,0.0,3.2e-05,0.7931,0.7931
barcousky,1,0,1,2.8e-05,0.0,-0.5932,0.5932
soni,1,0,1,2.8e-05,0.0,-0.5932,0.5932
i15,0,1,1,0.0,3.2e-05,0.7931,0.7931
arti,1,0,1,2.8e-05,0.0,-0.5932,0.5932
pikachu,1,0,1,2.8e-05,0.0,-0.5932,0.5932
innovative,1,0,1,2.8e-05,0.0,-0.5932,0.5932
lakeisabella,1,0,1,2.8e-05,0.0,-0.5932,0.5932
newsdict,1,0,1,2.8e-05,0.0,-0.5932,0.5932
idek,1,0,1,2.8e-05,0.0,-0.5932,0.5932
gospel,1,0,1,2.8e-05,0.0,-0.5932,0.5932
runaway,0,1,1,0.0,3.2e-05,0.7931,0.7931
behaviour,0,1,1,0.0,3.2e-05,0.7931,0.7931
wcvb,0,1,1,0.0,3.2e-05,0.7931,0.7931
duda,0,1,1,0.0,3.2e-05,0.7931,0.7931
rs5,1,0,1,2.8e-05,0.0,-0.5932,0.5932
lured,1,0,1,2.8e-05,0.0,-0.5932,0.5932
v8,1,0,1,2.8e-05,0.0,-0.5932,0.5932
akwa,1,0,1,2.8e-05,0.0,-0.5932,0.5932
legionna,0,1,1,0.0,3.2e-05,0.7931,0.7931
windwaker,1,0,1,2.8e-05,0.0,-0.5932,0.5932
rumbling,1,0,1,2.8e-05,0.0,-0.5932,0.5932
suns,1,0,1,2.8e-05,0.0,-0.5932,0.5932
hollyw,1,0,1,2.8e-05,0.0,-0.5932,0.5932
hyatt,0,1,1,0.0,3.2e-05,0.7931,0.7931
saumur,1,0,1,2.8e-05,0.0,-0.5932,0.5932
padded,1,0,1,2.8e-05,0.0,-0.5932,0.5932
comfortable,1,0,1,2.8e-05,0.0,-0.5932,0.5932
crackin,0,1,1,0.0,3.2e-05,0.7931,0.7931
3a,0,1,1,0.0,3.2e-05,0.7931,0.7931
tfl,1,0,1,2.8e-05,0.0,-0.5932,0.5932
minas,0,1,1,0.0,3.2e-05,0.7931,0.7931
sentenced,0,1,1,0.0,3.2e-05,0.7931,0.7931
negotiations,1,0,1,2.8e-05,0.0,-0.5932,0.5932
boarding,0,1,1,0.0,3.2e-05,0.7931,0.7931
198,1,0,1,2.8e-05,0.0,-0.5932,0.5932
richardson,1,0,1,2.8e-05,0.0,-0.5932,0.5932
eep,0,1,1,0.0,3.2e-05,0.7931,0.7931
motorists,0,1,1,0.0,3.2e-05,0.7931,0.7931
retirees,1,0,1,2.8e-05,0.0,-0.5932,0.5932
desolationofsmaug,1,0,1,2.8e-05,0.0,-0.5932,0.5932
routes,0,1,1,0.0,3.2e-05,0.7931,0.7931
gregory,1,0,1,2.8e-05,0.0,-0.5932,0.5932
impulsive,1,0,1,2.8e-05,0.0,-0.5932,0.5932
interlocking,0,1,1,0.0,3.2e-05,0.7931,0.7931
outnumbering,1,0,1,2.8e-05,0.0,-0.5932,0.5932
broadcasting,0,1,1,0.0,3.2e-05,0.7931,0.7931
testify,0,1,1,0.0,3.2e-05,0.7931,0.7931
gains,0,1,1,0.0,3.2e-05,0.7931,0.7931
salvages,1,0,1,2.8e-05,0.0,-0.5932,0.5932
printing,0,1,1,0.0,3.2e-05,0.7931,0.7931
safes,1,0,1,2.8e-05,0.0,-0.5932,0.5932
liguistic,1,0,1,2.8e-05,0.0,-0.5932,0.5932
tunis,0,1,1,0.0,3.2e-05,0.7931,0.7931
buren,0,1,1,0.0,3.2e-05,0.7931,0.7931
8550013,1,0,1,2.8e-05,0.0,-0.5932,0.5932
30bst,0,1,1,0.0,3.2e-05,0.7931,0.7931
florin,0,1,1,0.0,3.2e-05,0.7931,0.7931
hara,0,1,1,0.0,3.2e-05,0.7931,0.7931
droughts,0,1,1,0.0,3.2e-05,0.7931,0.7931
musk,0,1,1,0.0,3.2e-05,0.7931,0.7931
heheh,1,0,1,2.8e-05,0.0,-0.5932,0.5932
cossack,1,0,1,2.8e-05,0.0,-0.5932,0.5932
personalize,1,0,1,2.8e-05,0.0,-0.5932,0.5932
skip,0,1,1,0.0,3.2e-05,0.7931,0.7931
taint,1,0,1,2.8e-05,0.0,-0.5932,0.5932
joestrong,1,0,1,2.8e-05,0.0,-0.5932,0.5932
ojoubot,1,0,1,2.8e-05,0.0,-0.5932,0.5932
favors,1,0,1,2.8e-05,0.0,-0.5932,0.5932
horowitz,1,0,1,2.8e-05,0.0,-0.5932,0.5932
complaint,1,0,1,2.8e-05,0.0,-0.5932,0.5932
avysss,1,0,1,2.8e-05,0.0,-0.5932,0.5932
awesomesauce,1,0,1,2.8e-05,0.0,-0.5932,0.5932
aids,1,0,1,2.8e-05,0.0,-0.5932,0.5932
deutsch,1,0,1,2.8e-05,0.0,-0.5932,0.5932
honduran,1,0,1,2.8e-05,0.0,-0.5932,0.5932
gazans,0,1,1,0.0,3.2e-05,0.7931,0.7931
microchip,1,0,1,2.8e-05,0.0,-0.5932,0.5932
titania,1,0,1,2.8e-05,0.0,-0.5932,0.5932
maintained,1,0,1,2.8e-05,0.0,-0.5932,0.5932
nz,1,0,1,2.8e-05,0.0,-0.5932,0.5932
gut,1,0,1,2.8e-05,0.0,-0.5932,0.5932
yolk,1,0,1,2.8e-05,0.0,-0.5932,0.5932
cdcwhistleblower,0,1,1,0.0,3.2e-05,0.7931,0.7931
parched,0,1,1,0.0,3.2e-05,0.7931,0.7931
hassle,0,1,1,0.0,3.2e-05,0.7931,0.7931
totoooooooooo,0,1,1,0.0,3.2e-05,0.7931,0.7931
zippoline,1,0,1,2.8e-05,0.0,-0.5932,0.5932
coppednews,0,1,1,0.0,3.2e-05,0.7931,0.7931
sanction,0,1,1,0.0,3.2e-05,0.7931,0.7931
latinos,0,1,1,0.0,3.2e-05,0.7931,0.7931
byityf,1,0,1,2.8e-05,0.0,-0.5932,0.5932
foo,1,0,1,2.8e-05,0.0,-0.5932,0.5932
fireball,0,1,1,0.0,3.2e-05,0.7931,0.7931
promo,1,0,1,2.8e-05,0.0,-0.5932,0.5932
rabidmonkeys1,1,0,1,2.8e-05,0.0,-0.5932,0.5932
preset,1,0,1,2.8e-05,0.0,-0.5932,0.5932
delanys,1,0,1,2.8e-05,0.0,-0.5932,0.5932
salman,1,0,1,2.8e-05,0.0,-0.5932,0.5932
compensations,0,1,1,0.0,3.2e-05,0.7931,0.7931
fanbase,1,0,1,2.8e-05,0.0,-0.5932,0.5932
wbc2015,1,0,1,2.8e-05,0.0,-0.5932,0.5932
aluminum,0,1,1,0.0,3.2e-05,0.7931,0.7931
afte,0,1,1,0.0,3.2e-05,0.7931,0.7931
alves,1,0,1,2.8e-05,0.0,-0.5932,0.5932
maddddd,0,1,1,0.0,3.2e-05,0.7931,0.7931
rotary,1,0,1,2.8e-05,0.0,-0.5932,0.5932
tunisia,0,1,1,0.0,3.2e-05,0.7931,0.7931
jogger,1,0,1,2.8e-05,0.0,-0.5932,0.5932
residual,0,1,1,0.0,3.2e-05,0.7931,0.7931
videogame,1,0,1,2.8e-05,0.0,-0.5932,0.5932
shrews,0,1,1,0.0,3.2e-05,0.7931,0.7931
nana,0,1,1,0.0,3.2e-05,0.7931,0.7931
studded,1,0,1,2.8e-05,0.0,-0.5932,0.5932
comic,1,0,1,2.8e-05,0.0,-0.5932,0.5932
8217,0,1,1,0.0,3.2e-05,0.7931,0.7931
femas,0,1,1,0.0,3.2e-05,0.7931,0.7931
thehobbit,1,0,1,2.8e-05,0.0,-0.5932,0.5932
1000s,0,1,1,0.0,3.2e-05,0.7931,0.7931
fetch,0,1,1,0.0,3.2e-05,0.7931,0.7931
thursdays,1,0,1,2.8e-05,0.0,-0.5932,0.5932
palmoil,0,1,1,0.0,3.2e-05,0.7931,0.7931
insults,1,0,1,2.8e-05,0.0,-0.5932,0.5932
researchers,0,1,1,0.0,3.2e-05,0.7931,0.7931
yycfringe,0,1,1,0.0,3.2e-05,0.7931,0.7931
ifunny,0,1,1,0.0,3.2e-05,0.7931,0.7931
retard,1,0,1,2.8e-05,0.0,-0.5932,0.5932
bbm,1,0,1,2.8e-05,0.0,-0.5932,0.5932
linden,1,0,1,2.8e-05,0.0,-0.5932,0.5932
ouvir,1,0,1,2.8e-05,0.0,-0.5932,0.5932
deepak,1,0,1,2.8e-05,0.0,-0.5932,0.5932
ndetention,0,1,1,0.0,3.2e-05,0.7931,0.7931
womb,1,0,1,2.8e-05,0.0,-0.5932,0.5932
overtures,1,0,1,2.8e-05,0.0,-0.5932,0.5932
recalled,1,0,1,2.8e-05,0.0,-0.5932,0.5932
soulja,0,1,1,0.0,3.2e-05,0.7931,0.7931
icaseit,1,0,1,2.8e-05,0.0,-0.5932,0.5932
creek,0,1,1,0.0,3.2e-05,0.7931,0.7931
keepingtheviginaclean,1,0,1,2.8e-05,0.0,-0.5932,0.5932
zach,1,0,1,2.8e-05,0.0,-0.5932,0.5932
tyar,0,1,1,0.0,3.2e-05,0.7931,0.7931
psqd,0,1,1,0.0,3.2e-05,0.7931,0.7931
1028,1,0,1,2.8e-05,0.0,-0.5932,0.5932
fleet,0,1,1,0.0,3.2e-05,0.7931,0.7931
kfvs12,0,1,1,0.0,3.2e-05,0.7931,0.7931
550,1,0,1,2.8e-05,0.0,-0.5932,0.5932
graduated,1,0,1,2.8e-05,0.0,-0.5932,0.5932
capoeira,1,0,1,2.8e-05,0.0,-0.5932,0.5932
towing,1,0,1,2.8e-05,0.0,-0.5932,0.5932
foods,1,0,1,2.8e-05,0.0,-0.5932,0.5932
mizuta,1,0,1,2.8e-05,0.0,-0.5932,0.5932
ghost2,0,1,1,0.0,3.2e-05,0.7931,0.7931
thigh,0,1,1,0.0,3.2e-05,0.7931,0.7931
lashings,1,0,1,2.8e-05,0.0,-0.5932,0.5932
backlash,1,0,1,2.8e-05,0.0,-0.5932,0.5932
targe,0,1,1,0.0,3.2e-05,0.7931,0.7931
bedding,1,0,1,2.8e-05,0.0,-0.5932,0.5932
tolerance,1,0,1,2.8e-05,0.0,-0.5932,0.5932
hangout,1,0,1,2.8e-05,0.0,-0.5932,0.5932
gene,1,0,1,2.8e-05,0.0,-0.5932,0.5932
bloggers,1,0,1,2.8e-05,0.0,-0.5932,0.5932
sweaty,0,1,1,0.0,3.2e-05,0.7931,0.7931
mart,1,0,1,2.8e-05,0.0,-0.5932,0.5932
driller,1,0,1,2.8e-05,0.0,-0.5932,0.5932
savages,1,0,1,2.8e-05,0.0,-0.5932,0.5932
jumpin,1,0,1,2.8e-05,0.0,-0.5932,0.5932
sebee,0,1,1,0.0,3.2e-05,0.7931,0.7931
bailed,1,0,1,2.8e-05,0.0,-0.5932,0.5932
expanding,1,0,1,2.8e-05,0.0,-0.5932,0.5932
striptease,1,0,1,2.8e-05,0.0,-0.5932,0.5932
deviating,0,1,1,0.0,3.2e-05,0.7931,0.7931
80m,0,1,1,0.0,3.2e-05,0.7931,0.7931
almighty,0,1,1,0.0,3.2e-05,0.7931,0.7931
dip,1,0,1,2.8e-05,0.0,-0.5932,0.5932
srsly,1,0,1,2.8e-05,0.0,-0.5932,0.5932
sidewalk,1,0,1,2.8e-05,0.0,-0.5932,0.5932
gards,1,0,1,2.8e-05,0.0,-0.5932,0.5932
divestitures,1,0,1,2.8e-05,0.0,-0.5932,0.5932
pll,1,0,1,2.8e-05,0.0,-0.5932,0.5932
realhiphop,0,1,1,0.0,3.2e-05,0.7931,0.7931
85v,1,0,1,2.8e-05,0.0,-0.5932,0.5932
crazyweather,0,1,1,0.0,3.2e-05,0.7931,0.7931
commenters,0,1,1,0.0,3.2e-05,0.7931,0.7931
advantages,1,0,1,2.8e-05,0.0,-0.5932,0.5932
3941,1,0,1,2.8e-05,0.0,-0.5932,0.5932
suspended,0,1,1,0.0,3.2e-05,0.7931,0.7931
barkevious,1,0,1,2.8e-05,0.0,-0.5932,0.5932
grinds,0,1,1,0.0,3.2e-05,0.7931,0.7931
cows,0,1,1,0.0,3.2e-05,0.7931,0.7931
barbaric,1,0,1,2.8e-05,0.0,-0.5932,0.5932
fundraiser,0,1,1,0.0,3.2e-05,0.7931,0.7931
pulkovo,1,0,1,2.8e-05,0.0,-0.5932,0.5932
carcinoma,1,0,1,2.8e-05,0.0,-0.5932,0.5932
halsey,1,0,1,2.8e-05,0.0,-0.5932,0.5932
gbbo2015,0,1,1,0.0,3.2e-05,0.7931,0.7931
hint,0,1,1,0.0,3.2e-05,0.7931,0.7931
melted,1,0,1,2.8e-05,0.0,-0.5932,0.5932
assets,1,0,1,2.8e-05,0.0,-0.5932,0.5932
offloading,0,1,1,0.0,3.2e-05,0.7931,0.7931
mulberry,1,0,1,2.8e-05,0.0,-0.5932,0.5932
agreements,0,1,1,0.0,3.2e-05,0.7931,0.7931
drob,1,0,1,2.8e-05,0.0,-0.5932,0.5932
separated,1,0,1,2.8e-05,0.0,-0.5932,0.5932
daviss,1,0,1,2.8e-05,0.0,-0.5932,0.5932
0215,1,0,1,2.8e-05,0.0,-0.5932,0.5932
besafe,0,1,1,0.0,3.2e-05,0.7931,0.7931
dalroy,0,1,1,0.0,3.2e-05,0.7931,0.7931
statesville,0,1,1,0.0,3.2e-05,0.7931,0.7931
fundamentals,1,0,1,2.8e-05,0.0,-0.5932,0.5932
ppact,1,0,1,2.8e-05,0.0,-0.5932,0.5932
unarmed,1,0,1,2.8e-05,0.0,-0.5932,0.5932
ov,1,0,1,2.8e-05,0.0,-0.5932,0.5932
trib,0,1,1,0.0,3.2e-05,0.7931,0.7931
epileptic,1,0,1,2.8e-05,0.0,-0.5932,0.5932
stepkans,0,1,1,0.0,3.2e-05,0.7931,0.7931
workd,0,1,1,0.0,3.2e-05,0.7931,0.7931
daughtery,1,0,1,2.8e-05,0.0,-0.5932,0.5932
babri,1,0,1,2.8e-05,0.0,-0.5932,0.5932
heartdisease,0,1,1,0.0,3.2e-05,0.7931,0.7931
calamities,1,0,1,2.8e-05,0.0,-0.5932,0.5932
concur,1,0,1,2.8e-05,0.0,-0.5932,0.5932
mint,1,0,1,2.8e-05,0.0,-0.5932,0.5932
migraine,0,1,1,0.0,3.2e-05,0.7931,0.7931
arrogant,1,0,1,2.8e-05,0.0,-0.5932,0.5932
brunt,1,0,1,2.8e-05,0.0,-0.5932,0.5932
nycfc,1,0,1,2.8e-05,0.0,-0.5932,0.5932
buzzfeed,0,1,1,0.0,3.2e-05,0.7931,0.7931
kasab,0,1,1,0.0,3.2e-05,0.7931,0.7931
skateboards,1,0,1,2.8e-05,0.0,-0.5932,0.5932
sk398,0,1,1,0.0,3.2e-05,0.7931,0.7931
ja,1,0,1,2.8e-05,0.0,-0.5932,0.5932
remaster,1,0,1,2.8e-05,0.0,-0.5932,0.5932
seventies,0,1,1,0.0,3.2e-05,0.7931,0.7931
himalayas,0,1,1,0.0,3.2e-05,0.7931,0.7931
mediocrity,1,0,1,2.8e-05,0.0,-0.5932,0.5932
hrsto,1,0,1,2.8e-05,0.0,-0.5932,0.5932
sought,1,0,1,2.8e-05,0.0,-0.5932,0.5932
bf,0,1,1,0.0,3.2e-05,0.7931,0.7931
tremont,1,0,1,2.8e-05,0.0,-0.5932,0.5932
harman,1,0,1,2.8e-05,0.0,-0.5932,0.5932
pink,1,0,1,2.8e-05,0.0,-0.5932,0.5932
ncwx,0,1,1,0.0,3.2e-05,0.7931,0.7931
crptotech,0,1,1,0.0,3.2e-05,0.7931,0.7931
forgeting,0,1,1,0.0,3.2e-05,0.7931,0.7931
vtc,0,1,1,0.0,3.2e-05,0.7931,0.7931
uncontrollable,1,0,1,2.8e-05,0.0,-0.5932,0.5932
superintendent,1,0,1,2.8e-05,0.0,-0.5932,0.5932
gis,1,0,1,2.8e-05,0.0,-0.5932,0.5932
ibiza,1,0,1,2.8e-05,0.0,-0.5932,0.5932
protected,1,0,1,2.8e-05,0.0,-0.5932,0.5932
lukebox,1,0,1,2.8e-05,0.0,-0.5932,0.5932
tlvfacesauspol,0,1,1,0.0,3.2e-05,0.7931,0.7931
gap,1,0,1,2.8e-05,0.0,-0.5932,0.5932
commons,1,0,1,2.8e-05,0.0,-0.5932,0.5932
apologize,1,0,1,2.8e-05,0.0,-0.5932,0.5932
rumah,1,0,1,2.8e-05,0.0,-0.5932,0.5932
iclown,1,0,1,2.8e-05,0.0,-0.5932,0.5932
mop,0,1,1,0.0,3.2e-05,0.7931,0.7931
damnnnn,1,0,1,2.8e-05,0.0,-0.5932,0.5932
counselors,1,0,1,2.8e-05,0.0,-0.5932,0.5932
everest,1,0,1,2.8e-05,0.0,-0.5932,0.5932
allotment,0,1,1,0.0,3.2e-05,0.7931,0.7931
pointless,1,0,1,2.8e-05,0.0,-0.5932,0.5932
pletch,0,1,1,0.0,3.2e-05,0.7931,0.7931
dazzle,1,0,1,2.8e-05,0.0,-0.5932,0.5932
brixton,1,0,1,2.8e-05,0.0,-0.5932,0.5932
62,1,0,1,2.8e-05,0.0,-0.5932,0.5932
creeping,1,0,1,2.8e-05,0.0,-0.5932,0.5932
stealth,1,0,1,2.8e-05,0.0,-0.5932,0.5932
curse,1,0,1,2.8e-05,0.0,-0.5932,0.5932
acne,1,0,1,2.8e-05,0.0,-0.5932,0.5932
deco,0,1,1,0.0,3.2e-05,0.7931,0.7931
barber,1,0,1,2.8e-05,0.0,-0.5932,0.5932
jiahahahha,1,0,1,2.8e-05,0.0,-0.5932,0.5932
charmed,1,0,1,2.8e-05,0.0,-0.5932,0.5932
specialneeds,1,0,1,2.8e-05,0.0,-0.5932,0.5932
pilgrims,1,0,1,2.8e-05,0.0,-0.5932,0.5932
aching,1,0,1,2.8e-05,0.0,-0.5932,0.5932
preferable,1,0,1,2.8e-05,0.0,-0.5932,0.5932
repression,0,1,1,0.0,3.2e-05,0.7931,0.7931
herman,0,1,1,0.0,3.2e-05,0.7931,0.7931
embarrassing,0,1,1,0.0,3.2e-05,0.7931,0.7931
kikes,0,1,1,0.0,3.2e-05,0.7931,0.7931
rescind,0,1,1,0.0,3.2e-05,0.7931,0.7931
420,1,0,1,2.8e-05,0.0,-0.5932,0.5932
nowt,1,0,1,2.8e-05,0.0,-0.5932,0.5932
volcanic,0,1,1,0.0,3.2e-05,0.7931,0.7931
bans,1,0,1,2.8e-05,0.0,-0.5932,0.5932
02pm,0,1,1,0.0,3.2e-05,0.7931,0.7931
inequality,1,0,1,2.8e-05,0.0,-0.5932,0.5932
67,1,0,1,2.8e-05,0.0,-0.5932,0.5932
triad,0,1,1,0.0,3.2e-05,0.7931,0.7931
1952,0,1,1,0.0,3.2e-05,0.7931,0.7931
ftsn,0,1,1,0.0,3.2e-05,0.7931,0.7931
x2,1,0,1,2.8e-05,0.0,-0.5932,0.5932
askforalaska,1,0,1,2.8e-05,0.0,-0.5932,0.5932
irwin,1,0,1,2.8e-05,0.0,-0.5932,0.5932
onlinemh370,0,1,1,0.0,3.2e-05,0.7931,0.7931
pounding,1,0,1,2.8e-05,0.0,-0.5932,0.5932
seatbelt,0,1,1,0.0,3.2e-05,0.7931,0.7931
3945,1,0,1,2.8e-05,0.0,-0.5932,0.5932
backtoback,0,1,1,0.0,3.2e-05,0.7931,0.7931
requa,0,1,1,0.0,3.2e-05,0.7931,0.7931
bannukes,0,1,1,0.0,3.2e-05,0.7931,0.7931
denton,0,1,1,0.0,3.2e-05,0.7931,0.7931
beth,1,0,1,2.8e-05,0.0,-0.5932,0.5932
ny1burst,0,1,1,0.0,3.2e-05,0.7931,0.7931
buthidaung,0,1,1,0.0,3.2e-05,0.7931,0.7931
fowlers,0,1,1,0.0,3.2e-05,0.7931,0.7931
engaged,0,1,1,0.0,3.2e-05,0.7931,0.7931
redesigning,1,0,1,2.8e-05,0.0,-0.5932,0.5932
cuffs,1,0,1,2.8e-05,0.0,-0.5932,0.5932
copperfields,0,1,1,0.0,3.2e-05,0.7931,0.7931
premises,1,0,1,2.8e-05,0.0,-0.5932,0.5932
pagasa,0,1,1,0.0,3.2e-05,0.7931,0.7931
yeahs,1,0,1,2.8e-05,0.0,-0.5932,0.5932
afycso,0,1,1,0.0,3.2e-05,0.7931,0.7931
dqsvyusy,1,0,1,2.8e-05,0.0,-0.5932,0.5932
queensland,0,1,1,0.0,3.2e-05,0.7931,0.7931
10k,1,0,1,2.8e-05,0.0,-0.5932,0.5932
indot,1,0,1,2.8e-05,0.0,-0.5932,0.5932
snipe,1,0,1,2.8e-05,0.0,-0.5932,0.5932
templates,1,0,1,2.8e-05,0.0,-0.5932,0.5932
breed,1,0,1,2.8e-05,0.0,-0.5932,0.5932
70000,0,1,1,0.0,3.2e-05,0.7931,0.7931
73km,0,1,1,0.0,3.2e-05,0.7931,0.7931
gauze,1,0,1,2.8e-05,0.0,-0.5932,0.5932
efs300,1,0,1,2.8e-05,0.0,-0.5932,0.5932
slumber,1,0,1,2.8e-05,0.0,-0.5932,0.5932
pitcher,1,0,1,2.8e-05,0.0,-0.5932,0.5932
raptors,1,0,1,2.8e-05,0.0,-0.5932,0.5932
blevins,0,1,1,0.0,3.2e-05,0.7931,0.7931
rubbery,1,0,1,2.8e-05,0.0,-0.5932,0.5932
stray,1,0,1,2.8e-05,0.0,-0.5932,0.5932
7newsadl,1,0,1,2.8e-05,0.0,-0.5932,0.5932
serbian,1,0,1,2.8e-05,0.0,-0.5932,0.5932
limestone,0,1,1,0.0,3.2e-05,0.7931,0.7931
dose,0,1,1,0.0,3.2e-05,0.7931,0.7931
bathandnortheastsomerset,0,1,1,0.0,3.2e-05,0.7931,0.7931
infiltrated,0,1,1,0.0,3.2e-05,0.7931,0.7931
panama,0,1,1,0.0,3.2e-05,0.7931,0.7931
doubleghats,1,0,1,2.8e-05,0.0,-0.5932,0.5932
artwork,0,1,1,0.0,3.2e-05,0.7931,0.7931
prem,1,0,1,2.8e-05,0.0,-0.5932,0.5932
adjuster,1,0,1,2.8e-05,0.0,-0.5932,0.5932
drago,1,0,1,2.8e-05,0.0,-0.5932,0.5932
northbound,0,1,1,0.0,3.2e-05,0.7931,0.7931
ghost,0,1,1,0.0,3.2e-05,0.7931,0.7931
amino,1,0,1,2.8e-05,0.0,-0.5932,0.5932
hogan,1,0,1,2.8e-05,0.0,-0.5932,0.5932
crucial,1,0,1,2.8e-05,0.0,-0.5932,0.5932
regr,0,1,1,0.0,3.2e-05,0.7931,0.7931
leaking,0,1,1,0.0,3.2e-05,0.7931,0.7931
okla,0,1,1,0.0,3.2e-05,0.7931,0.7931
safari,1,0,1,2.8e-05,0.0,-0.5932,0.5932
irons,0,1,1,0.0,3.2e-05,0.7931,0.7931
cs6,1,0,1,2.8e-05,0.0,-0.5932,0.5932
berlatsky,1,0,1,2.8e-05,0.0,-0.5932,0.5932
baiting,1,0,1,2.8e-05,0.0,-0.5932,0.5932
pascal,1,0,1,2.8e-05,0.0,-0.5932,0.5932
switzerland,0,1,1,0.0,3.2e-05,0.7931,0.7931
meddling,1,0,1,2.8e-05,0.0,-0.5932,0.5932
cecil,1,0,1,2.8e-05,0.0,-0.5932,0.5932
customized,1,0,1,2.8e-05,0.0,-0.5932,0.5932
waterboarding,1,0,1,2.8e-05,0.0,-0.5932,0.5932
mugged,1,0,1,2.8e-05,0.0,-0.5932,0.5932
1940,0,1,1,0.0,3.2e-05,0.7931,0.7931
babality,1,0,1,2.8e-05,0.0,-0.5932,0.5932
speculation,1,0,1,2.8e-05,0.0,-0.5932,0.5932
everton,1,0,1,2.8e-05,0.0,-0.5932,0.5932
tolewantg,0,1,1,0.0,3.2e-05,0.7931,0.7931
ascend,1,0,1,2.8e-05,0.0,-0.5932,0.5932
riches,1,0,1,2.8e-05,0.0,-0.5932,0.5932
ungodly,1,0,1,2.8e-05,0.0,-0.5932,0.5932
misty,1,0,1,2.8e-05,0.0,-0.5932,0.5932
noooooooo,1,0,1,2.8e-05,0.0,-0.5932,0.5932
sheeting,0,1,1,0.0,3.2e-05,0.7931,0.7931
spends,0,1,1,0.0,3.2e-05,0.7931,0.7931
40hourfamine,0,1,1,0.0,3.2e-05,0.7931,0.7931
katterp,1,0,1,2.8e-05,0.0,-0.5932,0.5932
410,1,0,1,2.8e-05,0.0,-0.5932,0.5932
scseestapreparando,0,1,1,0.0,3.2e-05,0.7931,0.7931
flame,1,0,1,2.8e-05,0.0,-0.5932,0.5932
grayed,1,0,1,2.8e-05,0.0,-0.5932,0.5932
abbandoned,1,0,1,2.8e-05,0.0,-0.5932,0.5932
decomposition,0,1,1,0.0,3.2e-05,0.7931,0.7931
311,0,1,1,0.0,3.2e-05,0.7931,0.7931
agalloch,1,0,1,2.8e-05,0.0,-0.5932,0.5932
lily,1,0,1,2.8e-05,0.0,-0.5932,0.5932
owen,0,1,1,0.0,3.2e-05,0.7931,0.7931
beatz,1,0,1,2.8e-05,0.0,-0.5932,0.5932
sneezing,1,0,1,2.8e-05,0.0,-0.5932,0.5932
seward,1,0,1,2.8e-05,0.0,-0.5932,0.5932
convention,0,1,1,0.0,3.2e-05,0.7931,0.7931
lewis,1,0,1,2.8e-05,0.0,-0.5932,0.5932
android,1,0,1,2.8e-05,0.0,-0.5932,0.5932
warped,0,1,1,0.0,3.2e-05,0.7931,0.7931
dill,1,0,1,2.8e-05,0.0,-0.5932,0.5932
yennora,0,1,1,0.0,3.2e-05,0.7931,0.7931
corpse,0,1,1,0.0,3.2e-05,0.7931,0.7931
zotar,0,1,1,0.0,3.2e-05,0.7931,0.7931
home2,1,0,1,2.8e-05,0.0,-0.5932,0.5932
impacting,0,1,1,0.0,3.2e-05,0.7931,0.7931
sensitive,1,0,1,2.8e-05,0.0,-0.5932,0.5932
nightmarish,1,0,1,2.8e-05,0.0,-0.5932,0.5932
atv,1,0,1,2.8e-05,0.0,-0.5932,0.5932
moron,1,0,1,2.8e-05,0.0,-0.5932,0.5932
otd,0,1,1,0.0,3.2e-05,0.7931,0.7931
rebound,1,0,1,2.8e-05,0.0,-0.5932,0.5932
catlow,1,0,1,2.8e-05,0.0,-0.5932,0.5932
swivels,1,0,1,2.8e-05,0.0,-0.5932,0.5932
nghlth,0,1,1,0.0,3.2e-05,0.7931,0.7931
smug,1,0,1,2.8e-05,0.0,-0.5932,0.5932
suspending,0,1,1,0.0,3.2e-05,0.7931,0.7931
marketwatch,1,0,1,2.8e-05,0.0,-0.5932,0.5932
mums,1,0,1,2.8e-05,0.0,-0.5932,0.5932
californians,0,1,1,0.0,3.2e-05,0.7931,0.7931
wrestler,1,0,1,2.8e-05,0.0,-0.5932,0.5932
groin,1,0,1,2.8e-05,0.0,-0.5932,0.5932
nova,1,0,1,2.8e-05,0.0,-0.5932,0.5932
cannibalism,0,1,1,0.0,3.2e-05,0.7931,0.7931
bible,1,0,1,2.8e-05,0.0,-0.5932,0.5932
q1,1,0,1,2.8e-05,0.0,-0.5932,0.5932
worldwatchesferguson,0,1,1,0.0,3.2e-05,0.7931,0.7931
distraction,1,0,1,2.8e-05,0.0,-0.5932,0.5932
arlington,0,1,1,0.0,3.2e-05,0.7931,0.7931
pod,0,1,1,0.0,3.2e-05,0.7931,0.7931
dynastic,1,0,1,2.8e-05,0.0,-0.5932,0.5932
flashflood,0,1,1,0.0,3.2e-05,0.7931,0.7931
franta,0,1,1,0.0,3.2e-05,0.7931,0.7931
nuys,1,0,1,2.8e-05,0.0,-0.5932,0.5932
destinationimpact,1,0,1,2.8e-05,0.0,-0.5932,0.5932
alliance,1,0,1,2.8e-05,0.0,-0.5932,0.5932
vaping101,1,0,1,2.8e-05,0.0,-0.5932,0.5932
pascoe,0,1,1,0.0,3.2e-05,0.7931,0.7931
displeased,1,0,1,2.8e-05,0.0,-0.5932,0.5932
darken,1,0,1,2.8e-05,0.0,-0.5932,0.5932
remymarcel,1,0,1,2.8e-05,0.0,-0.5932,0.5932
siena,1,0,1,2.8e-05,0.0,-0.5932,0.5932
sportsroadhouse,1,0,1,2.8e-05,0.0,-0.5932,0.5932
overturned,0,1,1,0.0,3.2e-05,0.7931,0.7931
b1g,0,1,1,0.0,3.2e-05,0.7931,0.7931
impairs,0,1,1,0.0,3.2e-05,0.7931,0.7931
yougov,0,1,1,0.0,3.2e-05,0.7931,0.7931
cramming,1,0,1,2.8e-05,0.0,-0.5932,0.5932
martial,1,0,1,2.8e-05,0.0,-0.5932,0.5932
forming,0,1,1,0.0,3.2e-05,0.7931,0.7931
explicitly,0,1,1,0.0,3.2e-05,0.7931,0.7931
hoisting,0,1,1,0.0,3.2e-05,0.7931,0.7931
trader,1,0,1,2.8e-05,0.0,-0.5932,0.5932
hehe,1,0,1,2.8e-05,0.0,-0.5932,0.5932
losangeles,0,1,1,0.0,3.2e-05,0.7931,0.7931
arkan,0,1,1,0.0,3.2e-05,0.7931,0.7931
fireworks,0,1,1,0.0,3.2e-05,0.7931,0.7931
urg,1,0,1,2.8e-05,0.0,-0.5932,0.5932
readiness,1,0,1,2.8e-05,0.0,-0.5932,0.5932
multidimensional,0,1,1,0.0,3.2e-05,0.7931,0.7931
durban,1,0,1,2.8e-05,0.0,-0.5932,0.5932
developed,0,1,1,0.0,3.2e-05,0.7931,0.7931
bitters,1,0,1,2.8e-05,0.0,-0.5932,0.5932
rhode,1,0,1,2.8e-05,0.0,-0.5932,0.5932
awakenings,1,0,1,2.8e-05,0.0,-0.5932,0.5932
sandunes,0,1,1,0.0,3.2e-05,0.7931,0.7931
shorts,1,0,1,2.8e-05,0.0,-0.5932,0.5932
solving,0,1,1,0.0,3.2e-05,0.7931,0.7931
contributor,0,1,1,0.0,3.2e-05,0.7931,0.7931
111020,0,1,1,0.0,3.2e-05,0.7931,0.7931
holdin,1,0,1,2.8e-05,0.0,-0.5932,0.5932
lloyd,1,0,1,2.8e-05,0.0,-0.5932,0.5932
54000,1,0,1,2.8e-05,0.0,-0.5932,0.5932
maiga,0,1,1,0.0,3.2e-05,0.7931,0.7931
littlewomenla,1,0,1,2.8e-05,0.0,-0.5932,0.5932
steven,1,0,1,2.8e-05,0.0,-0.5932,0.5932
salopek,1,0,1,2.8e-05,0.0,-0.5932,0.5932
conveniently,0,1,1,0.0,3.2e-05,0.7931,0.7931
bask,0,1,1,0.0,3.2e-05,0.7931,0.7931
license,0,1,1,0.0,3.2e-05,0.7931,0.7931
mulan,1,0,1,2.8e-05,0.0,-0.5932,0.5932
85885473,1,0,1,2.8e-05,0.0,-0.5932,0.5932
mir,0,1,1,0.0,3.2e-05,0.7931,0.7931
paws,1,0,1,2.8e-05,0.0,-0.5932,0.5932
rediscovered,1,0,1,2.8e-05,0.0,-0.5932,0.5932
greinke,1,0,1,2.8e-05,0.0,-0.5932,0.5932
dua,0,1,1,0.0,3.2e-05,0.7931,0.7931
favorited,1,0,1,2.8e-05,0.0,-0.5932,0.5932
thruuu,0,1,1,0.0,3.2e-05,0.7931,0.7931
gore,1,0,1,2.8e-05,0.0,-0.5932,0.5932
floors,1,0,1,2.8e-05,0.0,-0.5932,0.5932
tuffers,1,0,1,2.8e-05,0.0,-0.5932,0.5932
nic,0,1,1,0.0,3.2e-05,0.7931,0.7931
pour,1,0,1,2.8e-05,0.0,-0.5932,0.5932
quarterstaff,0,1,1,0.0,3.2e-05,0.7931,0.7931
useless,1,0,1,2.8e-05,0.0,-0.5932,0.5932
mopheme,1,0,1,2.8e-05,0.0,-0.5932,0.5932
windowsill,1,0,1,2.8e-05,0.0,-0.5932,0.5932
worldoil,1,0,1,2.8e-05,0.0,-0.5932,0.5932
notre,1,0,1,2.8e-05,0.0,-0.5932,0.5932
che,0,1,1,0.0,3.2e-05,0.7931,0.7931
sumn,1,0,1,2.8e-05,0.0,-0.5932,0.5932
backing,1,0,1,2.8e-05,0.0,-0.5932,0.5932
www,0,1,1,0.0,3.2e-05,0.7931,0.7931
entretenimento,1,0,1,2.8e-05,0.0,-0.5932,0.5932
gal,0,1,1,0.0,3.2e-05,0.7931,0.7931
victimiser,1,0,1,2.8e-05,0.0,-0.5932,0.5932
colombian,1,0,1,2.8e-05,0.0,-0.5932,0.5932
leedstraif,1,0,1,2.8e-05,0.0,-0.5932,0.5932
broadcast,1,0,1,2.8e-05,0.0,-0.5932,0.5932
usar2015,1,0,1,2.8e-05,0.0,-0.5932,0.5932
truckcrash,0,1,1,0.0,3.2e-05,0.7931,0.7931
plannedparenthood,1,0,1,2.8e-05,0.0,-0.5932,0.5932
abc7eyewitness,1,0,1,2.8e-05,0.0,-0.5932,0.5932
militias,0,1,1,0.0,3.2e-05,0.7931,0.7931
purdies,1,0,1,2.8e-05,0.0,-0.5932,0.5932
biggie,1,0,1,2.8e-05,0.0,-0.5932,0.5932
cactus,1,0,1,2.8e-05,0.0,-0.5932,0.5932
steals,0,1,1,0.0,3.2e-05,0.7931,0.7931
hs2,1,0,1,2.8e-05,0.0,-0.5932,0.5932
bros,1,0,1,2.8e-05,0.0,-0.5932,0.5932
notified,0,1,1,0.0,3.2e-05,0.7931,0.7931
reassigned,0,1,1,0.0,3.2e-05,0.7931,0.7931
tricycle,0,1,1,0.0,3.2e-05,0.7931,0.7931
lloyds,1,0,1,2.8e-05,0.0,-0.5932,0.5932
intertissue,0,1,1,0.0,3.2e-05,0.7931,0.7931
postering,0,1,1,0.0,3.2e-05,0.7931,0.7931
suicides,1,0,1,2.8e-05,0.0,-0.5932,0.5932
rant,1,0,1,2.8e-05,0.0,-0.5932,0.5932
portfolio,1,0,1,2.8e-05,0.0,-0.5932,0.5932
paulhollywood,1,0,1,2.8e-05,0.0,-0.5932,0.5932
rockingham,0,1,1,0.0,3.2e-05,0.7931,0.7931
hcg,1,0,1,2.8e-05,0.0,-0.5932,0.5932
clegg,1,0,1,2.8e-05,0.0,-0.5932,0.5932
niiiice,0,1,1,0.0,3.2e-05,0.7931,0.7931
remand,0,1,1,0.0,3.2e-05,0.7931,0.7931
tfw,1,0,1,2.8e-05,0.0,-0.5932,0.5932
striked,0,1,1,0.0,3.2e-05,0.7931,0.7931
rainbows,1,0,1,2.8e-05,0.0,-0.5932,0.5932
mcr,1,0,1,2.8e-05,0.0,-0.5932,0.5932
jacinta,1,0,1,2.8e-05,0.0,-0.5932,0.5932
maid,1,0,1,2.8e-05,0.0,-0.5932,0.5932
smth,1,0,1,2.8e-05,0.0,-0.5932,0.5932
holidays,1,0,1,2.8e-05,0.0,-0.5932,0.5932
mere,1,0,1,2.8e-05,0.0,-0.5932,0.5932
henshaw,0,1,1,0.0,3.2e-05,0.7931,0.7931
overturn,0,1,1,0.0,3.2e-05,0.7931,0.7931
gasped,0,1,1,0.0,3.2e-05,0.7931,0.7931
tfb,1,0,1,2.8e-05,0.0,-0.5932,0.5932
rampage,1,0,1,2.8e-05,0.0,-0.5932,0.5932
economically,1,0,1,2.8e-05,0.0,-0.5932,0.5932
kijangbank,1,0,1,2.8e-05,0.0,-0.5932,0.5932
lovefood,0,1,1,0.0,3.2e-05,0.7931,0.7931
scraptrident,0,1,1,0.0,3.2e-05,0.7931,0.7931
champaign,1,0,1,2.8e-05,0.0,-0.5932,0.5932
sharif,0,1,1,0.0,3.2e-05,0.7931,0.7931
portrait,1,0,1,2.8e-05,0.0,-0.5932,0.5932
a3,1,0,1,2.8e-05,0.0,-0.5932,0.5932
breaking411,0,1,1,0.0,3.2e-05,0.7931,0.7931
amazondeals,1,0,1,2.8e-05,0.0,-0.5932,0.5932
gulfport,1,0,1,2.8e-05,0.0,-0.5932,0.5932
kurds,0,1,1,0.0,3.2e-05,0.7931,0.7931
poster,1,0,1,2.8e-05,0.0,-0.5932,0.5932
pug,1,0,1,2.8e-05,0.0,-0.5932,0.5932
citation,1,0,1,2.8e-05,0.0,-0.5932,0.5932
jackets,0,1,1,0.0,3.2e-05,0.7931,0.7931
uplifting,1,0,1,2.8e-05,0.0,-0.5932,0.5932
obligatory,1,0,1,2.8e-05,0.0,-0.5932,0.5932
flechadas,1,0,1,2.8e-05,0.0,-0.5932,0.5932
subjected,1,0,1,2.8e-05,0.0,-0.5932,0.5932
mumbaitimes,0,1,1,0.0,3.2e-05,0.7931,0.7931
demoness,1,0,1,2.8e-05,0.0,-0.5932,0.5932
prayforsaipan,0,1,1,0.0,3.2e-05,0.7931,0.7931
dumping,0,1,1,0.0,3.2e-05,0.7931,0.7931
fci,1,0,1,2.8e-05,0.0,-0.5932,0.5932
lowkey,1,0,1,2.8e-05,0.0,-0.5932,0.5932
northumberland,1,0,1,2.8e-05,0.0,-0.5932,0.5932
fastest,0,1,1,0.0,3.2e-05,0.7931,0.7931
harlan,0,1,1,0.0,3.2e-05,0.7931,0.7931
driverless,0,1,1,0.0,3.2e-05,0.7931,0.7931
acura,1,0,1,2.8e-05,0.0,-0.5932,0.5932
poses,1,0,1,2.8e-05,0.0,-0.5932,0.5932
chuck,1,0,1,2.8e-05,0.0,-0.5932,0.5932
offended,1,0,1,2.8e-05,0.0,-0.5932,0.5932
doessnt,1,0,1,2.8e-05,0.0,-0.5932,0.5932
nomorehandouts,1,0,1,2.8e-05,0.0,-0.5932,0.5932
rams,0,1,1,0.0,3.2e-05,0.7931,0.7931
reagan,0,1,1,0.0,3.2e-05,0.7931,0.7931
homegrown,0,1,1,0.0,3.2e-05,0.7931,0.7931
esports,1,0,1,2.8e-05,0.0,-0.5932,0.5932
marinelines,0,1,1,0.0,3.2e-05,0.7931,0.7931
dispensary,0,1,1,0.0,3.2e-05,0.7931,0.7931
nother,1,0,1,2.8e-05,0.0,-0.5932,0.5932
746,1,0,1,2.8e-05,0.0,-0.5932,0.5932
rrbc,1,0,1,2.8e-05,0.0,-0.5932,0.5932
528,1,0,1,2.8e-05,0.0,-0.5932,0.5932
baths,1,0,1,2.8e-05,0.0,-0.5932,0.5932
downgraded,1,0,1,2.8e-05,0.0,-0.5932,0.5932
clay,1,0,1,2.8e-05,0.0,-0.5932,0.5932
dressing,1,0,1,2.8e-05,0.0,-0.5932,0.5932
penny,0,1,1,0.0,3.2e-05,0.7931,0.7931
unaddressed,0,1,1,0.0,3.2e-05,0.7931,0.7931
theme,1,0,1,2.8e-05,0.0,-0.5932,0.5932
stardate,0,1,1,0.0,3.2e-05,0.7931,0.7931
crashsterling,1,0,1,2.8e-05,0.0,-0.5932,0.5932
snakes,0,1,1,0.0,3.2e-05,0.7931,0.7931
newbeginningsanimalrescue,1,0,1,2.8e-05,0.0,-0.5932,0.5932
puth,1,0,1,2.8e-05,0.0,-0.5932,0.5932
strawberries,0,1,1,0.0,3.2e-05,0.7931,0.7931
renamed,1,0,1,2.8e-05,0.0,-0.5932,0.5932
upstairs,1,0,1,2.8e-05,0.0,-0.5932,0.5932
nbc,0,1,1,0.0,3.2e-05,0.7931,0.7931
999day,0,1,1,0.0,3.2e-05,0.7931,0.7931
talked,0,1,1,0.0,3.2e-05,0.7931,0.7931
dawgs,1,0,1,2.8e-05,0.0,-0.5932,0.5932
catechize,1,0,1,2.8e-05,0.0,-0.5932,0.5932
helens,0,1,1,0.0,3.2e-05,0.7931,0.7931
demco,1,0,1,2.8e-05,0.0,-0.5932,0.5932
kidscompany,0,1,1,0.0,3.2e-05,0.7931,0.7931
mthe,1,0,1,2.8e-05,0.0,-0.5932,0.5932
vuln,1,0,1,2.8e-05,0.0,-0.5932,0.5932
tx,0,1,1,0.0,3.2e-05,0.7931,0.7931
totalitarian,1,0,1,2.8e-05,0.0,-0.5932,0.5932
cascada,1,0,1,2.8e-05,0.0,-0.5932,0.5932
underestimate,0,1,1,0.0,3.2e-05,0.7931,0.7931
supremo,1,0,1,2.8e-05,0.0,-0.5932,0.5932
kane,1,0,1,2.8e-05,0.0,-0.5932,0.5932
towboat,0,1,1,0.0,3.2e-05,0.7931,0.7931
fever,1,0,1,2.8e-05,0.0,-0.5932,0.5932
nh1news,0,1,1,0.0,3.2e-05,0.7931,0.7931
timestack,1,0,1,2.8e-05,0.0,-0.5932,0.5932
dehydration,0,1,1,0.0,3.2e-05,0.7931,0.7931
espn2,1,0,1,2.8e-05,0.0,-0.5932,0.5932
justaguess,1,0,1,2.8e-05,0.0,-0.5932,0.5932
emp,0,1,1,0.0,3.2e-05,0.7931,0.7931
postponed,1,0,1,2.8e-05,0.0,-0.5932,0.5932
hirochii0,0,1,1,0.0,3.2e-05,0.7931,0.7931
sikh,0,1,1,0.0,3.2e-05,0.7931,0.7931
tnwx,0,1,1,0.0,3.2e-05,0.7931,0.7931
q99,1,0,1,2.8e-05,0.0,-0.5932,0.5932
sarumi,1,0,1,2.8e-05,0.0,-0.5932,0.5932
irans,0,1,1,0.0,3.2e-05,0.7931,0.7931
diasporas,1,0,1,2.8e-05,0.0,-0.5932,0.5932
caf,1,0,1,2.8e-05,0.0,-0.5932,0.5932
96355,0,1,1,0.0,3.2e-05,0.7931,0.7931
fl,0,1,1,0.0,3.2e-05,0.7931,0.7931
marvins,1,0,1,2.8e-05,0.0,-0.5932,0.5932
usagi,1,0,1,2.8e-05,0.0,-0.5932,0.5932
divers,0,1,1,0.0,3.2e-05,0.7931,0.7931
pulse,1,0,1,2.8e-05,0.0,-0.5932,0.5932
hideous,0,1,1,0.0,3.2e-05,0.7931,0.7931
spaceshiptwo,0,1,1,0.0,3.2e-05,0.7931,0.7931
clinical,1,0,1,2.8e-05,0.0,-0.5932,0.5932
gymtime,1,0,1,2.8e-05,0.0,-0.5932,0.5932
empower,1,0,1,2.8e-05,0.0,-0.5932,0.5932
aaaaaand,0,1,1,0.0,3.2e-05,0.7931,0.7931
apga,0,1,1,0.0,3.2e-05,0.7931,0.7931
7amdollela,0,1,1,0.0,3.2e-05,0.7931,0.7931
banks,0,1,1,0.0,3.2e-05,0.7931,0.7931
turbojet,0,1,1,0.0,3.2e-05,0.7931,0.7931
teamscorpion,1,0,1,2.8e-05,0.0,-0.5932,0.5932
mrc,1,0,1,2.8e-05,0.0,-0.5932,0.5932
enemity,1,0,1,2.8e-05,0.0,-0.5932,0.5932
returning,0,1,1,0.0,3.2e-05,0.7931,0.7931
brewer,0,1,1,0.0,3.2e-05,0.7931,0.7931
loveyouuuu,1,0,1,2.8e-05,0.0,-0.5932,0.5932
basics,0,1,1,0.0,3.2e-05,0.7931,0.7931
tangled,1,0,1,2.8e-05,0.0,-0.5932,0.5932
inciting,1,0,1,2.8e-05,0.0,-0.5932,0.5932
saveti,0,1,1,0.0,3.2e-05,0.7931,0.7931
urged,0,1,1,0.0,3.2e-05,0.7931,0.7931
participate,0,1,1,0.0,3.2e-05,0.7931,0.7931
reviewers,1,0,1,2.8e-05,0.0,-0.5932,0.5932
romero,1,0,1,2.8e-05,0.0,-0.5932,0.5932
enkelbiljett,1,0,1,2.8e-05,0.0,-0.5932,0.5932
jeez,0,1,1,0.0,3.2e-05,0.7931,0.7931
vitaly,0,1,1,0.0,3.2e-05,0.7931,0.7931
enterprise,1,0,1,2.8e-05,0.0,-0.5932,0.5932
ukraines,0,1,1,0.0,3.2e-05,0.7931,0.7931
clubbanger,1,0,1,2.8e-05,0.0,-0.5932,0.5932
miscalculation,1,0,1,2.8e-05,0.0,-0.5932,0.5932
summerinsweden,1,0,1,2.8e-05,0.0,-0.5932,0.5932
earl,1,0,1,2.8e-05,0.0,-0.5932,0.5932
atcha,1,0,1,2.8e-05,0.0,-0.5932,0.5932
eligible,0,1,1,0.0,3.2e-05,0.7931,0.7931
activate,1,0,1,2.8e-05,0.0,-0.5932,0.5932
sterotypical,1,0,1,2.8e-05,0.0,-0.5932,0.5932
vra50,0,1,1,0.0,3.2e-05,0.7931,0.7931
abbruchsimulator,1,0,1,2.8e-05,0.0,-0.5932,0.5932
warmth,0,1,1,0.0,3.2e-05,0.7931,0.7931
giants,1,0,1,2.8e-05,0.0,-0.5932,0.5932
tiny,0,1,1,0.0,3.2e-05,0.7931,0.7931
2003,0,1,1,0.0,3.2e-05,0.7931,0.7931
syjexo,1,0,1,2.8e-05,0.0,-0.5932,0.5932
explaining,0,1,1,0.0,3.2e-05,0.7931,0.7931
molten,1,0,1,2.8e-05,0.0,-0.5932,0.5932
knowledge,1,0,1,2.8e-05,0.0,-0.5932,0.5932
firefigthers,0,1,1,0.0,3.2e-05,0.7931,0.7931
urgentthere,0,1,1,0.0,3.2e-05,0.7931,0.7931
dayton,0,1,1,0.0,3.2e-05,0.7931,0.7931
galactics,0,1,1,0.0,3.2e-05,0.7931,0.7931
homies,1,0,1,2.8e-05,0.0,-0.5932,0.5932
siouxland,0,1,1,0.0,3.2e-05,0.7931,0.7931
crowe,1,0,1,2.8e-05,0.0,-0.5932,0.5932
junction,0,1,1,0.0,3.2e-05,0.7931,0.7931
vassalboro,1,0,1,2.8e-05,0.0,-0.5932,0.5932
hooligan,0,1,1,0.0,3.2e-05,0.7931,0.7931
besttalkradio,1,0,1,2.8e-05,0.0,-0.5932,0.5932
prosper,1,0,1,2.8e-05,0.0,-0.5932,0.5932
foundation,1,0,1,2.8e-05,0.0,-0.5932,0.5932
liking,1,0,1,2.8e-05,0.0,-0.5932,0.5932
attila,0,1,1,0.0,3.2e-05,0.7931,0.7931
fide,0,1,1,0.0,3.2e-05,0.7931,0.7931
refugeesmatter,0,1,1,0.0,3.2e-05,0.7931,0.7931
metrobus,0,1,1,0.0,3.2e-05,0.7931,0.7931
recruiting,0,1,1,0.0,3.2e-05,0.7931,0.7931
nyozi,1,0,1,2.8e-05,0.0,-0.5932,0.5932
predictions,0,1,1,0.0,3.2e-05,0.7931,0.7931
storming,0,1,1,0.0,3.2e-05,0.7931,0.7931
descended,1,0,1,2.8e-05,0.0,-0.5932,0.5932
painthey,1,0,1,2.8e-05,0.0,-0.5932,0.5932
twi,0,1,1,0.0,3.2e-05,0.7931,0.7931
directed,0,1,1,0.0,3.2e-05,0.7931,0.7931
gujaratriot,0,1,1,0.0,3.2e-05,0.7931,0.7931
separation,0,1,1,0.0,3.2e-05,0.7931,0.7931
legionstrackandfield,1,0,1,2.8e-05,0.0,-0.5932,0.5932
orianna,1,0,1,2.8e-05,0.0,-0.5932,0.5932
looooooooooool,1,0,1,2.8e-05,0.0,-0.5932,0.5932
1890,0,1,1,0.0,3.2e-05,0.7931,0.7931
fanged,1,0,1,2.8e-05,0.0,-0.5932,0.5932
testa,0,1,1,0.0,3.2e-05,0.7931,0.7931
drops,1,0,1,2.8e-05,0.0,-0.5932,0.5932
truestory,1,0,1,2.8e-05,0.0,-0.5932,0.5932
stormtrooper,0,1,1,0.0,3.2e-05,0.7931,0.7931
deceased,1,0,1,2.8e-05,0.0,-0.5932,0.5932
hungrier,1,0,1,2.8e-05,0.0,-0.5932,0.5932
spike,0,1,1,0.0,3.2e-05,0.7931,0.7931
gnwt,0,1,1,0.0,3.2e-05,0.7931,0.7931
pampered,1,0,1,2.8e-05,0.0,-0.5932,0.5932
strap,1,0,1,2.8e-05,0.0,-0.5932,0.5932
aged,0,1,1,0.0,3.2e-05,0.7931,0.7931
logically,0,1,1,0.0,3.2e-05,0.7931,0.7931
undermine,1,0,1,2.8e-05,0.0,-0.5932,0.5932
brockton,0,1,1,0.0,3.2e-05,0.7931,0.7931
celestial,1,0,1,2.8e-05,0.0,-0.5932,0.5932
2781,0,1,1,0.0,3.2e-05,0.7931,0.7931
egg,1,0,1,2.8e-05,0.0,-0.5932,0.5932
misfortunebut,1,0,1,2.8e-05,0.0,-0.5932,0.5932
thundering,0,1,1,0.0,3.2e-05,0.7931,0.7931
demis,1,0,1,2.8e-05,0.0,-0.5932,0.5932
ibom,1,0,1,2.8e-05,0.0,-0.5932,0.5932
emi,1,0,1,2.8e-05,0.0,-0.5932,0.5932
sciencefiction,1,0,1,2.8e-05,0.0,-0.5932,0.5932
slingnews,0,1,1,0.0,3.2e-05,0.7931,0.7931
batista,1,0,1,2.8e-05,0.0,-0.5932,0.5932
kinesiology,1,0,1,2.8e-05,0.0,-0.5932,0.5932
scourge,1,0,1,2.8e-05,0.0,-0.5932,0.5932
seizing,0,1,1,0.0,3.2e-05,0.7931,0.7931
wtc,0,1,1,0.0,3.2e-05,0.7931,0.7931
airplanes,0,1,1,0.0,3.2e-05,0.7931,0.7931
wonderkid,1,0,1,2.8e-05,0.0,-0.5932,0.5932
longaberger,1,0,1,2.8e-05,0.0,-0.5932,0.5932
emily,0,1,1,0.0,3.2e-05,0.7931,0.7931
dislocation,0,1,1,0.0,3.2e-05,0.7931,0.7931
bfore,0,1,1,0.0,3.2e-05,0.7931,0.7931
infomercial,1,0,1,2.8e-05,0.0,-0.5932,0.5932
agw,1,0,1,2.8e-05,0.0,-0.5932,0.5932
saintsfc,0,1,1,0.0,3.2e-05,0.7931,0.7931
75k,0,1,1,0.0,3.2e-05,0.7931,0.7931
listeria,0,1,1,0.0,3.2e-05,0.7931,0.7931
dl,1,0,1,2.8e-05,0.0,-0.5932,0.5932
rwa,1,0,1,2.8e-05,0.0,-0.5932,0.5932
noi,1,0,1,2.8e-05,0.0,-0.5932,0.5932
moving2k15,1,0,1,2.8e-05,0.0,-0.5932,0.5932
cheer,1,0,1,2.8e-05,0.0,-0.5932,0.5932
monetary,1,0,1,2.8e-05,0.0,-0.5932,0.5932
burglar,0,1,1,0.0,3.2e-05,0.7931,0.7931
conf,0,1,1,0.0,3.2e-05,0.7931,0.7931
vir,1,0,1,2.8e-05,0.0,-0.5932,0.5932
sbnation,1,0,1,2.8e-05,0.0,-0.5932,0.5932
illogical,0,1,1,0.0,3.2e-05,0.7931,0.7931
luke,1,0,1,2.8e-05,0.0,-0.5932,0.5932
nintendo,1,0,1,2.8e-05,0.0,-0.5932,0.5932
progressive,1,0,1,2.8e-05,0.0,-0.5932,0.5932
liver,1,0,1,2.8e-05,0.0,-0.5932,0.5932
woodland,0,1,1,0.0,3.2e-05,0.7931,0.7931
retirement,1,0,1,2.8e-05,0.0,-0.5932,0.5932
usar15,1,0,1,2.8e-05,0.0,-0.5932,0.5932
emo,1,0,1,2.8e-05,0.0,-0.5932,0.5932
jakartapost,0,1,1,0.0,3.2e-05,0.7931,0.7931
devastates,0,1,1,0.0,3.2e-05,0.7931,0.7931
blacks,1,0,1,2.8e-05,0.0,-0.5932,0.5932
laos,0,1,1,0.0,3.2e-05,0.7931,0.7931
tnn,0,1,1,0.0,3.2e-05,0.7931,0.7931
badu,1,0,1,2.8e-05,0.0,-0.5932,0.5932
ella,1,0,1,2.8e-05,0.0,-0.5932,0.5932
browner,1,0,1,2.8e-05,0.0,-0.5932,0.5932
cutter,1,0,1,2.8e-05,0.0,-0.5932,0.5932
telnet,0,1,1,0.0,3.2e-05,0.7931,0.7931
sunbathe,1,0,1,2.8e-05,0.0,-0.5932,0.5932
namekians,1,0,1,2.8e-05,0.0,-0.5932,0.5932
introduced,1,0,1,2.8e-05,0.0,-0.5932,0.5932
distinction,0,1,1,0.0,3.2e-05,0.7931,0.7931
kenneth,1,0,1,2.8e-05,0.0,-0.5932,0.5932
slash,0,1,1,0.0,3.2e-05,0.7931,0.7931
udhampuragain,0,1,1,0.0,3.2e-05,0.7931,0.7931
sincerely,1,0,1,2.8e-05,0.0,-0.5932,0.5932
refer,1,0,1,2.8e-05,0.0,-0.5932,0.5932
difficultpeople,0,1,1,0.0,3.2e-05,0.7931,0.7931
bukidnon,0,1,1,0.0,3.2e-05,0.7931,0.7931
easton,0,1,1,0.0,3.2e-05,0.7931,0.7931
nsf,1,0,1,2.8e-05,0.0,-0.5932,0.5932
unrecognized,0,1,1,0.0,3.2e-05,0.7931,0.7931
elanorofrohan,0,1,1,0.0,3.2e-05,0.7931,0.7931
faces,0,1,1,0.0,3.2e-05,0.7931,0.7931
sys,0,1,1,0.0,3.2e-05,0.7931,0.7931
sg,1,0,1,2.8e-05,0.0,-0.5932,0.5932
kessler,0,1,1,0.0,3.2e-05,0.7931,0.7931
champ,1,0,1,2.8e-05,0.0,-0.5932,0.5932
ai,1,0,1,2.8e-05,0.0,-0.5932,0.5932
providers,0,1,1,0.0,3.2e-05,0.7931,0.7931
principles,1,0,1,2.8e-05,0.0,-0.5932,0.5932
lgm,1,0,1,2.8e-05,0.0,-0.5932,0.5932
differently,1,0,1,2.8e-05,0.0,-0.5932,0.5932
zeal,0,1,1,0.0,3.2e-05,0.7931,0.7931
oversight,0,1,1,0.0,3.2e-05,0.7931,0.7931
recluse,0,1,1,0.0,3.2e-05,0.7931,0.7931
presley,1,0,1,2.8e-05,0.0,-0.5932,0.5932
withering,1,0,1,2.8e-05,0.0,-0.5932,0.5932
rescuing,1,0,1,2.8e-05,0.0,-0.5932,0.5932
160,0,1,1,0.0,3.2e-05,0.7931,0.7931
minimum,1,0,1,2.8e-05,0.0,-0.5932,0.5932
txt,1,0,1,2.8e-05,0.0,-0.5932,0.5932
caued,0,1,1,0.0,3.2e-05,0.7931,0.7931
fnaf,1,0,1,2.8e-05,0.0,-0.5932,0.5932
ggindependencmessage,1,0,1,2.8e-05,0.0,-0.5932,0.5932
etcpb,1,0,1,2.8e-05,0.0,-0.5932,0.5932
aaaaaaallll,0,1,1,0.0,3.2e-05,0.7931,0.7931
rockn,0,1,1,0.0,3.2e-05,0.7931,0.7931
sophistication,1,0,1,2.8e-05,0.0,-0.5932,0.5932
caruana,1,0,1,2.8e-05,0.0,-0.5932,0.5932
convinced,1,0,1,2.8e-05,0.0,-0.5932,0.5932
paradise,1,0,1,2.8e-05,0.0,-0.5932,0.5932
yellowstone,0,1,1,0.0,3.2e-05,0.7931,0.7931
relaxing,1,0,1,2.8e-05,0.0,-0.5932,0.5932
monwabisi,1,0,1,2.8e-05,0.0,-0.5932,0.5932
iclowns,1,0,1,2.8e-05,0.0,-0.5932,0.5932
themhe,0,1,1,0.0,3.2e-05,0.7931,0.7931
rar,0,1,1,0.0,3.2e-05,0.7931,0.7931
container,1,0,1,2.8e-05,0.0,-0.5932,0.5932
goodbyes,1,0,1,2.8e-05,0.0,-0.5932,0.5932
2019,1,0,1,2.8e-05,0.0,-0.5932,0.5932
ks57,1,0,1,2.8e-05,0.0,-0.5932,0.5932
deepest,0,1,1,0.0,3.2e-05,0.7931,0.7931
punishable,1,0,1,2.8e-05,0.0,-0.5932,0.5932
certificates,1,0,1,2.8e-05,0.0,-0.5932,0.5932
ajw,0,1,1,0.0,3.2e-05,0.7931,0.7931
trump2016,1,0,1,2.8e-05,0.0,-0.5932,0.5932
consistently,1,0,1,2.8e-05,0.0,-0.5932,0.5932
commission,1,0,1,2.8e-05,0.0,-0.5932,0.5932
ps1,1,0,1,2.8e-05,0.0,-0.5932,0.5932
mcconnell,1,0,1,2.8e-05,0.0,-0.5932,0.5932
displaces,0,1,1,0.0,3.2e-05,0.7931,0.7931
greetingcards,1,0,1,2.8e-05,0.0,-0.5932,0.5932
12am,0,1,1,0.0,3.2e-05,0.7931,0.7931
buchana,1,0,1,2.8e-05,0.0,-0.5932,0.5932
concludes,0,1,1,0.0,3.2e-05,0.7931,0.7931
bust,0,1,1,0.0,3.2e-05,0.7931,0.7931
uncommon,0,1,1,0.0,3.2e-05,0.7931,0.7931
cabramatta,0,1,1,0.0,3.2e-05,0.7931,0.7931
soundtrack,1,0,1,2.8e-05,0.0,-0.5932,0.5932
intersections,0,1,1,0.0,3.2e-05,0.7931,0.7931
stevie,1,0,1,2.8e-05,0.0,-0.5932,0.5932
encouraged,0,1,1,0.0,3.2e-05,0.7931,0.7931
venoms,1,0,1,2.8e-05,0.0,-0.5932,0.5932
dries,1,0,1,2.8e-05,0.0,-0.5932,0.5932
x1434,1,0,1,2.8e-05,0.0,-0.5932,0.5932
investment,1,0,1,2.8e-05,0.0,-0.5932,0.5932
szuter,0,1,1,0.0,3.2e-05,0.7931,0.7931
siteinvestigating,0,1,1,0.0,3.2e-05,0.7931,0.7931
brics,0,1,1,0.0,3.2e-05,0.7931,0.7931
verhoek,0,1,1,0.0,3.2e-05,0.7931,0.7931
since1970the,1,0,1,2.8e-05,0.0,-0.5932,0.5932
process,0,1,1,0.0,3.2e-05,0.7931,0.7931
contig,0,1,1,0.0,3.2e-05,0.7931,0.7931
waited,0,1,1,0.0,3.2e-05,0.7931,0.7931
ind,0,1,1,0.0,3.2e-05,0.7931,0.7931
analog,1,0,1,2.8e-05,0.0,-0.5932,0.5932
brits,1,0,1,2.8e-05,0.0,-0.5932,0.5932
kelby,1,0,1,2.8e-05,0.0,-0.5932,0.5932
regimes,0,1,1,0.0,3.2e-05,0.7931,0.7931
polluted,1,0,1,2.8e-05,0.0,-0.5932,0.5932
pact,0,1,1,0.0,3.2e-05,0.7931,0.7931
cw500,0,1,1,0.0,3.2e-05,0.7931,0.7931
hhahaha,1,0,1,2.8e-05,0.0,-0.5932,0.5932
60km,0,1,1,0.0,3.2e-05,0.7931,0.7931
sportinggoods,1,0,1,2.8e-05,0.0,-0.5932,0.5932
dancer,0,1,1,0.0,3.2e-05,0.7931,0.7931
matthews,1,0,1,2.8e-05,0.0,-0.5932,0.5932
mockery,1,0,1,2.8e-05,0.0,-0.5932,0.5932
jus,1,0,1,2.8e-05,0.0,-0.5932,0.5932
evade,1,0,1,2.8e-05,0.0,-0.5932,0.5932
pugprobs,1,0,1,2.8e-05,0.0,-0.5932,0.5932
traditionalist,0,1,1,0.0,3.2e-05,0.7931,0.7931
gilgit,0,1,1,0.0,3.2e-05,0.7931,0.7931
ems1,1,0,1,2.8e-05,0.0,-0.5932,0.5932
ln,0,1,1,0.0,3.2e-05,0.7931,0.7931
mushroom,1,0,1,2.8e-05,0.0,-0.5932,0.5932
remedial,0,1,1,0.0,3.2e-05,0.7931,0.7931
solano,0,1,1,0.0,3.2e-05,0.7931,0.7931
cher,1,0,1,2.8e-05,0.0,-0.5932,0.5932
suryaray,0,1,1,0.0,3.2e-05,0.7931,0.7931
confederate,0,1,1,0.0,3.2e-05,0.7931,0.7931
tory,0,1,1,0.0,3.2e-05,0.7931,0.7931
jfc,1,0,1,2.8e-05,0.0,-0.5932,0.5932
omgggg,1,0,1,2.8e-05,0.0,-0.5932,0.5932
eyefacts,0,1,1,0.0,3.2e-05,0.7931,0.7931
youngins,1,0,1,2.8e-05,0.0,-0.5932,0.5932
laurent,1,0,1,2.8e-05,0.0,-0.5932,0.5932
forfeiting,1,0,1,2.8e-05,0.0,-0.5932,0.5932
morethan,0,1,1,0.0,3.2e-05,0.7931,0.7931
intel,0,1,1,0.0,3.2e-05,0.7931,0.7931
925,1,0,1,2.8e-05,0.0,-0.5932,0.5932
fleek,1,0,1,2.8e-05,0.0,-0.5932,0.5932
pet,0,1,1,0.0,3.2e-05,0.7931,0.7931
minamisoma,0,1,1,0.0,3.2e-05,0.7931,0.7931
bleeds,1,0,1,2.8e-05,0.0,-0.5932,0.5932
lastma,0,1,1,0.0,3.2e-05,0.7931,0.7931
yeaahh,1,0,1,2.8e-05,0.0,-0.5932,0.5932
tweak,1,0,1,2.8e-05,0.0,-0.5932,0.5932
uhmmmm,1,0,1,2.8e-05,0.0,-0.5932,0.5932
hana,0,1,1,0.0,3.2e-05,0.7931,0.7931
samples,0,1,1,0.0,3.2e-05,0.7931,0.7931
weiqin,1,0,1,2.8e-05,0.0,-0.5932,0.5932
soil,1,0,1,2.8e-05,0.0,-0.5932,0.5932
fangirling,1,0,1,2.8e-05,0.0,-0.5932,0.5932
babalmao,1,0,1,2.8e-05,0.0,-0.5932,0.5932
21k,1,0,1,2.8e-05,0.0,-0.5932,0.5932
savedenaliwolves,1,0,1,2.8e-05,0.0,-0.5932,0.5932
challenging,1,0,1,2.8e-05,0.0,-0.5932,0.5932
news786,0,1,1,0.0,3.2e-05,0.7931,0.7931
administrative,1,0,1,2.8e-05,0.0,-0.5932,0.5932
territory,0,1,1,0.0,3.2e-05,0.7931,0.7931
tuesdays,0,1,1,0.0,3.2e-05,0.7931,0.7931
californian,0,1,1,0.0,3.2e-05,0.7931,0.7931
megan,1,0,1,2.8e-05,0.0,-0.5932,0.5932
shoalstraffic,0,1,1,0.0,3.2e-05,0.7931,0.7931
hillside,1,0,1,2.8e-05,0.0,-0.5932,0.5932
derivatives,1,0,1,2.8e-05,0.0,-0.5932,0.5932
ruor,1,0,1,2.8e-05,0.0,-0.5932,0.5932
bailout,0,1,1,0.0,3.2e-05,0.7931,0.7931
remorseless,0,1,1,0.0,3.2e-05,0.7931,0.7931
dhsscitech,0,1,1,0.0,3.2e-05,0.7931,0.7931
freestyles,1,0,1,2.8e-05,0.0,-0.5932,0.5932
breivik,0,1,1,0.0,3.2e-05,0.7931,0.7931
expo,0,1,1,0.0,3.2e-05,0.7931,0.7931
hermitage,1,0,1,2.8e-05,0.0,-0.5932,0.5932
included,1,0,1,2.8e-05,0.0,-0.5932,0.5932
100000,0,1,1,0.0,3.2e-05,0.7931,0.7931
ponting,1,0,1,2.8e-05,0.0,-0.5932,0.5932
awake,1,0,1,2.8e-05,0.0,-0.5932,0.5932
ultra,1,0,1,2.8e-05,0.0,-0.5932,0.5932
sam,1,0,1,2.8e-05,0.0,-0.5932,0.5932
guimaras,0,1,1,0.0,3.2e-05,0.7931,0.7931
notgoingoutinthat,0,1,1,0.0,3.2e-05,0.7931,0.7931
trixie,1,0,1,2.8e-05,0.0,-0.5932,0.5932
pnpizody,0,1,1,0.0,3.2e-05,0.7931,0.7931
vail,1,0,1,2.8e-05,0.0,-0.5932,0.5932
insects,0,1,1,0.0,3.2e-05,0.7931,0.7931
benson,1,0,1,2.8e-05,0.0,-0.5932,0.5932
mornings,0,1,1,0.0,3.2e-05,0.7931,0.7931
mueller,1,0,1,2.8e-05,0.0,-0.5932,0.5932
bronville,0,1,1,0.0,3.2e-05,0.7931,0.7931
widout,1,0,1,2.8e-05,0.0,-0.5932,0.5932
britains,1,0,1,2.8e-05,0.0,-0.5932,0.5932
eto,0,1,1,0.0,3.2e-05,0.7931,0.7931
ensures,1,0,1,2.8e-05,0.0,-0.5932,0.5932
trim,0,1,1,0.0,3.2e-05,0.7931,0.7931
lima,1,0,1,2.8e-05,0.0,-0.5932,0.5932
terrific,1,0,1,2.8e-05,0.0,-0.5932,0.5932
cochrane,0,1,1,0.0,3.2e-05,0.7931,0.7931
vivian,1,0,1,2.8e-05,0.0,-0.5932,0.5932
saku,1,0,1,2.8e-05,0.0,-0.5932,0.5932
ks161,1,0,1,2.8e-05,0.0,-0.5932,0.5932
fame,0,1,1,0.0,3.2e-05,0.7931,0.7931
fousey,1,0,1,2.8e-05,0.0,-0.5932,0.5932
primal,1,0,1,2.8e-05,0.0,-0.5932,0.5932
knobhead,0,1,1,0.0,3.2e-05,0.7931,0.7931
rifle,1,0,1,2.8e-05,0.0,-0.5932,0.5932
rizzo,1,0,1,2.8e-05,0.0,-0.5932,0.5932
doone,1,0,1,2.8e-05,0.0,-0.5932,0.5932
freeze,1,0,1,2.8e-05,0.0,-0.5932,0.5932
heartwarming,1,0,1,2.8e-05,0.0,-0.5932,0.5932
fucks,1,0,1,2.8e-05,0.0,-0.5932,0.5932
gastric,1,0,1,2.8e-05,0.0,-0.5932,0.5932
gusto,0,1,1,0.0,3.2e-05,0.7931,0.7931
paratroopers,0,1,1,0.0,3.2e-05,0.7931,0.7931
treasure,1,0,1,2.8e-05,0.0,-0.5932,0.5932
claimin,1,0,1,2.8e-05,0.0,-0.5932,0.5932
detectors,0,1,1,0.0,3.2e-05,0.7931,0.7931
roundhouse,0,1,1,0.0,3.2e-05,0.7931,0.7931
ridiculously,1,0,1,2.8e-05,0.0,-0.5932,0.5932
blowin,1,0,1,2.8e-05,0.0,-0.5932,0.5932
planners,0,1,1,0.0,3.2e-05,0.7931,0.7931
lightrail,1,0,1,2.8e-05,0.0,-0.5932,0.5932
vaginaorcake,0,1,1,0.0,3.2e-05,0.7931,0.7931
x1392,0,1,1,0.0,3.2e-05,0.7931,0.7931
ruby,0,1,1,0.0,3.2e-05,0.7931,0.7931
bridgeport,0,1,1,0.0,3.2e-05,0.7931,0.7931
e1,0,1,1,0.0,3.2e-05,0.7931,0.7931
ireporter,0,1,1,0.0,3.2e-05,0.7931,0.7931
residence,0,1,1,0.0,3.2e-05,0.7931,0.7931
jen,1,0,1,2.8e-05,0.0,-0.5932,0.5932
saadthe,0,1,1,0.0,3.2e-05,0.7931,0.7931
wider,1,0,1,2.8e-05,0.0,-0.5932,0.5932
television,1,0,1,2.8e-05,0.0,-0.5932,0.5932
psychologist,1,0,1,2.8e-05,0.0,-0.5932,0.5932
translated,1,0,1,2.8e-05,0.0,-0.5932,0.5932
vegetables,0,1,1,0.0,3.2e-05,0.7931,0.7931
rig,0,1,1,0.0,3.2e-05,0.7931,0.7931
randy,1,0,1,2.8e-05,0.0,-0.5932,0.5932
bandolier,1,0,1,2.8e-05,0.0,-0.5932,0.5932
upgrade,0,1,1,0.0,3.2e-05,0.7931,0.7931
inviting,1,0,1,2.8e-05,0.0,-0.5932,0.5932
dyersburg,0,1,1,0.0,3.2e-05,0.7931,0.7931
shedid,0,1,1,0.0,3.2e-05,0.7931,0.7931
x1411,1,0,1,2.8e-05,0.0,-0.5932,0.5932
spoke,0,1,1,0.0,3.2e-05,0.7931,0.7931
stool,1,0,1,2.8e-05,0.0,-0.5932,0.5932
mmda,1,0,1,2.8e-05,0.0,-0.5932,0.5932
checkout,1,0,1,2.8e-05,0.0,-0.5932,0.5932
maca,0,1,1,0.0,3.2e-05,0.7931,0.7931
148,0,1,1,0.0,3.2e-05,0.7931,0.7931
drafted,1,0,1,2.8e-05,0.0,-0.5932,0.5932
judas,1,0,1,2.8e-05,0.0,-0.5932,0.5932
receiving,0,1,1,0.0,3.2e-05,0.7931,0.7931
asae15,1,0,1,2.8e-05,0.0,-0.5932,0.5932
origins,1,0,1,2.8e-05,0.0,-0.5932,0.5932
wakho,1,0,1,2.8e-05,0.0,-0.5932,0.5932
soultech,1,0,1,2.8e-05,0.0,-0.5932,0.5932
slaves,1,0,1,2.8e-05,0.0,-0.5932,0.5932
effectiveness,1,0,1,2.8e-05,0.0,-0.5932,0.5932
doe,1,0,1,2.8e-05,0.0,-0.5932,0.5932
carhot,0,1,1,0.0,3.2e-05,0.7931,0.7931
tra,0,1,1,0.0,3.2e-05,0.7931,0.7931
kanglaonline,0,1,1,0.0,3.2e-05,0.7931,0.7931
assured,0,1,1,0.0,3.2e-05,0.7931,0.7931
snoop,1,0,1,2.8e-05,0.0,-0.5932,0.5932
transwomen,1,0,1,2.8e-05,0.0,-0.5932,0.5932
parked,1,0,1,2.8e-05,0.0,-0.5932,0.5932
dipping,1,0,1,2.8e-05,0.0,-0.5932,0.5932
filmed,1,0,1,2.8e-05,0.0,-0.5932,0.5932
blazer,1,0,1,2.8e-05,0.0,-0.5932,0.5932
icy,1,0,1,2.8e-05,0.0,-0.5932,0.5932
engulfs,0,1,1,0.0,3.2e-05,0.7931,0.7931
militarism,0,1,1,0.0,3.2e-05,0.7931,0.7931
wpd,0,1,1,0.0,3.2e-05,0.7931,0.7931
3p,1,0,1,2.8e-05,0.0,-0.5932,0.5932
provokes,0,1,1,0.0,3.2e-05,0.7931,0.7931
fought,0,1,1,0.0,3.2e-05,0.7931,0.7931
installment,1,0,1,2.8e-05,0.0,-0.5932,0.5932
mtvsummerstar,1,0,1,2.8e-05,0.0,-0.5932,0.5932
parsholics,1,0,1,2.8e-05,0.0,-0.5932,0.5932
gemstone,1,0,1,2.8e-05,0.0,-0.5932,0.5932
lauded,0,1,1,0.0,3.2e-05,0.7931,0.7931
mango,1,0,1,2.8e-05,0.0,-0.5932,0.5932
usama,0,1,1,0.0,3.2e-05,0.7931,0.7931
imprison,1,0,1,2.8e-05,0.0,-0.5932,0.5932
orphanage,1,0,1,2.8e-05,0.0,-0.5932,0.5932
featuring,1,0,1,2.8e-05,0.0,-0.5932,0.5932
deadpool,1,0,1,2.8e-05,0.0,-0.5932,0.5932
jasmines,1,0,1,2.8e-05,0.0,-0.5932,0.5932
reacts,1,0,1,2.8e-05,0.0,-0.5932,0.5932
zoom,1,0,1,2.8e-05,0.0,-0.5932,0.5932
khrones,1,0,1,2.8e-05,0.0,-0.5932,0.5932
unfold,0,1,1,0.0,3.2e-05,0.7931,0.7931
comeeeee,0,1,1,0.0,3.2e-05,0.7931,0.7931
idwx,0,1,1,0.0,3.2e-05,0.7931,0.7931
freshly,1,0,1,2.8e-05,0.0,-0.5932,0.5932
319,1,0,1,2.8e-05,0.0,-0.5932,0.5932
exceptional,0,1,1,0.0,3.2e-05,0.7931,0.7931
connor,0,1,1,0.0,3.2e-05,0.7931,0.7931
guam,0,1,1,0.0,3.2e-05,0.7931,0.7931
standstill,0,1,1,0.0,3.2e-05,0.7931,0.7931
nabbed,0,1,1,0.0,3.2e-05,0.7931,0.7931
chrissie,1,0,1,2.8e-05,0.0,-0.5932,0.5932
yzf,0,1,1,0.0,3.2e-05,0.7931,0.7931
enduring,0,1,1,0.0,3.2e-05,0.7931,0.7931
reserved,1,0,1,2.8e-05,0.0,-0.5932,0.5932
nside,0,1,1,0.0,3.2e-05,0.7931,0.7931
oworoshoki,0,1,1,0.0,3.2e-05,0.7931,0.7931
volunteer,0,1,1,0.0,3.2e-05,0.7931,0.7931
rfp,1,0,1,2.8e-05,0.0,-0.5932,0.5932
ny35,0,1,1,0.0,3.2e-05,0.7931,0.7931
ayyo,0,1,1,0.0,3.2e-05,0.7931,0.7931
visionzero,1,0,1,2.8e-05,0.0,-0.5932,0.5932
tow,1,0,1,2.8e-05,0.0,-0.5932,0.5932
preconditioning,1,0,1,2.8e-05,0.0,-0.5932,0.5932
dorrian,1,0,1,2.8e-05,0.0,-0.5932,0.5932
motogp,1,0,1,2.8e-05,0.0,-0.5932,0.5932
rag,1,0,1,2.8e-05,0.0,-0.5932,0.5932
handsome,1,0,1,2.8e-05,0.0,-0.5932,0.5932
theneeds,0,1,1,0.0,3.2e-05,0.7931,0.7931
glaucoma,0,1,1,0.0,3.2e-05,0.7931,0.7931
cislady,0,1,1,0.0,3.2e-05,0.7931,0.7931
pastures,1,0,1,2.8e-05,0.0,-0.5932,0.5932
embra,0,1,1,0.0,3.2e-05,0.7931,0.7931
voices,0,1,1,0.0,3.2e-05,0.7931,0.7931
pedals,1,0,1,2.8e-05,0.0,-0.5932,0.5932
boi,1,0,1,2.8e-05,0.0,-0.5932,0.5932
muse,1,0,1,2.8e-05,0.0,-0.5932,0.5932
sectarian,0,1,1,0.0,3.2e-05,0.7931,0.7931
swanger,1,0,1,2.8e-05,0.0,-0.5932,0.5932
courtney,1,0,1,2.8e-05,0.0,-0.5932,0.5932
r3do,1,0,1,2.8e-05,0.0,-0.5932,0.5932
adiossuperbacterias,1,0,1,2.8e-05,0.0,-0.5932,0.5932
testy,1,0,1,2.8e-05,0.0,-0.5932,0.5932
alternate,0,1,1,0.0,3.2e-05,0.7931,0.7931
mcfadden,1,0,1,2.8e-05,0.0,-0.5932,0.5932
zicac,1,0,1,2.8e-05,0.0,-0.5932,0.5932
methods,1,0,1,2.8e-05,0.0,-0.5932,0.5932
warnerrobins,0,1,1,0.0,3.2e-05,0.7931,0.7931
parent,0,1,1,0.0,3.2e-05,0.7931,0.7931
machida,0,1,1,0.0,3.2e-05,0.7931,0.7931
hitchhiking,0,1,1,0.0,3.2e-05,0.7931,0.7931
murlo,1,0,1,2.8e-05,0.0,-0.5932,0.5932
renewed,1,0,1,2.8e-05,0.0,-0.5932,0.5932
realities,1,0,1,2.8e-05,0.0,-0.5932,0.5932
teemo,1,0,1,2.8e-05,0.0,-0.5932,0.5932
platt,1,0,1,2.8e-05,0.0,-0.5932,0.5932
damp,1,0,1,2.8e-05,0.0,-0.5932,0.5932
wiped,1,0,1,2.8e-05,0.0,-0.5932,0.5932
mezcal,1,0,1,2.8e-05,0.0,-0.5932,0.5932
donuts,1,0,1,2.8e-05,0.0,-0.5932,0.5932
overflow,1,0,1,2.8e-05,0.0,-0.5932,0.5932
fortworth,0,1,1,0.0,3.2e-05,0.7931,0.7931
r5live,0,1,1,0.0,3.2e-05,0.7931,0.7931
tomclancy,1,0,1,2.8e-05,0.0,-0.5932,0.5932
hiroshimas,0,1,1,0.0,3.2e-05,0.7931,0.7931
noises,1,0,1,2.8e-05,0.0,-0.5932,0.5932
measuresarrestpastornganga,1,0,1,2.8e-05,0.0,-0.5932,0.5932
unending,0,1,1,0.0,3.2e-05,0.7931,0.7931
brenas,0,1,1,0.0,3.2e-05,0.7931,0.7931
mascara,0,1,1,0.0,3.2e-05,0.7931,0.7931
listings,1,0,1,2.8e-05,0.0,-0.5932,0.5932
harris,0,1,1,0.0,3.2e-05,0.7931,0.7931
texts,1,0,1,2.8e-05,0.0,-0.5932,0.5932
fant4stic,1,0,1,2.8e-05,0.0,-0.5932,0.5932
vibe,1,0,1,2.8e-05,0.0,-0.5932,0.5932
champions,1,0,1,2.8e-05,0.0,-0.5932,0.5932
jitsu,1,0,1,2.8e-05,0.0,-0.5932,0.5932
churches,0,1,1,0.0,3.2e-05,0.7931,0.7931
grudges,1,0,1,2.8e-05,0.0,-0.5932,0.5932
indo,0,1,1,0.0,3.2e-05,0.7931,0.7931
jonas,0,1,1,0.0,3.2e-05,0.7931,0.7931
jokin,1,0,1,2.8e-05,0.0,-0.5932,0.5932
catfishmtv,1,0,1,2.8e-05,0.0,-0.5932,0.5932
disclos,0,1,1,0.0,3.2e-05,0.7931,0.7931
amplifier,1,0,1,2.8e-05,0.0,-0.5932,0.5932
3460,0,1,1,0.0,3.2e-05,0.7931,0.7931
breaking144,0,1,1,0.0,3.2e-05,0.7931,0.7931
raccoons,1,0,1,2.8e-05,0.0,-0.5932,0.5932
inspiration,1,0,1,2.8e-05,0.0,-0.5932,0.5932
commitment,1,0,1,2.8e-05,0.0,-0.5932,0.5932
elementary,0,1,1,0.0,3.2e-05,0.7931,0.7931
titolo,1,0,1,2.8e-05,0.0,-0.5932,0.5932
46,0,1,1,0.0,3.2e-05,0.7931,0.7931
popeyes,1,0,1,2.8e-05,0.0,-0.5932,0.5932
prisoners,0,1,1,0.0,3.2e-05,0.7931,0.7931
wests,0,1,1,0.0,3.2e-05,0.7931,0.7931
homeimprovement,1,0,1,2.8e-05,0.0,-0.5932,0.5932
dummies,1,0,1,2.8e-05,0.0,-0.5932,0.5932
11000000,0,1,1,0.0,3.2e-05,0.7931,0.7931
buddha,1,0,1,2.8e-05,0.0,-0.5932,0.5932
deepthoughts,0,1,1,0.0,3.2e-05,0.7931,0.7931
tarynel,1,0,1,2.8e-05,0.0,-0.5932,0.5932
petebests,1,0,1,2.8e-05,0.0,-0.5932,0.5932
funko,1,0,1,2.8e-05,0.0,-0.5932,0.5932
boutta,1,0,1,2.8e-05,0.0,-0.5932,0.5932
subcommittee,0,1,1,0.0,3.2e-05,0.7931,0.7931
sammy,1,0,1,2.8e-05,0.0,-0.5932,0.5932
violators,1,0,1,2.8e-05,0.0,-0.5932,0.5932
grimrail,0,1,1,0.0,3.2e-05,0.7931,0.7931
cramp,1,0,1,2.8e-05,0.0,-0.5932,0.5932
offenders,0,1,1,0.0,3.2e-05,0.7931,0.7931
jaiden,1,0,1,2.8e-05,0.0,-0.5932,0.5932
alec,1,0,1,2.8e-05,0.0,-0.5932,0.5932
redeem,1,0,1,2.8e-05,0.0,-0.5932,0.5932
durability,1,0,1,2.8e-05,0.0,-0.5932,0.5932
dedication,1,0,1,2.8e-05,0.0,-0.5932,0.5932
fujiwara,1,0,1,2.8e-05,0.0,-0.5932,0.5932
moores,0,1,1,0.0,3.2e-05,0.7931,0.7931
restoring,0,1,1,0.0,3.2e-05,0.7931,0.7931
swam,0,1,1,0.0,3.2e-05,0.7931,0.7931
implores,0,1,1,0.0,3.2e-05,0.7931,0.7931
intersectio,0,1,1,0.0,3.2e-05,0.7931,0.7931
aias,0,1,1,0.0,3.2e-05,0.7931,0.7931
ps2,1,0,1,2.8e-05,0.0,-0.5932,0.5932
outburst,1,0,1,2.8e-05,0.0,-0.5932,0.5932
publichealth,0,1,1,0.0,3.2e-05,0.7931,0.7931
damaturu,0,1,1,0.0,3.2e-05,0.7931,0.7931
amazed,1,0,1,2.8e-05,0.0,-0.5932,0.5932
trusted,0,1,1,0.0,3.2e-05,0.7931,0.7931
holly,0,1,1,0.0,3.2e-05,0.7931,0.7931
hacks,1,0,1,2.8e-05,0.0,-0.5932,0.5932
129,0,1,1,0.0,3.2e-05,0.7931,0.7931
enablement,1,0,1,2.8e-05,0.0,-0.5932,0.5932
darsena,1,0,1,2.8e-05,0.0,-0.5932,0.5932
lee,1,0,1,2.8e-05,0.0,-0.5932,0.5932
busty,1,0,1,2.8e-05,0.0,-0.5932,0.5932
fairly,1,0,1,2.8e-05,0.0,-0.5932,0.5932
documentary,1,0,1,2.8e-05,0.0,-0.5932,0.5932
ayyy,0,1,1,0.0,3.2e-05,0.7931,0.7931
sps,0,1,1,0.0,3.2e-05,0.7931,0.7931
slows,0,1,1,0.0,3.2e-05,0.7931,0.7931
veggies,1,0,1,2.8e-05,0.0,-0.5932,0.5932
ep18,1,0,1,2.8e-05,0.0,-0.5932,0.5932
imperialism,0,1,1,0.0,3.2e-05,0.7931,0.7931
coerced,1,0,1,2.8e-05,0.0,-0.5932,0.5932
reference,0,1,1,0.0,3.2e-05,0.7931,0.7931
aqua,1,0,1,2.8e-05,0.0,-0.5932,0.5932
sha,1,0,1,2.8e-05,0.0,-0.5932,0.5932
brightly,1,0,1,2.8e-05,0.0,-0.5932,0.5932
clap,0,1,1,0.0,3.2e-05,0.7931,0.7931
seclusion,0,1,1,0.0,3.2e-05,0.7931,0.7931
medic,0,1,1,0.0,3.2e-05,0.7931,0.7931
beige,1,0,1,2.8e-05,0.0,-0.5932,0.5932
inmates,0,1,1,0.0,3.2e-05,0.7931,0.7931
spark,1,0,1,2.8e-05,0.0,-0.5932,0.5932
bayarea,0,1,1,0.0,3.2e-05,0.7931,0.7931
repatriating,0,1,1,0.0,3.2e-05,0.7931,0.7931
sec,0,1,1,0.0,3.2e-05,0.7931,0.7931
todayim,0,1,1,0.0,3.2e-05,0.7931,0.7931
pileq,0,1,1,0.0,3.2e-05,0.7931,0.7931
crosed,1,0,1,2.8e-05,0.0,-0.5932,0.5932
astonishing,1,0,1,2.8e-05,0.0,-0.5932,0.5932
lovemyjob,1,0,1,2.8e-05,0.0,-0.5932,0.5932
utd,1,0,1,2.8e-05,0.0,-0.5932,0.5932
setanta,1,0,1,2.8e-05,0.0,-0.5932,0.5932
reset,1,0,1,2.8e-05,0.0,-0.5932,0.5932
dvds,1,0,1,2.8e-05,0.0,-0.5932,0.5932
donations,1,0,1,2.8e-05,0.0,-0.5932,0.5932
agdq,1,0,1,2.8e-05,0.0,-0.5932,0.5932
fairgrounds,1,0,1,2.8e-05,0.0,-0.5932,0.5932
anjem,0,1,1,0.0,3.2e-05,0.7931,0.7931
ought,1,0,1,2.8e-05,0.0,-0.5932,0.5932
nyse,0,1,1,0.0,3.2e-05,0.7931,0.7931
warranted,0,1,1,0.0,3.2e-05,0.7931,0.7931
lax,1,0,1,2.8e-05,0.0,-0.5932,0.5932
batter,1,0,1,2.8e-05,0.0,-0.5932,0.5932
chilis,1,0,1,2.8e-05,0.0,-0.5932,0.5932
brahmans,1,0,1,2.8e-05,0.0,-0.5932,0.5932
conserve,0,1,1,0.0,3.2e-05,0.7931,0.7931
ww,1,0,1,2.8e-05,0.0,-0.5932,0.5932
boots,1,0,1,2.8e-05,0.0,-0.5932,0.5932
thurlow,0,1,1,0.0,3.2e-05,0.7931,0.7931
announce,1,0,1,2.8e-05,0.0,-0.5932,0.5932
fizzy,1,0,1,2.8e-05,0.0,-0.5932,0.5932
hoffman,0,1,1,0.0,3.2e-05,0.7931,0.7931
deployments,1,0,1,2.8e-05,0.0,-0.5932,0.5932
ghoul,1,0,1,2.8e-05,0.0,-0.5932,0.5932
literarycakes,1,0,1,2.8e-05,0.0,-0.5932,0.5932
panda,0,1,1,0.0,3.2e-05,0.7931,0.7931
yyj,0,1,1,0.0,3.2e-05,0.7931,0.7931
paperback,1,0,1,2.8e-05,0.0,-0.5932,0.5932
starbs,0,1,1,0.0,3.2e-05,0.7931,0.7931
carb,1,0,1,2.8e-05,0.0,-0.5932,0.5932
kinder,1,0,1,2.8e-05,0.0,-0.5932,0.5932
summers,1,0,1,2.8e-05,0.0,-0.5932,0.5932
unconsciously,1,0,1,2.8e-05,0.0,-0.5932,0.5932
flared,1,0,1,2.8e-05,0.0,-0.5932,0.5932
splatling,1,0,1,2.8e-05,0.0,-0.5932,0.5932
superv,1,0,1,2.8e-05,0.0,-0.5932,0.5932
vuzuhustle,1,0,1,2.8e-05,0.0,-0.5932,0.5932
simpson,0,1,1,0.0,3.2e-05,0.7931,0.7931
ihave44episodesofgg,1,0,1,2.8e-05,0.0,-0.5932,0.5932
boxed,1,0,1,2.8e-05,0.0,-0.5932,0.5932
nui,1,0,1,2.8e-05,0.0,-0.5932,0.5932
amiibos,1,0,1,2.8e-05,0.0,-0.5932,0.5932
cliptv,1,0,1,2.8e-05,0.0,-0.5932,0.5932
sunflower,0,1,1,0.0,3.2e-05,0.7931,0.7931
albums,1,0,1,2.8e-05,0.0,-0.5932,0.5932
subsequent,1,0,1,2.8e-05,0.0,-0.5932,0.5932
hipsters,0,1,1,0.0,3.2e-05,0.7931,0.7931
spam,1,0,1,2.8e-05,0.0,-0.5932,0.5932
kalmikya,0,1,1,0.0,3.2e-05,0.7931,0.7931
frustration,1,0,1,2.8e-05,0.0,-0.5932,0.5932
whatcanthedo,1,0,1,2.8e-05,0.0,-0.5932,0.5932
bellerin,1,0,1,2.8e-05,0.0,-0.5932,0.5932
weddinghour,1,0,1,2.8e-05,0.0,-0.5932,0.5932
colleenmnelson,1,0,1,2.8e-05,0.0,-0.5932,0.5932
vestment,1,0,1,2.8e-05,0.0,-0.5932,0.5932
churchill,1,0,1,2.8e-05,0.0,-0.5932,0.5932
abes,0,1,1,0.0,3.2e-05,0.7931,0.7931
8m,0,1,1,0.0,3.2e-05,0.7931,0.7931
messiah,1,0,1,2.8e-05,0.0,-0.5932,0.5932
bbsnews,0,1,1,0.0,3.2e-05,0.7931,0.7931
workspace,1,0,1,2.8e-05,0.0,-0.5932,0.5932
bias,1,0,1,2.8e-05,0.0,-0.5932,0.5932
jun,0,1,1,0.0,3.2e-05,0.7931,0.7931
mitigating,0,1,1,0.0,3.2e-05,0.7931,0.7931
golfball,1,0,1,2.8e-05,0.0,-0.5932,0.5932
runkeeper,1,0,1,2.8e-05,0.0,-0.5932,0.5932
harshness,1,0,1,2.8e-05,0.0,-0.5932,0.5932
avi,1,0,1,2.8e-05,0.0,-0.5932,0.5932
heartache,1,0,1,2.8e-05,0.0,-0.5932,0.5932
portaloos,1,0,1,2.8e-05,0.0,-0.5932,0.5932
begun,1,0,1,2.8e-05,0.0,-0.5932,0.5932
exclamation,1,0,1,2.8e-05,0.0,-0.5932,0.5932
temps,0,1,1,0.0,3.2e-05,0.7931,0.7931
hakogaku,0,1,1,0.0,3.2e-05,0.7931,0.7931
bluehand,0,1,1,0.0,3.2e-05,0.7931,0.7931
mgtab,1,0,1,2.8e-05,0.0,-0.5932,0.5932
instagrams,1,0,1,2.8e-05,0.0,-0.5932,0.5932
claire,0,1,1,0.0,3.2e-05,0.7931,0.7931
inws,0,1,1,0.0,3.2e-05,0.7931,0.7931
pickle,1,0,1,2.8e-05,0.0,-0.5932,0.5932
silverwood,1,0,1,2.8e-05,0.0,-0.5932,0.5932
recipe,1,0,1,2.8e-05,0.0,-0.5932,0.5932
sandbox,1,0,1,2.8e-05,0.0,-0.5932,0.5932
platinum,1,0,1,2.8e-05,0.0,-0.5932,0.5932
mannered,1,0,1,2.8e-05,0.0,-0.5932,0.5932
helo,0,1,1,0.0,3.2e-05,0.7931,0.7931
worship,0,1,1,0.0,3.2e-05,0.7931,0.7931
wales,0,1,1,0.0,3.2e-05,0.7931,0.7931
cedarglade2015,1,0,1,2.8e-05,0.0,-0.5932,0.5932
dumbass,1,0,1,2.8e-05,0.0,-0.5932,0.5932
3934,1,0,1,2.8e-05,0.0,-0.5932,0.5932
orpol,1,0,1,2.8e-05,0.0,-0.5932,0.5932
nycha,0,1,1,0.0,3.2e-05,0.7931,0.7931
realistic,1,0,1,2.8e-05,0.0,-0.5932,0.5932
frenzy,0,1,1,0.0,3.2e-05,0.7931,0.7931
brisbane,1,0,1,2.8e-05,0.0,-0.5932,0.5932
swingman,1,0,1,2.8e-05,0.0,-0.5932,0.5932
victoria,0,1,1,0.0,3.2e-05,0.7931,0.7931
faried,1,0,1,2.8e-05,0.0,-0.5932,0.5932
critters,0,1,1,0.0,3.2e-05,0.7931,0.7931
acids,1,0,1,2.8e-05,0.0,-0.5932,0.5932
kamchatka,0,1,1,0.0,3.2e-05,0.7931,0.7931
mommys,1,0,1,2.8e-05,0.0,-0.5932,0.5932
nitroglycerin,1,0,1,2.8e-05,0.0,-0.5932,0.5932
prob,0,1,1,0.0,3.2e-05,0.7931,0.7931
downtime,1,0,1,2.8e-05,0.0,-0.5932,0.5932
artillery,0,1,1,0.0,3.2e-05,0.7931,0.7931
morocco,0,1,1,0.0,3.2e-05,0.7931,0.7931
handside,1,0,1,2.8e-05,0.0,-0.5932,0.5932
iwontmakeit,1,0,1,2.8e-05,0.0,-0.5932,0.5932
aisle,1,0,1,2.8e-05,0.0,-0.5932,0.5932
seeweed,0,1,1,0.0,3.2e-05,0.7931,0.7931
rc,0,1,1,0.0,3.2e-05,0.7931,0.7931
stem,0,1,1,0.0,3.2e-05,0.7931,0.7931
naturally,0,1,1,0.0,3.2e-05,0.7931,0.7931
unloads,1,0,1,2.8e-05,0.0,-0.5932,0.5932
slavery,0,1,1,0.0,3.2e-05,0.7931,0.7931
ladins,0,1,1,0.0,3.2e-05,0.7931,0.7931
wiwnpfxa,0,1,1,0.0,3.2e-05,0.7931,0.7931
bhramabull,0,1,1,0.0,3.2e-05,0.7931,0.7931
lifehacks,1,0,1,2.8e-05,0.0,-0.5932,0.5932
sworn,1,0,1,2.8e-05,0.0,-0.5932,0.5932
ruhl,0,1,1,0.0,3.2e-05,0.7931,0.7931
v4,0,1,1,0.0,3.2e-05,0.7931,0.7931
cigs,1,0,1,2.8e-05,0.0,-0.5932,0.5932
encaustic,1,0,1,2.8e-05,0.0,-0.5932,0.5932
1984,1,0,1,2.8e-05,0.0,-0.5932,0.5932
hlg,0,1,1,0.0,3.2e-05,0.7931,0.7931
1970s,0,1,1,0.0,3.2e-05,0.7931,0.7931
shaheed,0,1,1,0.0,3.2e-05,0.7931,0.7931
905,1,0,1,2.8e-05,0.0,-0.5932,0.5932
dogger,1,0,1,2.8e-05,0.0,-0.5932,0.5932
airasia,0,1,1,0.0,3.2e-05,0.7931,0.7931
density,1,0,1,2.8e-05,0.0,-0.5932,0.5932
nypd,0,1,1,0.0,3.2e-05,0.7931,0.7931
shaolin,1,0,1,2.8e-05,0.0,-0.5932,0.5932
shtap,1,0,1,2.8e-05,0.0,-0.5932,0.5932
obscuring,0,1,1,0.0,3.2e-05,0.7931,0.7931
flex,1,0,1,2.8e-05,0.0,-0.5932,0.5932
fu,1,0,1,2.8e-05,0.0,-0.5932,0.5932
shakespeares,1,0,1,2.8e-05,0.0,-0.5932,0.5932
snake,0,1,1,0.0,3.2e-05,0.7931,0.7931
homefolks,1,0,1,2.8e-05,0.0,-0.5932,0.5932
liquidation,1,0,1,2.8e-05,0.0,-0.5932,0.5932
erdogans,0,1,1,0.0,3.2e-05,0.7931,0.7931
physically,0,1,1,0.0,3.2e-05,0.7931,0.7931
clelli,1,0,1,2.8e-05,0.0,-0.5932,0.5932
mouse,1,0,1,2.8e-05,0.0,-0.5932,0.5932
wells,0,1,1,0.0,3.2e-05,0.7931,0.7931
mofo,1,0,1,2.8e-05,0.0,-0.5932,0.5932
respecting,1,0,1,2.8e-05,0.0,-0.5932,0.5932
chaser,0,1,1,0.0,3.2e-05,0.7931,0.7931
freeman,1,0,1,2.8e-05,0.0,-0.5932,0.5932
skeleton,0,1,1,0.0,3.2e-05,0.7931,0.7931
seeds,1,0,1,2.8e-05,0.0,-0.5932,0.5932
overboard,0,1,1,0.0,3.2e-05,0.7931,0.7931
orchestrated,0,1,1,0.0,3.2e-05,0.7931,0.7931
firefighte,0,1,1,0.0,3.2e-05,0.7931,0.7931
writings,0,1,1,0.0,3.2e-05,0.7931,0.7931
kelbytomlinson,1,0,1,2.8e-05,0.0,-0.5932,0.5932
jerusalem,1,0,1,2.8e-05,0.0,-0.5932,0.5932
istg,1,0,1,2.8e-05,0.0,-0.5932,0.5932
olds,1,0,1,2.8e-05,0.0,-0.5932,0.5932
unpredictable,0,1,1,0.0,3.2e-05,0.7931,0.7931
mlm,1,0,1,2.8e-05,0.0,-0.5932,0.5932
riser,1,0,1,2.8e-05,0.0,-0.5932,0.5932
ary,0,1,1,0.0,3.2e-05,0.7931,0.7931
trey,1,0,1,2.8e-05,0.0,-0.5932,0.5932
declarat,0,1,1,0.0,3.2e-05,0.7931,0.7931
includes,1,0,1,2.8e-05,0.0,-0.5932,0.5932
intensive,0,1,1,0.0,3.2e-05,0.7931,0.7931
cube,1,0,1,2.8e-05,0.0,-0.5932,0.5932
locksmith,1,0,1,2.8e-05,0.0,-0.5932,0.5932
cantar,1,0,1,2.8e-05,0.0,-0.5932,0.5932
employed,0,1,1,0.0,3.2e-05,0.7931,0.7931
choked,1,0,1,2.8e-05,0.0,-0.5932,0.5932
packing,1,0,1,2.8e-05,0.0,-0.5932,0.5932
boycottbears,1,0,1,2.8e-05,0.0,-0.5932,0.5932
qvc,1,0,1,2.8e-05,0.0,-0.5932,0.5932
uncles,1,0,1,2.8e-05,0.0,-0.5932,0.5932
fadc,1,0,1,2.8e-05,0.0,-0.5932,0.5932
politicians,1,0,1,2.8e-05,0.0,-0.5932,0.5932
oakridge,0,1,1,0.0,3.2e-05,0.7931,0.7931
fries,1,0,1,2.8e-05,0.0,-0.5932,0.5932
snapping,1,0,1,2.8e-05,0.0,-0.5932,0.5932
tarp,0,1,1,0.0,3.2e-05,0.7931,0.7931
yum,1,0,1,2.8e-05,0.0,-0.5932,0.5932
glononium,1,0,1,2.8e-05,0.0,-0.5932,0.5932
adidas,1,0,1,2.8e-05,0.0,-0.5932,0.5932
quem,0,1,1,0.0,3.2e-05,0.7931,0.7931
adani,1,0,1,2.8e-05,0.0,-0.5932,0.5932
delusion,1,0,1,2.8e-05,0.0,-0.5932,0.5932
ovaries,1,0,1,2.8e-05,0.0,-0.5932,0.5932
asb,1,0,1,2.8e-05,0.0,-0.5932,0.5932
marlene,0,1,1,0.0,3.2e-05,0.7931,0.7931
gv,0,1,1,0.0,3.2e-05,0.7931,0.7931
kissimmee,1,0,1,2.8e-05,0.0,-0.5932,0.5932
drank,1,0,1,2.8e-05,0.0,-0.5932,0.5932
developer,1,0,1,2.8e-05,0.0,-0.5932,0.5932
roskomnadzor,1,0,1,2.8e-05,0.0,-0.5932,0.5932
stat,1,0,1,2.8e-05,0.0,-0.5932,0.5932
specialguest,1,0,1,2.8e-05,0.0,-0.5932,0.5932
antony,1,0,1,2.8e-05,0.0,-0.5932,0.5932
712c,1,0,1,2.8e-05,0.0,-0.5932,0.5932
sunnymeade,0,1,1,0.0,3.2e-05,0.7931,0.7931
ayhhhhhdjjfjrjjrdjjeks,1,0,1,2.8e-05,0.0,-0.5932,0.5932
wbu,1,0,1,2.8e-05,0.0,-0.5932,0.5932
sanford,1,0,1,2.8e-05,0.0,-0.5932,0.5932
lore,1,0,1,2.8e-05,0.0,-0.5932,0.5932
plz,1,0,1,2.8e-05,0.0,-0.5932,0.5932
animations,1,0,1,2.8e-05,0.0,-0.5932,0.5932
farms,1,0,1,2.8e-05,0.0,-0.5932,0.5932
erode,0,1,1,0.0,3.2e-05,0.7931,0.7931
keithyy,1,0,1,2.8e-05,0.0,-0.5932,0.5932
cambridge,0,1,1,0.0,3.2e-05,0.7931,0.7931
24v,1,0,1,2.8e-05,0.0,-0.5932,0.5932
florence,1,0,1,2.8e-05,0.0,-0.5932,0.5932
yycwalks,0,1,1,0.0,3.2e-05,0.7931,0.7931
razak,0,1,1,0.0,3.2e-05,0.7931,0.7931
aiii,1,0,1,2.8e-05,0.0,-0.5932,0.5932
10w,1,0,1,2.8e-05,0.0,-0.5932,0.5932
reply,1,0,1,2.8e-05,0.0,-0.5932,0.5932
technical,0,1,1,0.0,3.2e-05,0.7931,0.7931
pleb,1,0,1,2.8e-05,0.0,-0.5932,0.5932
wsvr1686b,1,0,1,2.8e-05,0.0,-0.5932,0.5932
recommendations,0,1,1,0.0,3.2e-05,0.7931,0.7931
adaptation,1,0,1,2.8e-05,0.0,-0.5932,0.5932
follownflnews,1,0,1,2.8e-05,0.0,-0.5932,0.5932
referencereference,1,0,1,2.8e-05,0.0,-0.5932,0.5932
definition,1,0,1,2.8e-05,0.0,-0.5932,0.5932
askconnor,1,0,1,2.8e-05,0.0,-0.5932,0.5932
benediction,1,0,1,2.8e-05,0.0,-0.5932,0.5932
spits,0,1,1,0.0,3.2e-05,0.7931,0.7931
astroturfers,1,0,1,2.8e-05,0.0,-0.5932,0.5932
starve,1,0,1,2.8e-05,0.0,-0.5932,0.5932
massgrave,0,1,1,0.0,3.2e-05,0.7931,0.7931
burner,1,0,1,2.8e-05,0.0,-0.5932,0.5932
thoroughly,0,1,1,0.0,3.2e-05,0.7931,0.7931
chargers,0,1,1,0.0,3.2e-05,0.7931,0.7931
fem,1,0,1,2.8e-05,0.0,-0.5932,0.5932
denying,1,0,1,2.8e-05,0.0,-0.5932,0.5932
hogging,1,0,1,2.8e-05,0.0,-0.5932,0.5932
sprinklers,1,0,1,2.8e-05,0.0,-0.5932,0.5932
smartnews,0,1,1,0.0,3.2e-05,0.7931,0.7931
givebackkalinwhiteaccount,1,0,1,2.8e-05,0.0,-0.5932,0.5932
adoptive,1,0,1,2.8e-05,0.0,-0.5932,0.5932
hotter,1,0,1,2.8e-05,0.0,-0.5932,0.5932
fiction,1,0,1,2.8e-05,0.0,-0.5932,0.5932
appys,0,1,1,0.0,3.2e-05,0.7931,0.7931
realizations,1,0,1,2.8e-05,0.0,-0.5932,0.5932
lassics,0,1,1,0.0,3.2e-05,0.7931,0.7931
gisuserpr,1,0,1,2.8e-05,0.0,-0.5932,0.5932
impressions,1,0,1,2.8e-05,0.0,-0.5932,0.5932
nueva,1,0,1,2.8e-05,0.0,-0.5932,0.5932
osage,1,0,1,2.8e-05,0.0,-0.5932,0.5932
sparxxx,1,0,1,2.8e-05,0.0,-0.5932,0.5932
homicides,1,0,1,2.8e-05,0.0,-0.5932,0.5932
stacks,1,0,1,2.8e-05,0.0,-0.5932,0.5932
qty,1,0,1,2.8e-05,0.0,-0.5932,0.5932
chieftain,0,1,1,0.0,3.2e-05,0.7931,0.7931
technews,1,0,1,2.8e-05,0.0,-0.5932,0.5932
lakeeffect,0,1,1,0.0,3.2e-05,0.7931,0.7931
curing,1,0,1,2.8e-05,0.0,-0.5932,0.5932
closeup,1,0,1,2.8e-05,0.0,-0.5932,0.5932
400000,0,1,1,0.0,3.2e-05,0.7931,0.7931
elvis,1,0,1,2.8e-05,0.0,-0.5932,0.5932
overrated,1,0,1,2.8e-05,0.0,-0.5932,0.5932
steady,0,1,1,0.0,3.2e-05,0.7931,0.7931
bcs,1,0,1,2.8e-05,0.0,-0.5932,0.5932
shidddd,1,0,1,2.8e-05,0.0,-0.5932,0.5932
tepat,0,1,1,0.0,3.2e-05,0.7931,0.7931
lmaov,1,0,1,2.8e-05,0.0,-0.5932,0.5932
sentient,1,0,1,2.8e-05,0.0,-0.5932,0.5932
driverlesscars,1,0,1,2.8e-05,0.0,-0.5932,0.5932
smokes,1,0,1,2.8e-05,0.0,-0.5932,0.5932
arabic,1,0,1,2.8e-05,0.0,-0.5932,0.5932
borrowers,1,0,1,2.8e-05,0.0,-0.5932,0.5932
wdtv,0,1,1,0.0,3.2e-05,0.7931,0.7931
livemint,0,1,1,0.0,3.2e-05,0.7931,0.7931
450,1,0,1,2.8e-05,0.0,-0.5932,0.5932
directions,0,1,1,0.0,3.2e-05,0.7931,0.7931
development,1,0,1,2.8e-05,0.0,-0.5932,0.5932
ohhhh,1,0,1,2.8e-05,0.0,-0.5932,0.5932
hisao,1,0,1,2.8e-05,0.0,-0.5932,0.5932
earthquakenews,0,1,1,0.0,3.2e-05,0.7931,0.7931
chowchilla,1,0,1,2.8e-05,0.0,-0.5932,0.5932
newser,0,1,1,0.0,3.2e-05,0.7931,0.7931
rebecca,0,1,1,0.0,3.2e-05,0.7931,0.7931
objective,1,0,1,2.8e-05,0.0,-0.5932,0.5932
cumshot,1,0,1,2.8e-05,0.0,-0.5932,0.5932
clothing,1,0,1,2.8e-05,0.0,-0.5932,0.5932
sectors,1,0,1,2.8e-05,0.0,-0.5932,0.5932
honour,0,1,1,0.0,3.2e-05,0.7931,0.7931
sbee,1,0,1,2.8e-05,0.0,-0.5932,0.5932
mashup,1,0,1,2.8e-05,0.0,-0.5932,0.5932
underground,1,0,1,2.8e-05,0.0,-0.5932,0.5932
yamashiro,0,1,1,0.0,3.2e-05,0.7931,0.7931
unwarranted,1,0,1,2.8e-05,0.0,-0.5932,0.5932
indonesian,0,1,1,0.0,3.2e-05,0.7931,0.7931
reader,0,1,1,0.0,3.2e-05,0.7931,0.7931
utica,1,0,1,2.8e-05,0.0,-0.5932,0.5932
gameinsight,1,0,1,2.8e-05,0.0,-0.5932,0.5932
disrespect,1,0,1,2.8e-05,0.0,-0.5932,0.5932
rigga,1,0,1,2.8e-05,0.0,-0.5932,0.5932
trespass,1,0,1,2.8e-05,0.0,-0.5932,0.5932
yagitudeh,1,0,1,2.8e-05,0.0,-0.5932,0.5932
derma,1,0,1,2.8e-05,0.0,-0.5932,0.5932
aftermath,0,1,1,0.0,3.2e-05,0.7931,0.7931
loosers,1,0,1,2.8e-05,0.0,-0.5932,0.5932
dispersed,0,1,1,0.0,3.2e-05,0.7931,0.7931
railroad,0,1,1,0.0,3.2e-05,0.7931,0.7931
ideals,0,1,1,0.0,3.2e-05,0.7931,0.7931
revealing,1,0,1,2.8e-05,0.0,-0.5932,0.5932
trois,1,0,1,2.8e-05,0.0,-0.5932,0.5932
modest,1,0,1,2.8e-05,0.0,-0.5932,0.5932
currensy,0,1,1,0.0,3.2e-05,0.7931,0.7931
beacon,0,1,1,0.0,3.2e-05,0.7931,0.7931
appetite,1,0,1,2.8e-05,0.0,-0.5932,0.5932
nomiya,1,0,1,2.8e-05,0.0,-0.5932,0.5932
josie,1,0,1,2.8e-05,0.0,-0.5932,0.5932
boone,1,0,1,2.8e-05,0.0,-0.5932,0.5932
robbed,1,0,1,2.8e-05,0.0,-0.5932,0.5932
kellys,1,0,1,2.8e-05,0.0,-0.5932,0.5932
realization,1,0,1,2.8e-05,0.0,-0.5932,0.5932
barbados,0,1,1,0.0,3.2e-05,0.7931,0.7931
membuahkan,0,1,1,0.0,3.2e-05,0.7931,0.7931
hinatobot,1,0,1,2.8e-05,0.0,-0.5932,0.5932
smantibatam,1,0,1,2.8e-05,0.0,-0.5932,0.5932
emts,1,0,1,2.8e-05,0.0,-0.5932,0.5932
transcription,1,0,1,2.8e-05,0.0,-0.5932,0.5932
eventspalmbeach,0,1,1,0.0,3.2e-05,0.7931,0.7931
freesikhpoliticalprisnors,1,0,1,2.8e-05,0.0,-0.5932,0.5932
figures,1,0,1,2.8e-05,0.0,-0.5932,0.5932
infected,1,0,1,2.8e-05,0.0,-0.5932,0.5932
whistled,1,0,1,2.8e-05,0.0,-0.5932,0.5932
developing,0,1,1,0.0,3.2e-05,0.7931,0.7931
4k,1,0,1,2.8e-05,0.0,-0.5932,0.5932
aspiring,1,0,1,2.8e-05,0.0,-0.5932,0.5932
greasy,1,0,1,2.8e-05,0.0,-0.5932,0.5932
proliferation,0,1,1,0.0,3.2e-05,0.7931,0.7931
folks,1,0,1,2.8e-05,0.0,-0.5932,0.5932
dictator,1,0,1,2.8e-05,0.0,-0.5932,0.5932
casu,0,1,1,0.0,3.2e-05,0.7931,0.7931
lucas,0,1,1,0.0,3.2e-05,0.7931,0.7931
observations,1,0,1,2.8e-05,0.0,-0.5932,0.5932
gazette,0,1,1,0.0,3.2e-05,0.7931,0.7931
unimpressed,1,0,1,2.8e-05,0.0,-0.5932,0.5932
superficial,0,1,1,0.0,3.2e-05,0.7931,0.7931
uud,1,0,1,2.8e-05,0.0,-0.5932,0.5932
az,1,0,1,2.8e-05,0.0,-0.5932,0.5932
masterchef,1,0,1,2.8e-05,0.0,-0.5932,0.5932
freiza,1,0,1,2.8e-05,0.0,-0.5932,0.5932
anime,1,0,1,2.8e-05,0.0,-0.5932,0.5932
incitement,0,1,1,0.0,3.2e-05,0.7931,0.7931
mcourt,0,1,1,0.0,3.2e-05,0.7931,0.7931
rivals,1,0,1,2.8e-05,0.0,-0.5932,0.5932
defined,0,1,1,0.0,3.2e-05,0.7931,0.7931
specifically,0,1,1,0.0,3.2e-05,0.7931,0.7931
strongest,0,1,1,0.0,3.2e-05,0.7931,0.7931
peers,1,0,1,2.8e-05,0.0,-0.5932,0.5932
rebuilding,0,1,1,0.0,3.2e-05,0.7931,0.7931
panics,0,1,1,0.0,3.2e-05,0.7931,0.7931
sockets,0,1,1,0.0,3.2e-05,0.7931,0.7931
twit,0,1,1,0.0,3.2e-05,0.7931,0.7931
artectura,1,0,1,2.8e-05,0.0,-0.5932,0.5932
juicy,1,0,1,2.8e-05,0.0,-0.5932,0.5932
4kus,1,0,1,2.8e-05,0.0,-0.5932,0.5932
keith,0,1,1,0.0,3.2e-05,0.7931,0.7931
spaniels,1,0,1,2.8e-05,0.0,-0.5932,0.5932
tray,1,0,1,2.8e-05,0.0,-0.5932,0.5932
myreligion,0,1,1,0.0,3.2e-05,0.7931,0.7931
favori,1,0,1,2.8e-05,0.0,-0.5932,0.5932
presume,1,0,1,2.8e-05,0.0,-0.5932,0.5932
blockage,0,1,1,0.0,3.2e-05,0.7931,0.7931
index,0,1,1,0.0,3.2e-05,0.7931,0.7931
championsblackfoot,1,0,1,2.8e-05,0.0,-0.5932,0.5932
litter,1,0,1,2.8e-05,0.0,-0.5932,0.5932
pizzarev,0,1,1,0.0,3.2e-05,0.7931,0.7931
turner,1,0,1,2.8e-05,0.0,-0.5932,0.5932
nothingness,1,0,1,2.8e-05,0.0,-0.5932,0.5932
6l,1,0,1,2.8e-05,0.0,-0.5932,0.5932
belie,1,0,1,2.8e-05,0.0,-0.5932,0.5932
choudary,0,1,1,0.0,3.2e-05,0.7931,0.7931
zimpapersviews,0,1,1,0.0,3.2e-05,0.7931,0.7931
deafening,1,0,1,2.8e-05,0.0,-0.5932,0.5932
esse,1,0,1,2.8e-05,0.0,-0.5932,0.5932
blowjobs,0,1,1,0.0,3.2e-05,0.7931,0.7931
kenji,1,0,1,2.8e-05,0.0,-0.5932,0.5932
redeemer,1,0,1,2.8e-05,0.0,-0.5932,0.5932
tcc,1,0,1,2.8e-05,0.0,-0.5932,0.5932
goshen,1,0,1,2.8e-05,0.0,-0.5932,0.5932
aboard,0,1,1,0.0,3.2e-05,0.7931,0.7931
hurled,1,0,1,2.8e-05,0.0,-0.5932,0.5932
utility,0,1,1,0.0,3.2e-05,0.7931,0.7931
organizers,0,1,1,0.0,3.2e-05,0.7931,0.7931
whag,0,1,1,0.0,3.2e-05,0.7931,0.7931
selects,1,0,1,2.8e-05,0.0,-0.5932,0.5932
cndpoli,0,1,1,0.0,3.2e-05,0.7931,0.7931
iwate,0,1,1,0.0,3.2e-05,0.7931,0.7931
exporting,0,1,1,0.0,3.2e-05,0.7931,0.7931
meaningless,1,0,1,2.8e-05,0.0,-0.5932,0.5932
bokuto,0,1,1,0.0,3.2e-05,0.7931,0.7931
arfur,0,1,1,0.0,3.2e-05,0.7931,0.7931
swedish,1,0,1,2.8e-05,0.0,-0.5932,0.5932
ensuring,1,0,1,2.8e-05,0.0,-0.5932,0.5932
sweep,0,1,1,0.0,3.2e-05,0.7931,0.7931
dodge,0,1,1,0.0,3.2e-05,0.7931,0.7931
wxia,1,0,1,2.8e-05,0.0,-0.5932,0.5932
omw,1,0,1,2.8e-05,0.0,-0.5932,0.5932
ppc,0,1,1,0.0,3.2e-05,0.7931,0.7931
rowysolouisville,0,1,1,0.0,3.2e-05,0.7931,0.7931
straits,0,1,1,0.0,3.2e-05,0.7931,0.7931
http,1,0,1,2.8e-05,0.0,-0.5932,0.5932
freaked,1,0,1,2.8e-05,0.0,-0.5932,0.5932
monroes,1,0,1,2.8e-05,0.0,-0.5932,0.5932
stood,0,1,1,0.0,3.2e-05,0.7931,0.7931
girardeau,0,1,1,0.0,3.2e-05,0.7931,0.7931
totteham,0,1,1,0.0,3.2e-05,0.7931,0.7931
pneumonia,0,1,1,0.0,3.2e-05,0.7931,0.7931
suspects,0,1,1,0.0,3.2e-05,0.7931,0.7931
appx,0,1,1,0.0,3.2e-05,0.7931,0.7931
kamayani,0,1,1,0.0,3.2e-05,0.7931,0.7931
ritualistic,0,1,1,0.0,3.2e-05,0.7931,0.7931
popcorn,1,0,1,2.8e-05,0.0,-0.5932,0.5932
everydaynaija,0,1,1,0.0,3.2e-05,0.7931,0.7931
quicker,1,0,1,2.8e-05,0.0,-0.5932,0.5932
bc19,1,0,1,2.8e-05,0.0,-0.5932,0.5932
bon,0,1,1,0.0,3.2e-05,0.7931,0.7931
gbonyin,0,1,1,0.0,3.2e-05,0.7931,0.7931
examples,0,1,1,0.0,3.2e-05,0.7931,0.7931
doug,0,1,1,0.0,3.2e-05,0.7931,0.7931
practices,1,0,1,2.8e-05,0.0,-0.5932,0.5932
airports,0,1,1,0.0,3.2e-05,0.7931,0.7931
violation,1,0,1,2.8e-05,0.0,-0.5932,0.5932
persecution,0,1,1,0.0,3.2e-05,0.7931,0.7931
dislike,1,0,1,2.8e-05,0.0,-0.5932,0.5932
prints,1,0,1,2.8e-05,0.0,-0.5932,0.5932
theashes,0,1,1,0.0,3.2e-05,0.7931,0.7931
scenario,0,1,1,0.0,3.2e-05,0.7931,0.7931
gasoline,1,0,1,2.8e-05,0.0,-0.5932,0.5932
ocd,1,0,1,2.8e-05,0.0,-0.5932,0.5932
tawfmcaw,1,0,1,2.8e-05,0.0,-0.5932,0.5932
watermelon,1,0,1,2.8e-05,0.0,-0.5932,0.5932
millcityio,0,1,1,0.0,3.2e-05,0.7931,0.7931
skyler,1,0,1,2.8e-05,0.0,-0.5932,0.5932
shadowed,1,0,1,2.8e-05,0.0,-0.5932,0.5932
737,0,1,1,0.0,3.2e-05,0.7931,0.7931
sni,1,0,1,2.8e-05,0.0,-0.5932,0.5932
trp,1,0,1,2.8e-05,0.0,-0.5932,0.5932
pornhub,0,1,1,0.0,3.2e-05,0.7931,0.7931
grilled,1,0,1,2.8e-05,0.0,-0.5932,0.5932
redblood,1,0,1,2.8e-05,0.0,-0.5932,0.5932
sucked,0,1,1,0.0,3.2e-05,0.7931,0.7931
sasha,1,0,1,2.8e-05,0.0,-0.5932,0.5932
fanfiction,1,0,1,2.8e-05,0.0,-0.5932,0.5932
woes,1,0,1,2.8e-05,0.0,-0.5932,0.5932
intead,1,0,1,2.8e-05,0.0,-0.5932,0.5932
meelllttting,1,0,1,2.8e-05,0.0,-0.5932,0.5932
silvery,1,0,1,2.8e-05,0.0,-0.5932,0.5932
lindenow,0,1,1,0.0,3.2e-05,0.7931,0.7931
drummond,0,1,1,0.0,3.2e-05,0.7931,0.7931
foolish,1,0,1,2.8e-05,0.0,-0.5932,0.5932
sul,1,0,1,2.8e-05,0.0,-0.5932,0.5932
piga,1,0,1,2.8e-05,0.0,-0.5932,0.5932
funeral,0,1,1,0.0,3.2e-05,0.7931,0.7931
encouraging,1,0,1,2.8e-05,0.0,-0.5932,0.5932
vibrates,1,0,1,2.8e-05,0.0,-0.5932,0.5932
recal,0,1,1,0.0,3.2e-05,0.7931,0.7931
raffi,0,1,1,0.0,3.2e-05,0.7931,0.7931
clintons,1,0,1,2.8e-05,0.0,-0.5932,0.5932
bricks,1,0,1,2.8e-05,0.0,-0.5932,0.5932
freekashmir,0,1,1,0.0,3.2e-05,0.7931,0.7931
taxis,0,1,1,0.0,3.2e-05,0.7931,0.7931
khuzdar,0,1,1,0.0,3.2e-05,0.7931,0.7931
sticker,1,0,1,2.8e-05,0.0,-0.5932,0.5932
tsunamis,1,0,1,2.8e-05,0.0,-0.5932,0.5932
wisdom,1,0,1,2.8e-05,0.0,-0.5932,0.5932
flesh,1,0,1,2.8e-05,0.0,-0.5932,0.5932
roimentor,0,1,1,0.0,3.2e-05,0.7931,0.7931
ahhh,1,0,1,2.8e-05,0.0,-0.5932,0.5932
resource,1,0,1,2.8e-05,0.0,-0.5932,0.5932
blending,1,0,1,2.8e-05,0.0,-0.5932,0.5932
absence,0,1,1,0.0,3.2e-05,0.7931,0.7931
appoints,1,0,1,2.8e-05,0.0,-0.5932,0.5932
lithium,0,1,1,0.0,3.2e-05,0.7931,0.7931
forgiving,1,0,1,2.8e-05,0.0,-0.5932,0.5932
households,0,1,1,0.0,3.2e-05,0.7931,0.7931
decals,1,0,1,2.8e-05,0.0,-0.5932,0.5932
bartender,0,1,1,0.0,3.2e-05,0.7931,0.7931
zzzz,1,0,1,2.8e-05,0.0,-0.5932,0.5932
rhymes,1,0,1,2.8e-05,0.0,-0.5932,0.5932
merged,1,0,1,2.8e-05,0.0,-0.5932,0.5932
ricotta,1,0,1,2.8e-05,0.0,-0.5932,0.5932
stockwell,1,0,1,2.8e-05,0.0,-0.5932,0.5932
bardo,0,1,1,0.0,3.2e-05,0.7931,0.7931
moshav,0,1,1,0.0,3.2e-05,0.7931,0.7931
copies,1,0,1,2.8e-05,0.0,-0.5932,0.5932
cara,1,0,1,2.8e-05,0.0,-0.5932,0.5932
algeria,0,1,1,0.0,3.2e-05,0.7931,0.7931
canpoli,0,1,1,0.0,3.2e-05,0.7931,0.7931
takin,1,0,1,2.8e-05,0.0,-0.5932,0.5932
thesteveharveyshow,1,0,1,2.8e-05,0.0,-0.5932,0.5932
swiftly,0,1,1,0.0,3.2e-05,0.7931,0.7931
mfi,1,0,1,2.8e-05,0.0,-0.5932,0.5932
sultry,1,0,1,2.8e-05,0.0,-0.5932,0.5932
math,1,0,1,2.8e-05,0.0,-0.5932,0.5932
thanking,1,0,1,2.8e-05,0.0,-0.5932,0.5932
rochdale,0,1,1,0.0,3.2e-05,0.7931,0.7931
elect,1,0,1,2.8e-05,0.0,-0.5932,0.5932
checks,1,0,1,2.8e-05,0.0,-0.5932,0.5932
202,1,0,1,2.8e-05,0.0,-0.5932,0.5932
a10,0,1,1,0.0,3.2e-05,0.7931,0.7931
uglypeople,0,1,1,0.0,3.2e-05,0.7931,0.7931
45600,1,0,1,2.8e-05,0.0,-0.5932,0.5932
ctr,1,0,1,2.8e-05,0.0,-0.5932,0.5932
pakistans,0,1,1,0.0,3.2e-05,0.7931,0.7931
ukfloods,0,1,1,0.0,3.2e-05,0.7931,0.7931
smelling,0,1,1,0.0,3.2e-05,0.7931,0.7931
studying,0,1,1,0.0,3.2e-05,0.7931,0.7931
buffering,1,0,1,2.8e-05,0.0,-0.5932,0.5932
zonewolf123,1,0,1,2.8e-05,0.0,-0.5932,0.5932
rp,0,1,1,0.0,3.2e-05,0.7931,0.7931
kppolice,0,1,1,0.0,3.2e-05,0.7931,0.7931
shakeology,1,0,1,2.8e-05,0.0,-0.5932,0.5932
speculatio,1,0,1,2.8e-05,0.0,-0.5932,0.5932
russellville,0,1,1,0.0,3.2e-05,0.7931,0.7931
oktaviana,0,1,1,0.0,3.2e-05,0.7931,0.7931
2k13,1,0,1,2.8e-05,0.0,-0.5932,0.5932
georgina,0,1,1,0.0,3.2e-05,0.7931,0.7931
securing,0,1,1,0.0,3.2e-05,0.7931,0.7931
sensory,0,1,1,0.0,3.2e-05,0.7931,0.7931
nottingham,1,0,1,2.8e-05,0.0,-0.5932,0.5932
indiana,0,1,1,0.0,3.2e-05,0.7931,0.7931
duststorm,0,1,1,0.0,3.2e-05,0.7931,0.7931
skardu,1,0,1,2.8e-05,0.0,-0.5932,0.5932
mississippi,1,0,1,2.8e-05,0.0,-0.5932,0.5932
mindset,0,1,1,0.0,3.2e-05,0.7931,0.7931
ava,1,0,1,2.8e-05,0.0,-0.5932,0.5932
chandanee,0,1,1,0.0,3.2e-05,0.7931,0.7931
wears,1,0,1,2.8e-05,0.0,-0.5932,0.5932
20150613,0,1,1,0.0,3.2e-05,0.7931,0.7931
rivieres,1,0,1,2.8e-05,0.0,-0.5932,0.5932
condemning,0,1,1,0.0,3.2e-05,0.7931,0.7931
resumed,0,1,1,0.0,3.2e-05,0.7931,0.7931
charleston,0,1,1,0.0,3.2e-05,0.7931,0.7931
92,0,1,1,0.0,3.2e-05,0.7931,0.7931
mothernaturenetwork,0,1,1,0.0,3.2e-05,0.7931,0.7931
foamed,1,0,1,2.8e-05,0.0,-0.5932,0.5932
naturaldisasters,0,1,1,0.0,3.2e-05,0.7931,0.7931
maaaaan,1,0,1,2.8e-05,0.0,-0.5932,0.5932
komo,0,1,1,0.0,3.2e-05,0.7931,0.7931
locusts,0,1,1,0.0,3.2e-05,0.7931,0.7931
consumerist,1,0,1,2.8e-05,0.0,-0.5932,0.5932
vol,1,0,1,2.8e-05,0.0,-0.5932,0.5932
lamarcus,1,0,1,2.8e-05,0.0,-0.5932,0.5932
regime,1,0,1,2.8e-05,0.0,-0.5932,0.5932
aidan,0,1,1,0.0,3.2e-05,0.7931,0.7931
chester,1,0,1,2.8e-05,0.0,-0.5932,0.5932
hasil,0,1,1,0.0,3.2e-05,0.7931,0.7931
compulsory,0,1,1,0.0,3.2e-05,0.7931,0.7931
nlccollide,1,0,1,2.8e-05,0.0,-0.5932,0.5932
smallbusiness,0,1,1,0.0,3.2e-05,0.7931,0.7931
writers,0,1,1,0.0,3.2e-05,0.7931,0.7931
unwanted,1,0,1,2.8e-05,0.0,-0.5932,0.5932
lobbied,1,0,1,2.8e-05,0.0,-0.5932,0.5932
chitral,0,1,1,0.0,3.2e-05,0.7931,0.7931
racco,1,0,1,2.8e-05,0.0,-0.5932,0.5932
january,1,0,1,2.8e-05,0.0,-0.5932,0.5932
authenticating,0,1,1,0.0,3.2e-05,0.7931,0.7931
salyers,1,0,1,2.8e-05,0.0,-0.5932,0.5932
uprootin,0,1,1,0.0,3.2e-05,0.7931,0.7931
reversal,1,0,1,2.8e-05,0.0,-0.5932,0.5932
lovemydentist,1,0,1,2.8e-05,0.0,-0.5932,0.5932
roh3smantibatam,1,0,1,2.8e-05,0.0,-0.5932,0.5932
bulgarian,1,0,1,2.8e-05,0.0,-0.5932,0.5932
insanelimits,1,0,1,2.8e-05,0.0,-0.5932,0.5932
submissions,1,0,1,2.8e-05,0.0,-0.5932,0.5932
rumor,0,1,1,0.0,3.2e-05,0.7931,0.7931
aeroplane,0,1,1,0.0,3.2e-05,0.7931,0.7931
1862,0,1,1,0.0,3.2e-05,0.7931,0.7931
oneborn,1,0,1,2.8e-05,0.0,-0.5932,0.5932
lzktjnox,1,0,1,2.8e-05,0.0,-0.5932,0.5932
noxious,0,1,1,0.0,3.2e-05,0.7931,0.7931
crusade,1,0,1,2.8e-05,0.0,-0.5932,0.5932
flatliners,0,1,1,0.0,3.2e-05,0.7931,0.7931
jewels,0,1,1,0.0,3.2e-05,0.7931,0.7931
nuclearweapons,0,1,1,0.0,3.2e-05,0.7931,0.7931
unreal,0,1,1,0.0,3.2e-05,0.7931,0.7931
studebaker,1,0,1,2.8e-05,0.0,-0.5932,0.5932
hubris,1,0,1,2.8e-05,0.0,-0.5932,0.5932
hough,1,0,1,2.8e-05,0.0,-0.5932,0.5932
resolved,1,0,1,2.8e-05,0.0,-0.5932,0.5932
hlongwane,1,0,1,2.8e-05,0.0,-0.5932,0.5932
languishing,0,1,1,0.0,3.2e-05,0.7931,0.7931
nort,0,1,1,0.0,3.2e-05,0.7931,0.7931
stark,1,0,1,2.8e-05,0.0,-0.5932,0.5932
fwt,1,0,1,2.8e-05,0.0,-0.5932,0.5932
pple,0,1,1,0.0,3.2e-05,0.7931,0.7931
1994,0,1,1,0.0,3.2e-05,0.7931,0.7931
12hr,0,1,1,0.0,3.2e-05,0.7931,0.7931
cams,1,0,1,2.8e-05,0.0,-0.5932,0.5932
ight,1,0,1,2.8e-05,0.0,-0.5932,0.5932
mistaken,0,1,1,0.0,3.2e-05,0.7931,0.7931
pilloried,1,0,1,2.8e-05,0.0,-0.5932,0.5932
passive,1,0,1,2.8e-05,0.0,-0.5932,0.5932
mexican,1,0,1,2.8e-05,0.0,-0.5932,0.5932
hitters,1,0,1,2.8e-05,0.0,-0.5932,0.5932
timing,0,1,1,0.0,3.2e-05,0.7931,0.7931
brilliant,1,0,1,2.8e-05,0.0,-0.5932,0.5932
easter,1,0,1,2.8e-05,0.0,-0.5932,0.5932
practitioner,1,0,1,2.8e-05,0.0,-0.5932,0.5932
kenai,0,1,1,0.0,3.2e-05,0.7931,0.7931
column,0,1,1,0.0,3.2e-05,0.7931,0.7931
shatter,1,0,1,2.8e-05,0.0,-0.5932,0.5932
kung,1,0,1,2.8e-05,0.0,-0.5932,0.5932
navigating,1,0,1,2.8e-05,0.0,-0.5932,0.5932
pbcanpcx,1,0,1,2.8e-05,0.0,-0.5932,0.5932
mkayla,0,1,1,0.0,3.2e-05,0.7931,0.7931
fried,1,0,1,2.8e-05,0.0,-0.5932,0.5932
introducing,1,0,1,2.8e-05,0.0,-0.5932,0.5932
biryani,0,1,1,0.0,3.2e-05,0.7931,0.7931
547,1,0,1,2.8e-05,0.0,-0.5932,0.5932
shaabi,0,1,1,0.0,3.2e-05,0.7931,0.7931
patients,0,1,1,0.0,3.2e-05,0.7931,0.7931
mp3,0,1,1,0.0,3.2e-05,0.7931,0.7931
lancasteronline,0,1,1,0.0,3.2e-05,0.7931,0.7931
mayweathers,1,0,1,2.8e-05,0.0,-0.5932,0.5932
soap,1,0,1,2.8e-05,0.0,-0.5932,0.5932
hed,1,0,1,2.8e-05,0.0,-0.5932,0.5932
wickett,1,0,1,2.8e-05,0.0,-0.5932,0.5932
extract,1,0,1,2.8e-05,0.0,-0.5932,0.5932
harden,1,0,1,2.8e-05,0.0,-0.5932,0.5932
addict,0,1,1,0.0,3.2e-05,0.7931,0.7931
fucktard,0,1,1,0.0,3.2e-05,0.7931,0.7931
unsensibly,0,1,1,0.0,3.2e-05,0.7931,0.7931
galaxy,1,0,1,2.8e-05,0.0,-0.5932,0.5932
sobbing,1,0,1,2.8e-05,0.0,-0.5932,0.5932
seemly,1,0,1,2.8e-05,0.0,-0.5932,0.5932
finsup,1,0,1,2.8e-05,0.0,-0.5932,0.5932
sedar,1,0,1,2.8e-05,0.0,-0.5932,0.5932
tween,0,1,1,0.0,3.2e-05,0.7931,0.7931
dancefloor,1,0,1,2.8e-05,0.0,-0.5932,0.5932
rpn,1,0,1,2.8e-05,0.0,-0.5932,0.5932
affair,1,0,1,2.8e-05,0.0,-0.5932,0.5932
elk,0,1,1,0.0,3.2e-05,0.7931,0.7931
dravet,1,0,1,2.8e-05,0.0,-0.5932,0.5932
existant,1,0,1,2.8e-05,0.0,-0.5932,0.5932
afghetc,0,1,1,0.0,3.2e-05,0.7931,0.7931
hudhud,0,1,1,0.0,3.2e-05,0.7931,0.7931
demonization,0,1,1,0.0,3.2e-05,0.7931,0.7931
bamenda,0,1,1,0.0,3.2e-05,0.7931,0.7931
1500,0,1,1,0.0,3.2e-05,0.7931,0.7931
scheer,1,0,1,2.8e-05,0.0,-0.5932,0.5932
gpv,1,0,1,2.8e-05,0.0,-0.5932,0.5932
dancers,1,0,1,2.8e-05,0.0,-0.5932,0.5932
industrial,1,0,1,2.8e-05,0.0,-0.5932,0.5932
guabxfv,0,1,1,0.0,3.2e-05,0.7931,0.7931
mtr,0,1,1,0.0,3.2e-05,0.7931,0.7931
encyclopedia,0,1,1,0.0,3.2e-05,0.7931,0.7931
quarrels,1,0,1,2.8e-05,0.0,-0.5932,0.5932
m151a1,1,0,1,2.8e-05,0.0,-0.5932,0.5932
monopolized,0,1,1,0.0,3.2e-05,0.7931,0.7931
defs,0,1,1,0.0,3.2e-05,0.7931,0.7931
fiya,0,1,1,0.0,3.2e-05,0.7931,0.7931
creatures,0,1,1,0.0,3.2e-05,0.7931,0.7931
minus,1,0,1,2.8e-05,0.0,-0.5932,0.5932
pdx,1,0,1,2.8e-05,0.0,-0.5932,0.5932
mannequin,1,0,1,2.8e-05,0.0,-0.5932,0.5932
redskins,0,1,1,0.0,3.2e-05,0.7931,0.7931
polit,1,0,1,2.8e-05,0.0,-0.5932,0.5932
palm,1,0,1,2.8e-05,0.0,-0.5932,0.5932
upcoming,0,1,1,0.0,3.2e-05,0.7931,0.7931
cary,0,1,1,0.0,3.2e-05,0.7931,0.7931
mtsalert,0,1,1,0.0,3.2e-05,0.7931,0.7931
toes,0,1,1,0.0,3.2e-05,0.7931,0.7931
megaquake,0,1,1,0.0,3.2e-05,0.7931,0.7931
teduka,0,1,1,0.0,3.2e-05,0.7931,0.7931
safeco,1,0,1,2.8e-05,0.0,-0.5932,0.5932
horoscope,1,0,1,2.8e-05,0.0,-0.5932,0.5932
ashayo,0,1,1,0.0,3.2e-05,0.7931,0.7931
canadasuicide,0,1,1,0.0,3.2e-05,0.7931,0.7931
entertain,1,0,1,2.8e-05,0.0,-0.5932,0.5932
andrea,0,1,1,0.0,3.2e-05,0.7931,0.7931
wantmyabsback,1,0,1,2.8e-05,0.0,-0.5932,0.5932
spouting,0,1,1,0.0,3.2e-05,0.7931,0.7931
mortified,1,0,1,2.8e-05,0.0,-0.5932,0.5932
esoteric,1,0,1,2.8e-05,0.0,-0.5932,0.5932
tapas,1,0,1,2.8e-05,0.0,-0.5932,0.5932
conflicts,1,0,1,2.8e-05,0.0,-0.5932,0.5932
hirsch,1,0,1,2.8e-05,0.0,-0.5932,0.5932
controller,1,0,1,2.8e-05,0.0,-0.5932,0.5932
antiochhickoryhollowtn,0,1,1,0.0,3.2e-05,0.7931,0.7931
fukurodani,0,1,1,0.0,3.2e-05,0.7931,0.7931
defeater,1,0,1,2.8e-05,0.0,-0.5932,0.5932
commentes,1,0,1,2.8e-05,0.0,-0.5932,0.5932
joboozoso,1,0,1,2.8e-05,0.0,-0.5932,0.5932
immensely,1,0,1,2.8e-05,0.0,-0.5932,0.5932
supporting,1,0,1,2.8e-05,0.0,-0.5932,0.5932
molys,1,0,1,2.8e-05,0.0,-0.5932,0.5932
conklin,1,0,1,2.8e-05,0.0,-0.5932,0.5932
lender,1,0,1,2.8e-05,0.0,-0.5932,0.5932
aesop,1,0,1,2.8e-05,0.0,-0.5932,0.5932
timey,1,0,1,2.8e-05,0.0,-0.5932,0.5932
karnal,1,0,1,2.8e-05,0.0,-0.5932,0.5932
disclaimer,1,0,1,2.8e-05,0.0,-0.5932,0.5932
aintsheperty,1,0,1,2.8e-05,0.0,-0.5932,0.5932
thai,1,0,1,2.8e-05,0.0,-0.5932,0.5932
scout,1,0,1,2.8e-05,0.0,-0.5932,0.5932
leaning,1,0,1,2.8e-05,0.0,-0.5932,0.5932
shops,0,1,1,0.0,3.2e-05,0.7931,0.7931
destiel,1,0,1,2.8e-05,0.0,-0.5932,0.5932
epl,1,0,1,2.8e-05,0.0,-0.5932,0.5932
allegedly,0,1,1,0.0,3.2e-05,0.7931,0.7931
actively,1,0,1,2.8e-05,0.0,-0.5932,0.5932
bigsby,1,0,1,2.8e-05,0.0,-0.5932,0.5932
timed,1,0,1,2.8e-05,0.0,-0.5932,0.5932
terrified,1,0,1,2.8e-05,0.0,-0.5932,0.5932
amcx,1,0,1,2.8e-05,0.0,-0.5932,0.5932
postcards,1,0,1,2.8e-05,0.0,-0.5932,0.5932
lifeits,1,0,1,2.8e-05,0.0,-0.5932,0.5932
kennel,1,0,1,2.8e-05,0.0,-0.5932,0.5932
52k,0,1,1,0.0,3.2e-05,0.7931,0.7931
uluru,0,1,1,0.0,3.2e-05,0.7931,0.7931
wxky,0,1,1,0.0,3.2e-05,0.7931,0.7931
endoccupation,0,1,1,0.0,3.2e-05,0.7931,0.7931
zombies,1,0,1,2.8e-05,0.0,-0.5932,0.5932
shines,0,1,1,0.0,3.2e-05,0.7931,0.7931
masse,1,0,1,2.8e-05,0.0,-0.5932,0.5932
preston,1,0,1,2.8e-05,0.0,-0.5932,0.5932
wisdomwed,1,0,1,2.8e-05,0.0,-0.5932,0.5932
hickson,1,0,1,2.8e-05,0.0,-0.5932,0.5932
smallbiz,1,0,1,2.8e-05,0.0,-0.5932,0.5932
andre,1,0,1,2.8e-05,0.0,-0.5932,0.5932
mina,0,1,1,0.0,3.2e-05,0.7931,0.7931
forehead,1,0,1,2.8e-05,0.0,-0.5932,0.5932
hunted,1,0,1,2.8e-05,0.0,-0.5932,0.5932
crooks,1,0,1,2.8e-05,0.0,-0.5932,0.5932
campanha,1,0,1,2.8e-05,0.0,-0.5932,0.5932
marketer,1,0,1,2.8e-05,0.0,-0.5932,0.5932
kach,0,1,1,0.0,3.2e-05,0.7931,0.7931
shattered,0,1,1,0.0,3.2e-05,0.7931,0.7931
illness,0,1,1,0.0,3.2e-05,0.7931,0.7931
cooperstown,1,0,1,2.8e-05,0.0,-0.5932,0.5932
transcend,1,0,1,2.8e-05,0.0,-0.5932,0.5932
compassion,1,0,1,2.8e-05,0.0,-0.5932,0.5932
unlicensed,0,1,1,0.0,3.2e-05,0.7931,0.7931
bigstar,1,0,1,2.8e-05,0.0,-0.5932,0.5932
notes,1,0,1,2.8e-05,0.0,-0.5932,0.5932
neighboring,0,1,1,0.0,3.2e-05,0.7931,0.7931
master0fsloths,1,0,1,2.8e-05,0.0,-0.5932,0.5932
teamo,1,0,1,2.8e-05,0.0,-0.5932,0.5932
fooled,1,0,1,2.8e-05,0.0,-0.5932,0.5932
hump,1,0,1,2.8e-05,0.0,-0.5932,0.5932
clips,1,0,1,2.8e-05,0.0,-0.5932,0.5932
floorburnt,0,1,1,0.0,3.2e-05,0.7931,0.7931
ohgod,1,0,1,2.8e-05,0.0,-0.5932,0.5932
licenses,1,0,1,2.8e-05,0.0,-0.5932,0.5932
malaysiaairlines,0,1,1,0.0,3.2e-05,0.7931,0.7931
hitch,1,0,1,2.8e-05,0.0,-0.5932,0.5932
silas,1,0,1,2.8e-05,0.0,-0.5932,0.5932
cultural,0,1,1,0.0,3.2e-05,0.7931,0.7931
couches,0,1,1,0.0,3.2e-05,0.7931,0.7931
arachys,0,1,1,0.0,3.2e-05,0.7931,0.7931
touching,1,0,1,2.8e-05,0.0,-0.5932,0.5932
nora,1,0,1,2.8e-05,0.0,-0.5932,0.5932
damiengayle,0,1,1,0.0,3.2e-05,0.7931,0.7931
gaming,1,0,1,2.8e-05,0.0,-0.5932,0.5932
montana,1,0,1,2.8e-05,0.0,-0.5932,0.5932
causation,0,1,1,0.0,3.2e-05,0.7931,0.7931
squeaky,0,1,1,0.0,3.2e-05,0.7931,0.7931
banking,0,1,1,0.0,3.2e-05,0.7931,0.7931
dix,1,0,1,2.8e-05,0.0,-0.5932,0.5932
revenge,1,0,1,2.8e-05,0.0,-0.5932,0.5932
annoyed,1,0,1,2.8e-05,0.0,-0.5932,0.5932
void,1,0,1,2.8e-05,0.0,-0.5932,0.5932
ville,0,1,1,0.0,3.2e-05,0.7931,0.7931
calorie,1,0,1,2.8e-05,0.0,-0.5932,0.5932
manifestation,0,1,1,0.0,3.2e-05,0.7931,0.7931
galleria,0,1,1,0.0,3.2e-05,0.7931,0.7931
teamfollowback,0,1,1,0.0,3.2e-05,0.7931,0.7931
stuffin,1,0,1,2.8e-05,0.0,-0.5932,0.5932
emsne,0,1,1,0.0,3.2e-05,0.7931,0.7931
sunrays,1,0,1,2.8e-05,0.0,-0.5932,0.5932
watches,1,0,1,2.8e-05,0.0,-0.5932,0.5932
ensuing,1,0,1,2.8e-05,0.0,-0.5932,0.5932
anderson,1,0,1,2.8e-05,0.0,-0.5932,0.5932
crayons,1,0,1,2.8e-05,0.0,-0.5932,0.5932
neighbor,1,0,1,2.8e-05,0.0,-0.5932,0.5932
beginnings,1,0,1,2.8e-05,0.0,-0.5932,0.5932
vocalist,1,0,1,2.8e-05,0.0,-0.5932,0.5932
nj36,0,1,1,0.0,3.2e-05,0.7931,0.7931
tornadogiveaway,1,0,1,2.8e-05,0.0,-0.5932,0.5932
clock,1,0,1,2.8e-05,0.0,-0.5932,0.5932
ssu,1,0,1,2.8e-05,0.0,-0.5932,0.5932
excellence,1,0,1,2.8e-05,0.0,-0.5932,0.5932
flour,1,0,1,2.8e-05,0.0,-0.5932,0.5932
betting,1,0,1,2.8e-05,0.0,-0.5932,0.5932
dna,0,1,1,0.0,3.2e-05,0.7931,0.7931
situ,1,0,1,2.8e-05,0.0,-0.5932,0.5932
eyeball,1,0,1,2.8e-05,0.0,-0.5932,0.5932
desecrates,1,0,1,2.8e-05,0.0,-0.5932,0.5932
humanitarian,0,1,1,0.0,3.2e-05,0.7931,0.7931
melts,0,1,1,0.0,3.2e-05,0.7931,0.7931
buildup,0,1,1,0.0,3.2e-05,0.7931,0.7931
ting,0,1,1,0.0,3.2e-05,0.7931,0.7931
peasants,0,1,1,0.0,3.2e-05,0.7931,0.7931
sirmixalot,1,0,1,2.8e-05,0.0,-0.5932,0.5932
mk2,1,0,1,2.8e-05,0.0,-0.5932,0.5932
altamonte,1,0,1,2.8e-05,0.0,-0.5932,0.5932
hwy401,0,1,1,0.0,3.2e-05,0.7931,0.7931
agent,1,0,1,2.8e-05,0.0,-0.5932,0.5932
router,1,0,1,2.8e-05,0.0,-0.5932,0.5932
engines,0,1,1,0.0,3.2e-05,0.7931,0.7931
collectibles,1,0,1,2.8e-05,0.0,-0.5932,0.5932
chalked,1,0,1,2.8e-05,0.0,-0.5932,0.5932
lolla,0,1,1,0.0,3.2e-05,0.7931,0.7931
sucking,1,0,1,2.8e-05,0.0,-0.5932,0.5932
jesse,1,0,1,2.8e-05,0.0,-0.5932,0.5932
freeing,1,0,1,2.8e-05,0.0,-0.5932,0.5932
samsung,1,0,1,2.8e-05,0.0,-0.5932,0.5932
mics,1,0,1,2.8e-05,0.0,-0.5932,0.5932
mask,1,0,1,2.8e-05,0.0,-0.5932,0.5932
us101,0,1,1,0.0,3.2e-05,0.7931,0.7931
lowered,1,0,1,2.8e-05,0.0,-0.5932,0.5932
drumming,1,0,1,2.8e-05,0.0,-0.5932,0.5932
vanpoli,0,1,1,0.0,3.2e-05,0.7931,0.7931
hanover,0,1,1,0.0,3.2e-05,0.7931,0.7931
foamcc,1,0,1,2.8e-05,0.0,-0.5932,0.5932
fwd,1,0,1,2.8e-05,0.0,-0.5932,0.5932
directory,1,0,1,2.8e-05,0.0,-0.5932,0.5932
ryans,0,1,1,0.0,3.2e-05,0.7931,0.7931
bowery,1,0,1,2.8e-05,0.0,-0.5932,0.5932
wreak,0,1,1,0.0,3.2e-05,0.7931,0.7931
optical,0,1,1,0.0,3.2e-05,0.7931,0.7931
stavola,1,0,1,2.8e-05,0.0,-0.5932,0.5932
kfc,1,0,1,2.8e-05,0.0,-0.5932,0.5932
sizygwwf,1,0,1,2.8e-05,0.0,-0.5932,0.5932
marr,1,0,1,2.8e-05,0.0,-0.5932,0.5932
nittys,1,0,1,2.8e-05,0.0,-0.5932,0.5932
leitchfield,0,1,1,0.0,3.2e-05,0.7931,0.7931
bluff,0,1,1,0.0,3.2e-05,0.7931,0.7931
cannabis,1,0,1,2.8e-05,0.0,-0.5932,0.5932
kamloops,0,1,1,0.0,3.2e-05,0.7931,0.7931
ect,1,0,1,2.8e-05,0.0,-0.5932,0.5932
butgod,0,1,1,0.0,3.2e-05,0.7931,0.7931
loyalty,1,0,1,2.8e-05,0.0,-0.5932,0.5932
death2usa,1,0,1,2.8e-05,0.0,-0.5932,0.5932
239,0,1,1,0.0,3.2e-05,0.7931,0.7931
slay,0,1,1,0.0,3.2e-05,0.7931,0.7931
correcting,0,1,1,0.0,3.2e-05,0.7931,0.7931
teleported,1,0,1,2.8e-05,0.0,-0.5932,0.5932
weddings,1,0,1,2.8e-05,0.0,-0.5932,0.5932
crawling,0,1,1,0.0,3.2e-05,0.7931,0.7931
tj,1,0,1,2.8e-05,0.0,-0.5932,0.5932
round2,0,1,1,0.0,3.2e-05,0.7931,0.7931
wednes,0,1,1,0.0,3.2e-05,0.7931,0.7931
pastor,0,1,1,0.0,3.2e-05,0.7931,0.7931
involves,1,0,1,2.8e-05,0.0,-0.5932,0.5932
trophy,0,1,1,0.0,3.2e-05,0.7931,0.7931
humid,1,0,1,2.8e-05,0.0,-0.5932,0.5932
ibrahimmisau,0,1,1,0.0,3.2e-05,0.7931,0.7931
alas,1,0,1,2.8e-05,0.0,-0.5932,0.5932
align,1,0,1,2.8e-05,0.0,-0.5932,0.5932
charmeuse,1,0,1,2.8e-05,0.0,-0.5932,0.5932
archetype,1,0,1,2.8e-05,0.0,-0.5932,0.5932
escorts,1,0,1,2.8e-05,0.0,-0.5932,0.5932
mysteries,1,0,1,2.8e-05,0.0,-0.5932,0.5932
sanders,0,1,1,0.0,3.2e-05,0.7931,0.7931
encoded,0,1,1,0.0,3.2e-05,0.7931,0.7931
rebelled,0,1,1,0.0,3.2e-05,0.7931,0.7931
dorette,1,0,1,2.8e-05,0.0,-0.5932,0.5932
fanboys,1,0,1,2.8e-05,0.0,-0.5932,0.5932
ahrar,1,0,1,2.8e-05,0.0,-0.5932,0.5932
1200000,0,1,1,0.0,3.2e-05,0.7931,0.7931
waimea,1,0,1,2.8e-05,0.0,-0.5932,0.5932
apperception,1,0,1,2.8e-05,0.0,-0.5932,0.5932
subsd,0,1,1,0.0,3.2e-05,0.7931,0.7931
disowns,0,1,1,0.0,3.2e-05,0.7931,0.7931
30min,0,1,1,0.0,3.2e-05,0.7931,0.7931
blank,1,0,1,2.8e-05,0.0,-0.5932,0.5932
brasswork,1,0,1,2.8e-05,0.0,-0.5932,0.5932
filling,1,0,1,2.8e-05,0.0,-0.5932,0.5932
intro,1,0,1,2.8e-05,0.0,-0.5932,0.5932
seawalls,0,1,1,0.0,3.2e-05,0.7931,0.7931
prohibits,1,0,1,2.8e-05,0.0,-0.5932,0.5932
r1354,1,0,1,2.8e-05,0.0,-0.5932,0.5932
diretube,0,1,1,0.0,3.2e-05,0.7931,0.7931
convertible,1,0,1,2.8e-05,0.0,-0.5932,0.5932
riooooos,0,1,1,0.0,3.2e-05,0.7931,0.7931
ime,1,0,1,2.8e-05,0.0,-0.5932,0.5932
strangers,1,0,1,2.8e-05,0.0,-0.5932,0.5932
splattershot,1,0,1,2.8e-05,0.0,-0.5932,0.5932
cityofmemphis,1,0,1,2.8e-05,0.0,-0.5932,0.5932
250,1,0,1,2.8e-05,0.0,-0.5932,0.5932
closure,0,1,1,0.0,3.2e-05,0.7931,0.7931
revel,1,0,1,2.8e-05,0.0,-0.5932,0.5932
worldvision,0,1,1,0.0,3.2e-05,0.7931,0.7931
bounced,0,1,1,0.0,3.2e-05,0.7931,0.7931
bury,1,0,1,2.8e-05,0.0,-0.5932,0.5932
0840728,1,0,1,2.8e-05,0.0,-0.5932,0.5932
practicing,1,0,1,2.8e-05,0.0,-0.5932,0.5932
pee,1,0,1,2.8e-05,0.0,-0.5932,0.5932
fn,1,0,1,2.8e-05,0.0,-0.5932,0.5932
a1a,0,1,1,0.0,3.2e-05,0.7931,0.7931
hired,1,0,1,2.8e-05,0.0,-0.5932,0.5932
discount,1,0,1,2.8e-05,0.0,-0.5932,0.5932
pisces,1,0,1,2.8e-05,0.0,-0.5932,0.5932
brbrs,1,0,1,2.8e-05,0.0,-0.5932,0.5932
zippers,1,0,1,2.8e-05,0.0,-0.5932,0.5932
eminem,1,0,1,2.8e-05,0.0,-0.5932,0.5932
apologies,1,0,1,2.8e-05,0.0,-0.5932,0.5932
kaldi,1,0,1,2.8e-05,0.0,-0.5932,0.5932
bowe,0,1,1,0.0,3.2e-05,0.7931,0.7931
corii,1,0,1,2.8e-05,0.0,-0.5932,0.5932
hacked,1,0,1,2.8e-05,0.0,-0.5932,0.5932
shad,1,0,1,2.8e-05,0.0,-0.5932,0.5932
nopower,0,1,1,0.0,3.2e-05,0.7931,0.7931
argentinean,1,0,1,2.8e-05,0.0,-0.5932,0.5932
shud,0,1,1,0.0,3.2e-05,0.7931,0.7931
withstand,0,1,1,0.0,3.2e-05,0.7931,0.7931
skh,0,1,1,0.0,3.2e-05,0.7931,0.7931
notrocketscience,0,1,1,0.0,3.2e-05,0.7931,0.7931
borderlands,1,0,1,2.8e-05,0.0,-0.5932,0.5932
coun,0,1,1,0.0,3.2e-05,0.7931,0.7931
creamfields,1,0,1,2.8e-05,0.0,-0.5932,0.5932
weep,0,1,1,0.0,3.2e-05,0.7931,0.7931
testicles,1,0,1,2.8e-05,0.0,-0.5932,0.5932
passion,1,0,1,2.8e-05,0.0,-0.5932,0.5932
klondike,1,0,1,2.8e-05,0.0,-0.5932,0.5932
tattoos,0,1,1,0.0,3.2e-05,0.7931,0.7931
bushs,0,1,1,0.0,3.2e-05,0.7931,0.7931
humanityi,0,1,1,0.0,3.2e-05,0.7931,0.7931
sorrybutitstrue,1,0,1,2.8e-05,0.0,-0.5932,0.5932
camilas,1,0,1,2.8e-05,0.0,-0.5932,0.5932
filipino,1,0,1,2.8e-05,0.0,-0.5932,0.5932
tarmineta3,1,0,1,2.8e-05,0.0,-0.5932,0.5932
patrickjbutler,0,1,1,0.0,3.2e-05,0.7931,0.7931
sen,0,1,1,0.0,3.2e-05,0.7931,0.7931
backroom,1,0,1,2.8e-05,0.0,-0.5932,0.5932
hicksville,1,0,1,2.8e-05,0.0,-0.5932,0.5932
dfljev,0,1,1,0.0,3.2e-05,0.7931,0.7931
noirandeal,0,1,1,0.0,3.2e-05,0.7931,0.7931
dynasty,1,0,1,2.8e-05,0.0,-0.5932,0.5932
mmmm,1,0,1,2.8e-05,0.0,-0.5932,0.5932
blinked,1,0,1,2.8e-05,0.0,-0.5932,0.5932
spacex,0,1,1,0.0,3.2e-05,0.7931,0.7931
reidlake,0,1,1,0.0,3.2e-05,0.7931,0.7931
claiming,0,1,1,0.0,3.2e-05,0.7931,0.7931
homebuyer,1,0,1,2.8e-05,0.0,-0.5932,0.5932
achievement,1,0,1,2.8e-05,0.0,-0.5932,0.5932
544,1,0,1,2.8e-05,0.0,-0.5932,0.5932
christianvalues,1,0,1,2.8e-05,0.0,-0.5932,0.5932
creel,1,0,1,2.8e-05,0.0,-0.5932,0.5932
metepec,0,1,1,0.0,3.2e-05,0.7931,0.7931
socially,0,1,1,0.0,3.2e-05,0.7931,0.7931
yycweather,0,1,1,0.0,3.2e-05,0.7931,0.7931
slated,0,1,1,0.0,3.2e-05,0.7931,0.7931
evildead,1,0,1,2.8e-05,0.0,-0.5932,0.5932
theirs,1,0,1,2.8e-05,0.0,-0.5932,0.5932
justsaying,1,0,1,2.8e-05,0.0,-0.5932,0.5932
gunners,1,0,1,2.8e-05,0.0,-0.5932,0.5932
kororinpa,1,0,1,2.8e-05,0.0,-0.5932,0.5932
ward,1,0,1,2.8e-05,0.0,-0.5932,0.5932
xmas,1,0,1,2.8e-05,0.0,-0.5932,0.5932
demonstration,1,0,1,2.8e-05,0.0,-0.5932,0.5932
protesters,0,1,1,0.0,3.2e-05,0.7931,0.7931
humphrey,0,1,1,0.0,3.2e-05,0.7931,0.7931
kwwwkwwwk,1,0,1,2.8e-05,0.0,-0.5932,0.5932
tip,0,1,1,0.0,3.2e-05,0.7931,0.7931
reg,0,1,1,0.0,3.2e-05,0.7931,0.7931
pills,1,0,1,2.8e-05,0.0,-0.5932,0.5932
toughens,1,0,1,2.8e-05,0.0,-0.5932,0.5932
clerical,1,0,1,2.8e-05,0.0,-0.5932,0.5932
erected,0,1,1,0.0,3.2e-05,0.7931,0.7931
138,1,0,1,2.8e-05,0.0,-0.5932,0.5932
missy,1,0,1,2.8e-05,0.0,-0.5932,0.5932
peritoengrafoscopia,0,1,1,0.0,3.2e-05,0.7931,0.7931
cal,0,1,1,0.0,3.2e-05,0.7931,0.7931
ricin,0,1,1,0.0,3.2e-05,0.7931,0.7931
mandem,0,1,1,0.0,3.2e-05,0.7931,0.7931
modis,0,1,1,0.0,3.2e-05,0.7931,0.7931
electrocutedboiling,1,0,1,2.8e-05,0.0,-0.5932,0.5932
citing,0,1,1,0.0,3.2e-05,0.7931,0.7931
obligations,0,1,1,0.0,3.2e-05,0.7931,0.7931
khans,1,0,1,2.8e-05,0.0,-0.5932,0.5932
summerslam,1,0,1,2.8e-05,0.0,-0.5932,0.5932
praying,1,0,1,2.8e-05,0.0,-0.5932,0.5932
remodeled,0,1,1,0.0,3.2e-05,0.7931,0.7931
farmr,1,0,1,2.8e-05,0.0,-0.5932,0.5932
growingupspoiled,1,0,1,2.8e-05,0.0,-0.5932,0.5932
jerseys,1,0,1,2.8e-05,0.0,-0.5932,0.5932
airlift,0,1,1,0.0,3.2e-05,0.7931,0.7931
patterns,1,0,1,2.8e-05,0.0,-0.5932,0.5932
landolina,1,0,1,2.8e-05,0.0,-0.5932,0.5932
20000k,0,1,1,0.0,3.2e-05,0.7931,0.7931
consciousness,1,0,1,2.8e-05,0.0,-0.5932,0.5932
savs,1,0,1,2.8e-05,0.0,-0.5932,0.5932
manhood,1,0,1,2.8e-05,0.0,-0.5932,0.5932
thisispublichealth,1,0,1,2.8e-05,0.0,-0.5932,0.5932
indiatv,0,1,1,0.0,3.2e-05,0.7931,0.7931
30p,1,0,1,2.8e-05,0.0,-0.5932,0.5932
fel,0,1,1,0.0,3.2e-05,0.7931,0.7931
19th,0,1,1,0.0,3.2e-05,0.7931,0.7931
epiphanes,1,0,1,2.8e-05,0.0,-0.5932,0.5932
principle,1,0,1,2.8e-05,0.0,-0.5932,0.5932
uhhhhh,1,0,1,2.8e-05,0.0,-0.5932,0.5932
nvr,0,1,1,0.0,3.2e-05,0.7931,0.7931
acenewsdesk,0,1,1,0.0,3.2e-05,0.7931,0.7931
routing,1,0,1,2.8e-05,0.0,-0.5932,0.5932
vulnera,0,1,1,0.0,3.2e-05,0.7931,0.7931
speedtech,1,0,1,2.8e-05,0.0,-0.5932,0.5932
hunterston,0,1,1,0.0,3.2e-05,0.7931,0.7931
bmx,0,1,1,0.0,3.2e-05,0.7931,0.7931
fiat,1,0,1,2.8e-05,0.0,-0.5932,0.5932
pt4,0,1,1,0.0,3.2e-05,0.7931,0.7931
mondays,1,0,1,2.8e-05,0.0,-0.5932,0.5932
credited,1,0,1,2.8e-05,0.0,-0.5932,0.5932
fuddy,0,1,1,0.0,3.2e-05,0.7931,0.7931
booty,1,0,1,2.8e-05,0.0,-0.5932,0.5932
susiya,0,1,1,0.0,3.2e-05,0.7931,0.7931
audiences,1,0,1,2.8e-05,0.0,-0.5932,0.5932
slew,1,0,1,2.8e-05,0.0,-0.5932,0.5932
xvii,1,0,1,2.8e-05,0.0,-0.5932,0.5932
wished,1,0,1,2.8e-05,0.0,-0.5932,0.5932
dilutional,1,0,1,2.8e-05,0.0,-0.5932,0.5932
mht,0,1,1,0.0,3.2e-05,0.7931,0.7931
magog,1,0,1,2.8e-05,0.0,-0.5932,0.5932
kurokobot,0,1,1,0.0,3.2e-05,0.7931,0.7931
okayyyyyy,0,1,1,0.0,3.2e-05,0.7931,0.7931
hotspot,1,0,1,2.8e-05,0.0,-0.5932,0.5932
hilly,0,1,1,0.0,3.2e-05,0.7931,0.7931
holodomor,0,1,1,0.0,3.2e-05,0.7931,0.7931
noranda,0,1,1,0.0,3.2e-05,0.7931,0.7931
sayin,1,0,1,2.8e-05,0.0,-0.5932,0.5932
oneheartonemindonecss,0,1,1,0.0,3.2e-05,0.7931,0.7931
gaia,1,0,1,2.8e-05,0.0,-0.5932,0.5932
elxn42,1,0,1,2.8e-05,0.0,-0.5932,0.5932
morevoices,0,1,1,0.0,3.2e-05,0.7931,0.7931
winnipeg,0,1,1,0.0,3.2e-05,0.7931,0.7931
13pm,0,1,1,0.0,3.2e-05,0.7931,0.7931
thranduil,1,0,1,2.8e-05,0.0,-0.5932,0.5932
3pack,1,0,1,2.8e-05,0.0,-0.5932,0.5932
mencius,1,0,1,2.8e-05,0.0,-0.5932,0.5932
departments,1,0,1,2.8e-05,0.0,-0.5932,0.5932
instincts,1,0,1,2.8e-05,0.0,-0.5932,0.5932
compliance,0,1,1,0.0,3.2e-05,0.7931,0.7931
bella,0,1,1,0.0,3.2e-05,0.7931,0.7931
hawaiianpaddlesports,0,1,1,0.0,3.2e-05,0.7931,0.7931
delphi,1,0,1,2.8e-05,0.0,-0.5932,0.5932
outright,0,1,1,0.0,3.2e-05,0.7931,0.7931
coalitions,1,0,1,2.8e-05,0.0,-0.5932,0.5932
semi,1,0,1,2.8e-05,0.0,-0.5932,0.5932
twx,1,0,1,2.8e-05,0.0,-0.5932,0.5932
decoration,1,0,1,2.8e-05,0.0,-0.5932,0.5932
huzzah,1,0,1,2.8e-05,0.0,-0.5932,0.5932
bolster,0,1,1,0.0,3.2e-05,0.7931,0.7931
bkn025,1,0,1,2.8e-05,0.0,-0.5932,0.5932
loot,0,1,1,0.0,3.2e-05,0.7931,0.7931
visiting,1,0,1,2.8e-05,0.0,-0.5932,0.5932
bard,1,0,1,2.8e-05,0.0,-0.5932,0.5932
aerospace,0,1,1,0.0,3.2e-05,0.7931,0.7931
senators,0,1,1,0.0,3.2e-05,0.7931,0.7931
beaverton,0,1,1,0.0,3.2e-05,0.7931,0.7931
heli,0,1,1,0.0,3.2e-05,0.7931,0.7931
qave,1,0,1,2.8e-05,0.0,-0.5932,0.5932
ecstatic,1,0,1,2.8e-05,0.0,-0.5932,0.5932
fluffy,1,0,1,2.8e-05,0.0,-0.5932,0.5932
adamantly,0,1,1,0.0,3.2e-05,0.7931,0.7931
marge,1,0,1,2.8e-05,0.0,-0.5932,0.5932
catcher,1,0,1,2.8e-05,0.0,-0.5932,0.5932
epoch,1,0,1,2.8e-05,0.0,-0.5932,0.5932
reed,1,0,1,2.8e-05,0.0,-0.5932,0.5932
ari,1,0,1,2.8e-05,0.0,-0.5932,0.5932
traction,1,0,1,2.8e-05,0.0,-0.5932,0.5932
a7,0,1,1,0.0,3.2e-05,0.7931,0.7931
sneaks,0,1,1,0.0,3.2e-05,0.7931,0.7931
trained,0,1,1,0.0,3.2e-05,0.7931,0.7931
appease,1,0,1,2.8e-05,0.0,-0.5932,0.5932
rivalry,1,0,1,2.8e-05,0.0,-0.5932,0.5932
machismo,1,0,1,2.8e-05,0.0,-0.5932,0.5932
mattress,1,0,1,2.8e-05,0.0,-0.5932,0.5932
rodkiai,0,1,1,0.0,3.2e-05,0.7931,0.7931
shield,1,0,1,2.8e-05,0.0,-0.5932,0.5932
bentley,1,0,1,2.8e-05,0.0,-0.5932,0.5932
palmer,1,0,1,2.8e-05,0.0,-0.5932,0.5932
toenail,1,0,1,2.8e-05,0.0,-0.5932,0.5932
trace,0,1,1,0.0,3.2e-05,0.7931,0.7931
entity,0,1,1,0.0,3.2e-05,0.7931,0.7931
vickers,1,0,1,2.8e-05,0.0,-0.5932,0.5932
umbrella,1,0,1,2.8e-05,0.0,-0.5932,0.5932
tu,1,0,1,2.8e-05,0.0,-0.5932,0.5932
phandom,1,0,1,2.8e-05,0.0,-0.5932,0.5932
sandwich,1,0,1,2.8e-05,0.0,-0.5932,0.5932
bali,0,1,1,0.0,3.2e-05,0.7931,0.7931
aus,1,0,1,2.8e-05,0.0,-0.5932,0.5932
blaming,1,0,1,2.8e-05,0.0,-0.5932,0.5932
tren,1,0,1,2.8e-05,0.0,-0.5932,0.5932
buffetts,1,0,1,2.8e-05,0.0,-0.5932,0.5932
stalins,0,1,1,0.0,3.2e-05,0.7931,0.7931
klitschko,1,0,1,2.8e-05,0.0,-0.5932,0.5932
manual,1,0,1,2.8e-05,0.0,-0.5932,0.5932
romeo,1,0,1,2.8e-05,0.0,-0.5932,0.5932
19yrs,1,0,1,2.8e-05,0.0,-0.5932,0.5932
2327564d,1,0,1,2.8e-05,0.0,-0.5932,0.5932
kiddie,1,0,1,2.8e-05,0.0,-0.5932,0.5932
morels,1,0,1,2.8e-05,0.0,-0.5932,0.5932
ufn,0,1,1,0.0,3.2e-05,0.7931,0.7931
4pm,1,0,1,2.8e-05,0.0,-0.5932,0.5932
runnin,1,0,1,2.8e-05,0.0,-0.5932,0.5932
tkyonly1fmk,1,0,1,2.8e-05,0.0,-0.5932,0.5932
kabwandi,1,0,1,2.8e-05,0.0,-0.5932,0.5932
100bn,0,1,1,0.0,3.2e-05,0.7931,0.7931
vivaargentina,1,0,1,2.8e-05,0.0,-0.5932,0.5932
sacrifice,1,0,1,2.8e-05,0.0,-0.5932,0.5932
molloy,0,1,1,0.0,3.2e-05,0.7931,0.7931
relay,0,1,1,0.0,3.2e-05,0.7931,0.7931
tozlet,1,0,1,2.8e-05,0.0,-0.5932,0.5932
liqd,1,0,1,2.8e-05,0.0,-0.5932,0.5932
friendships,1,0,1,2.8e-05,0.0,-0.5932,0.5932
ploppy,1,0,1,2.8e-05,0.0,-0.5932,0.5932
hull,1,0,1,2.8e-05,0.0,-0.5932,0.5932
oryx,0,1,1,0.0,3.2e-05,0.7931,0.7931
treaty,0,1,1,0.0,3.2e-05,0.7931,0.7931
dice,0,1,1,0.0,3.2e-05,0.7931,0.7931
hairdryer,1,0,1,2.8e-05,0.0,-0.5932,0.5932
calgarians,0,1,1,0.0,3.2e-05,0.7931,0.7931
huntington,1,0,1,2.8e-05,0.0,-0.5932,0.5932
copper,1,0,1,2.8e-05,0.0,-0.5932,0.5932
arse,1,0,1,2.8e-05,0.0,-0.5932,0.5932
checking,1,0,1,2.8e-05,0.0,-0.5932,0.5932
plotted,1,0,1,2.8e-05,0.0,-0.5932,0.5932
victorian,1,0,1,2.8e-05,0.0,-0.5932,0.5932
killhard,0,1,1,0.0,3.2e-05,0.7931,0.7931
inspect,1,0,1,2.8e-05,0.0,-0.5932,0.5932
3km,0,1,1,0.0,3.2e-05,0.7931,0.7931
recognition,1,0,1,2.8e-05,0.0,-0.5932,0.5932
mane,1,0,1,2.8e-05,0.0,-0.5932,0.5932
prysmian,1,0,1,2.8e-05,0.0,-0.5932,0.5932
mataas,1,0,1,2.8e-05,0.0,-0.5932,0.5932
netlabel,1,0,1,2.8e-05,0.0,-0.5932,0.5932
saves,0,1,1,0.0,3.2e-05,0.7931,0.7931
ep016,1,0,1,2.8e-05,0.0,-0.5932,0.5932
claiborne,1,0,1,2.8e-05,0.0,-0.5932,0.5932
ocnj,0,1,1,0.0,3.2e-05,0.7931,0.7931
saison,1,0,1,2.8e-05,0.0,-0.5932,0.5932
caves,1,0,1,2.8e-05,0.0,-0.5932,0.5932
yday,0,1,1,0.0,3.2e-05,0.7931,0.7931
pd,1,0,1,2.8e-05,0.0,-0.5932,0.5932
tedcruz2016,0,1,1,0.0,3.2e-05,0.7931,0.7931
wimbledon,1,0,1,2.8e-05,0.0,-0.5932,0.5932
sct012,1,0,1,2.8e-05,0.0,-0.5932,0.5932
surety,1,0,1,2.8e-05,0.0,-0.5932,0.5932
invading,0,1,1,0.0,3.2e-05,0.7931,0.7931
jinx,1,0,1,2.8e-05,0.0,-0.5932,0.5932
b2bagency,1,0,1,2.8e-05,0.0,-0.5932,0.5932
propelled,1,0,1,2.8e-05,0.0,-0.5932,0.5932
clogs,0,1,1,0.0,3.2e-05,0.7931,0.7931
tactful,0,1,1,0.0,3.2e-05,0.7931,0.7931
boasting,0,1,1,0.0,3.2e-05,0.7931,0.7931
nears,0,1,1,0.0,3.2e-05,0.7931,0.7931
sip,1,0,1,2.8e-05,0.0,-0.5932,0.5932
carriage,0,1,1,0.0,3.2e-05,0.7931,0.7931
shoppe,1,0,1,2.8e-05,0.0,-0.5932,0.5932
heartland,1,0,1,2.8e-05,0.0,-0.5932,0.5932
rememberrabaa,0,1,1,0.0,3.2e-05,0.7931,0.7931
xavier,1,0,1,2.8e-05,0.0,-0.5932,0.5932
sticking,1,0,1,2.8e-05,0.0,-0.5932,0.5932
hartford,0,1,1,0.0,3.2e-05,0.7931,0.7931
ham,1,0,1,2.8e-05,0.0,-0.5932,0.5932
drawing,1,0,1,2.8e-05,0.0,-0.5932,0.5932
hampered,1,0,1,2.8e-05,0.0,-0.5932,0.5932
sexist,1,0,1,2.8e-05,0.0,-0.5932,0.5932
purposely,1,0,1,2.8e-05,0.0,-0.5932,0.5932
strutted,1,0,1,2.8e-05,0.0,-0.5932,0.5932
vermilion,1,0,1,2.8e-05,0.0,-0.5932,0.5932
canceling,1,0,1,2.8e-05,0.0,-0.5932,0.5932
hoo,0,1,1,0.0,3.2e-05,0.7931,0.7931
90s,0,1,1,0.0,3.2e-05,0.7931,0.7931
weatherit,0,1,1,0.0,3.2e-05,0.7931,0.7931
requests,0,1,1,0.0,3.2e-05,0.7931,0.7931
highland,0,1,1,0.0,3.2e-05,0.7931,0.7931
hobby,0,1,1,0.0,3.2e-05,0.7931,0.7931
achieve,1,0,1,2.8e-05,0.0,-0.5932,0.5932
printable,1,0,1,2.8e-05,0.0,-0.5932,0.5932
lookg,0,1,1,0.0,3.2e-05,0.7931,0.7931
knockout,1,0,1,2.8e-05,0.0,-0.5932,0.5932
q13,0,1,1,0.0,3.2e-05,0.7931,0.7931
12m,0,1,1,0.0,3.2e-05,0.7931,0.7931
emv,0,1,1,0.0,3.2e-05,0.7931,0.7931
carefully,1,0,1,2.8e-05,0.0,-0.5932,0.5932
wooden,1,0,1,2.8e-05,0.0,-0.5932,0.5932
natures,1,0,1,2.8e-05,0.0,-0.5932,0.5932
washing,0,1,1,0.0,3.2e-05,0.7931,0.7931
disasterrecovery,0,1,1,0.0,3.2e-05,0.7931,0.7931
berahino,1,0,1,2.8e-05,0.0,-0.5932,0.5932
gentle,0,1,1,0.0,3.2e-05,0.7931,0.7931
atc,0,1,1,0.0,3.2e-05,0.7931,0.7931
rolo,1,0,1,2.8e-05,0.0,-0.5932,0.5932
disarmed,0,1,1,0.0,3.2e-05,0.7931,0.7931
reduces,1,0,1,2.8e-05,0.0,-0.5932,0.5932
familiar,1,0,1,2.8e-05,0.0,-0.5932,0.5932
yessum,1,0,1,2.8e-05,0.0,-0.5932,0.5932
anytime,0,1,1,0.0,3.2e-05,0.7931,0.7931
1717,0,1,1,0.0,3.2e-05,0.7931,0.7931
funniest,1,0,1,2.8e-05,0.0,-0.5932,0.5932
coil,1,0,1,2.8e-05,0.0,-0.5932,0.5932
ripriprip,1,0,1,2.8e-05,0.0,-0.5932,0.5932
soggy,1,0,1,2.8e-05,0.0,-0.5932,0.5932
mandate,0,1,1,0.0,3.2e-05,0.7931,0.7931
nurgle,1,0,1,2.8e-05,0.0,-0.5932,0.5932
manifesting,0,1,1,0.0,3.2e-05,0.7931,0.7931
protein,1,0,1,2.8e-05,0.0,-0.5932,0.5932
u2,1,0,1,2.8e-05,0.0,-0.5932,0.5932
ser,0,1,1,0.0,3.2e-05,0.7931,0.7931
landscapes,1,0,1,2.8e-05,0.0,-0.5932,0.5932
elgato,1,0,1,2.8e-05,0.0,-0.5932,0.5932
peacetime,0,1,1,0.0,3.2e-05,0.7931,0.7931
quit,1,0,1,2.8e-05,0.0,-0.5932,0.5932
norfolk,0,1,1,0.0,3.2e-05,0.7931,0.7931
cognizant,1,0,1,2.8e-05,0.0,-0.5932,0.5932
threatintel,1,0,1,2.8e-05,0.0,-0.5932,0.5932
fitzgerald,0,1,1,0.0,3.2e-05,0.7931,0.7931
oup,1,0,1,2.8e-05,0.0,-0.5932,0.5932
amreading,1,0,1,2.8e-05,0.0,-0.5932,0.5932
ldnr,0,1,1,0.0,3.2e-05,0.7931,0.7931
childhooddefined,1,0,1,2.8e-05,0.0,-0.5932,0.5932
recovered,0,1,1,0.0,3.2e-05,0.7931,0.7931
